<?xml version="1.0" encoding="utf-8"?>
<resources><dimen name="layout_y_0">0.0px</dimen>
<dimen name="layout_y_1">1.0px</dimen>
<dimen name="layout_y_2">3.0px</dimen>
<dimen name="layout_y_3">5.0px</dimen>
<dimen name="layout_y_4">6.0px</dimen>
<dimen name="layout_y_5">8.0px</dimen>
<dimen name="layout_y_6">10.0px</dimen>
<dimen name="layout_y_7">11.0px</dimen>
<dimen name="layout_y_8">13.0px</dimen>
<dimen name="layout_y_9">15.0px</dimen>
<dimen name="layout_y_10">16.0px</dimen>
<dimen name="layout_y_11">18.0px</dimen>
<dimen name="layout_y_12">20.0px</dimen>
<dimen name="layout_y_13">21.0px</dimen>
<dimen name="layout_y_14">23.0px</dimen>
<dimen name="layout_y_15">25.0px</dimen>
<dimen name="layout_y_16">26.0px</dimen>
<dimen name="layout_y_17">28.0px</dimen>
<dimen name="layout_y_18">30.0px</dimen>
<dimen name="layout_y_19">31.0px</dimen>
<dimen name="layout_y_20">33.0px</dimen>
<dimen name="layout_y_21">35.0px</dimen>
<dimen name="layout_y_22">36.0px</dimen>
<dimen name="layout_y_23">38.0px</dimen>
<dimen name="layout_y_24">40.0px</dimen>
<dimen name="layout_y_25">41.0px</dimen>
<dimen name="layout_y_26">43.0px</dimen>
<dimen name="layout_y_27">45.0px</dimen>
<dimen name="layout_y_28">46.0px</dimen>
<dimen name="layout_y_29">48.0px</dimen>
<dimen name="layout_y_30">50.0px</dimen>
<dimen name="layout_y_31">51.0px</dimen>
<dimen name="layout_y_32">53.0px</dimen>
<dimen name="layout_y_33">55.0px</dimen>
<dimen name="layout_y_34">56.0px</dimen>
<dimen name="layout_y_35">58.0px</dimen>
<dimen name="layout_y_36">60.0px</dimen>
<dimen name="layout_y_37">61.0px</dimen>
<dimen name="layout_y_38">63.0px</dimen>
<dimen name="layout_y_39">65.0px</dimen>
<dimen name="layout_y_40">66.0px</dimen>
<dimen name="layout_y_41">68.0px</dimen>
<dimen name="layout_y_42">70.0px</dimen>
<dimen name="layout_y_43">71.0px</dimen>
<dimen name="layout_y_44">73.0px</dimen>
<dimen name="layout_y_45">75.0px</dimen>
<dimen name="layout_y_46">76.0px</dimen>
<dimen name="layout_y_47">78.0px</dimen>
<dimen name="layout_y_48">80.0px</dimen>
<dimen name="layout_y_49">81.0px</dimen>
<dimen name="layout_y_50">83.0px</dimen>
<dimen name="layout_y_51">85.0px</dimen>
<dimen name="layout_y_52">86.0px</dimen>
<dimen name="layout_y_53">88.0px</dimen>
<dimen name="layout_y_54">90.0px</dimen>
<dimen name="layout_y_55">91.0px</dimen>
<dimen name="layout_y_56">93.0px</dimen>
<dimen name="layout_y_57">95.0px</dimen>
<dimen name="layout_y_58">96.0px</dimen>
<dimen name="layout_y_59">98.0px</dimen>
<dimen name="layout_y_60">100.0px</dimen>
<dimen name="layout_y_61">101.0px</dimen>
<dimen name="layout_y_62">103.0px</dimen>
<dimen name="layout_y_63">105.0px</dimen>
<dimen name="layout_y_64">106.0px</dimen>
<dimen name="layout_y_65">108.0px</dimen>
<dimen name="layout_y_66">110.0px</dimen>
<dimen name="layout_y_67">111.0px</dimen>
<dimen name="layout_y_68">113.0px</dimen>
<dimen name="layout_y_69">115.0px</dimen>
<dimen name="layout_y_70">116.0px</dimen>
<dimen name="layout_y_71">118.0px</dimen>
<dimen name="layout_y_72">120.0px</dimen>
<dimen name="layout_y_73">121.0px</dimen>
<dimen name="layout_y_74">123.0px</dimen>
<dimen name="layout_y_75">125.0px</dimen>
<dimen name="layout_y_76">126.0px</dimen>
<dimen name="layout_y_77">128.0px</dimen>
<dimen name="layout_y_78">130.0px</dimen>
<dimen name="layout_y_79">131.0px</dimen>
<dimen name="layout_y_80">133.0px</dimen>
<dimen name="layout_y_81">135.0px</dimen>
<dimen name="layout_y_82">136.0px</dimen>
<dimen name="layout_y_83">138.0px</dimen>
<dimen name="layout_y_84">140.0px</dimen>
<dimen name="layout_y_85">141.0px</dimen>
<dimen name="layout_y_86">143.0px</dimen>
<dimen name="layout_y_87">145.0px</dimen>
<dimen name="layout_y_88">146.0px</dimen>
<dimen name="layout_y_89">148.0px</dimen>
<dimen name="layout_y_90">150.0px</dimen>
<dimen name="layout_y_91">151.0px</dimen>
<dimen name="layout_y_92">153.0px</dimen>
<dimen name="layout_y_93">155.0px</dimen>
<dimen name="layout_y_94">156.0px</dimen>
<dimen name="layout_y_95">158.0px</dimen>
<dimen name="layout_y_96">160.0px</dimen>
<dimen name="layout_y_97">161.0px</dimen>
<dimen name="layout_y_98">163.0px</dimen>
<dimen name="layout_y_99">165.0px</dimen>
<dimen name="layout_y_100">166.0px</dimen>
<dimen name="layout_y_101">168.0px</dimen>
<dimen name="layout_y_102">170.0px</dimen>
<dimen name="layout_y_103">171.0px</dimen>
<dimen name="layout_y_104">173.0px</dimen>
<dimen name="layout_y_105">175.0px</dimen>
<dimen name="layout_y_106">176.0px</dimen>
<dimen name="layout_y_107">178.0px</dimen>
<dimen name="layout_y_108">180.0px</dimen>
<dimen name="layout_y_109">181.0px</dimen>
<dimen name="layout_y_110">183.0px</dimen>
<dimen name="layout_y_111">185.0px</dimen>
<dimen name="layout_y_112">186.0px</dimen>
<dimen name="layout_y_113">188.0px</dimen>
<dimen name="layout_y_114">190.0px</dimen>
<dimen name="layout_y_115">191.0px</dimen>
<dimen name="layout_y_116">193.0px</dimen>
<dimen name="layout_y_117">195.0px</dimen>
<dimen name="layout_y_118">196.0px</dimen>
<dimen name="layout_y_119">198.0px</dimen>
<dimen name="layout_y_120">200.0px</dimen>
<dimen name="layout_y_121">201.0px</dimen>
<dimen name="layout_y_122">203.0px</dimen>
<dimen name="layout_y_123">205.0px</dimen>
<dimen name="layout_y_124">207.0px</dimen>
<dimen name="layout_y_125">208.0px</dimen>
<dimen name="layout_y_126">210.0px</dimen>
<dimen name="layout_y_127">212.0px</dimen>
<dimen name="layout_y_128">213.0px</dimen>
<dimen name="layout_y_129">215.0px</dimen>
<dimen name="layout_y_130">217.0px</dimen>
<dimen name="layout_y_131">218.0px</dimen>
<dimen name="layout_y_132">220.0px</dimen>
<dimen name="layout_y_133">222.0px</dimen>
<dimen name="layout_y_134">223.0px</dimen>
<dimen name="layout_y_135">225.0px</dimen>
<dimen name="layout_y_136">227.0px</dimen>
<dimen name="layout_y_137">228.0px</dimen>
<dimen name="layout_y_138">230.0px</dimen>
<dimen name="layout_y_139">232.0px</dimen>
<dimen name="layout_y_140">233.0px</dimen>
<dimen name="layout_y_141">235.0px</dimen>
<dimen name="layout_y_142">237.0px</dimen>
<dimen name="layout_y_143">238.0px</dimen>
<dimen name="layout_y_144">240.0px</dimen>
<dimen name="layout_y_145">242.0px</dimen>
<dimen name="layout_y_146">243.0px</dimen>
<dimen name="layout_y_147">245.0px</dimen>
<dimen name="layout_y_148">247.0px</dimen>
<dimen name="layout_y_149">248.0px</dimen>
<dimen name="layout_y_150">250.0px</dimen>
<dimen name="layout_y_151">252.0px</dimen>
<dimen name="layout_y_152">253.0px</dimen>
<dimen name="layout_y_153">255.0px</dimen>
<dimen name="layout_y_154">257.0px</dimen>
<dimen name="layout_y_155">258.0px</dimen>
<dimen name="layout_y_156">260.0px</dimen>
<dimen name="layout_y_157">262.0px</dimen>
<dimen name="layout_y_158">263.0px</dimen>
<dimen name="layout_y_159">265.0px</dimen>
<dimen name="layout_y_160">267.0px</dimen>
<dimen name="layout_y_161">268.0px</dimen>
<dimen name="layout_y_162">270.0px</dimen>
<dimen name="layout_y_163">272.0px</dimen>
<dimen name="layout_y_164">273.0px</dimen>
<dimen name="layout_y_165">275.0px</dimen>
<dimen name="layout_y_166">277.0px</dimen>
<dimen name="layout_y_167">278.0px</dimen>
<dimen name="layout_y_168">280.0px</dimen>
<dimen name="layout_y_169">282.0px</dimen>
<dimen name="layout_y_170">283.0px</dimen>
<dimen name="layout_y_171">285.0px</dimen>
<dimen name="layout_y_172">287.0px</dimen>
<dimen name="layout_y_173">288.0px</dimen>
<dimen name="layout_y_174">290.0px</dimen>
<dimen name="layout_y_175">292.0px</dimen>
<dimen name="layout_y_176">293.0px</dimen>
<dimen name="layout_y_177">295.0px</dimen>
<dimen name="layout_y_178">297.0px</dimen>
<dimen name="layout_y_179">298.0px</dimen>
<dimen name="layout_y_180">300.0px</dimen>
<dimen name="layout_y_181">302.0px</dimen>
<dimen name="layout_y_182">303.0px</dimen>
<dimen name="layout_y_183">305.0px</dimen>
<dimen name="layout_y_184">307.0px</dimen>
<dimen name="layout_y_185">308.0px</dimen>
<dimen name="layout_y_186">310.0px</dimen>
<dimen name="layout_y_187">312.0px</dimen>
<dimen name="layout_y_188">313.0px</dimen>
<dimen name="layout_y_189">315.0px</dimen>
<dimen name="layout_y_190">317.0px</dimen>
<dimen name="layout_y_191">318.0px</dimen>
<dimen name="layout_y_192">320.0px</dimen>
<dimen name="layout_y_193">322.0px</dimen>
<dimen name="layout_y_194">323.0px</dimen>
<dimen name="layout_y_195">325.0px</dimen>
<dimen name="layout_y_196">327.0px</dimen>
<dimen name="layout_y_197">328.0px</dimen>
<dimen name="layout_y_198">330.0px</dimen>
<dimen name="layout_y_199">332.0px</dimen>
<dimen name="layout_y_200">333.0px</dimen>
<dimen name="layout_y_201">335.0px</dimen>
<dimen name="layout_y_202">337.0px</dimen>
<dimen name="layout_y_203">338.0px</dimen>
<dimen name="layout_y_204">340.0px</dimen>
<dimen name="layout_y_205">342.0px</dimen>
<dimen name="layout_y_206">343.0px</dimen>
<dimen name="layout_y_207">345.0px</dimen>
<dimen name="layout_y_208">347.0px</dimen>
<dimen name="layout_y_209">348.0px</dimen>
<dimen name="layout_y_210">350.0px</dimen>
<dimen name="layout_y_211">352.0px</dimen>
<dimen name="layout_y_212">353.0px</dimen>
<dimen name="layout_y_213">355.0px</dimen>
<dimen name="layout_y_214">357.0px</dimen>
<dimen name="layout_y_215">358.0px</dimen>
<dimen name="layout_y_216">360.0px</dimen>
<dimen name="layout_y_217">362.0px</dimen>
<dimen name="layout_y_218">363.0px</dimen>
<dimen name="layout_y_219">365.0px</dimen>
<dimen name="layout_y_220">367.0px</dimen>
<dimen name="layout_y_221">368.0px</dimen>
<dimen name="layout_y_222">370.0px</dimen>
<dimen name="layout_y_223">372.0px</dimen>
<dimen name="layout_y_224">373.0px</dimen>
<dimen name="layout_y_225">375.0px</dimen>
<dimen name="layout_y_226">377.0px</dimen>
<dimen name="layout_y_227">378.0px</dimen>
<dimen name="layout_y_228">380.0px</dimen>
<dimen name="layout_y_229">382.0px</dimen>
<dimen name="layout_y_230">383.0px</dimen>
<dimen name="layout_y_231">385.0px</dimen>
<dimen name="layout_y_232">387.0px</dimen>
<dimen name="layout_y_233">388.0px</dimen>
<dimen name="layout_y_234">390.0px</dimen>
<dimen name="layout_y_235">392.0px</dimen>
<dimen name="layout_y_236">393.0px</dimen>
<dimen name="layout_y_237">395.0px</dimen>
<dimen name="layout_y_238">397.0px</dimen>
<dimen name="layout_y_239">398.0px</dimen>
<dimen name="layout_y_240">400.0px</dimen>
<dimen name="layout_y_241">402.0px</dimen>
<dimen name="layout_y_242">403.0px</dimen>
<dimen name="layout_y_243">405.0px</dimen>
<dimen name="layout_y_244">407.0px</dimen>
<dimen name="layout_y_245">409.0px</dimen>
<dimen name="layout_y_246">410.0px</dimen>
<dimen name="layout_y_247">412.0px</dimen>
<dimen name="layout_y_248">414.0px</dimen>
<dimen name="layout_y_249">415.0px</dimen>
<dimen name="layout_y_250">417.0px</dimen>
<dimen name="layout_y_251">419.0px</dimen>
<dimen name="layout_y_252">420.0px</dimen>
<dimen name="layout_y_253">422.0px</dimen>
<dimen name="layout_y_254">424.0px</dimen>
<dimen name="layout_y_255">425.0px</dimen>
<dimen name="layout_y_256">427.0px</dimen>
<dimen name="layout_y_257">429.0px</dimen>
<dimen name="layout_y_258">430.0px</dimen>
<dimen name="layout_y_259">432.0px</dimen>
<dimen name="layout_y_260">434.0px</dimen>
<dimen name="layout_y_261">435.0px</dimen>
<dimen name="layout_y_262">437.0px</dimen>
<dimen name="layout_y_263">439.0px</dimen>
<dimen name="layout_y_264">440.0px</dimen>
<dimen name="layout_y_265">442.0px</dimen>
<dimen name="layout_y_266">444.0px</dimen>
<dimen name="layout_y_267">445.0px</dimen>
<dimen name="layout_y_268">447.0px</dimen>
<dimen name="layout_y_269">449.0px</dimen>
<dimen name="layout_y_270">450.0px</dimen>
<dimen name="layout_y_271">452.0px</dimen>
<dimen name="layout_y_272">454.0px</dimen>
<dimen name="layout_y_273">455.0px</dimen>
<dimen name="layout_y_274">457.0px</dimen>
<dimen name="layout_y_275">459.0px</dimen>
<dimen name="layout_y_276">460.0px</dimen>
<dimen name="layout_y_277">462.0px</dimen>
<dimen name="layout_y_278">464.0px</dimen>
<dimen name="layout_y_279">465.0px</dimen>
<dimen name="layout_y_280">467.0px</dimen>
<dimen name="layout_y_281">469.0px</dimen>
<dimen name="layout_y_282">470.0px</dimen>
<dimen name="layout_y_283">472.0px</dimen>
<dimen name="layout_y_284">474.0px</dimen>
<dimen name="layout_y_285">475.0px</dimen>
<dimen name="layout_y_286">477.0px</dimen>
<dimen name="layout_y_287">479.0px</dimen>
<dimen name="layout_y_288">480.0px</dimen>
<dimen name="layout_y_289">482.0px</dimen>
<dimen name="layout_y_290">484.0px</dimen>
<dimen name="layout_y_291">485.0px</dimen>
<dimen name="layout_y_292">487.0px</dimen>
<dimen name="layout_y_293">489.0px</dimen>
<dimen name="layout_y_294">490.0px</dimen>
<dimen name="layout_y_295">492.0px</dimen>
<dimen name="layout_y_296">494.0px</dimen>
<dimen name="layout_y_297">495.0px</dimen>
<dimen name="layout_y_298">497.0px</dimen>
<dimen name="layout_y_299">499.0px</dimen>
<dimen name="layout_y_300">500.0px</dimen>
<dimen name="layout_y_301">502.0px</dimen>
<dimen name="layout_y_302">504.0px</dimen>
<dimen name="layout_y_303">505.0px</dimen>
<dimen name="layout_y_304">507.0px</dimen>
<dimen name="layout_y_305">509.0px</dimen>
<dimen name="layout_y_306">510.0px</dimen>
<dimen name="layout_y_307">512.0px</dimen>
<dimen name="layout_y_308">514.0px</dimen>
<dimen name="layout_y_309">515.0px</dimen>
<dimen name="layout_y_310">517.0px</dimen>
<dimen name="layout_y_311">519.0px</dimen>
<dimen name="layout_y_312">520.0px</dimen>
<dimen name="layout_y_313">522.0px</dimen>
<dimen name="layout_y_314">524.0px</dimen>
<dimen name="layout_y_315">525.0px</dimen>
<dimen name="layout_y_316">527.0px</dimen>
<dimen name="layout_y_317">529.0px</dimen>
<dimen name="layout_y_318">530.0px</dimen>
<dimen name="layout_y_319">532.0px</dimen>
<dimen name="layout_y_320">534.0px</dimen>
<dimen name="layout_y_321">535.0px</dimen>
<dimen name="layout_y_322">537.0px</dimen>
<dimen name="layout_y_323">539.0px</dimen>
<dimen name="layout_y_324">540.0px</dimen>
<dimen name="layout_y_325">542.0px</dimen>
<dimen name="layout_y_326">544.0px</dimen>
<dimen name="layout_y_327">545.0px</dimen>
<dimen name="layout_y_328">547.0px</dimen>
<dimen name="layout_y_329">549.0px</dimen>
<dimen name="layout_y_330">550.0px</dimen>
<dimen name="layout_y_331">552.0px</dimen>
<dimen name="layout_y_332">554.0px</dimen>
<dimen name="layout_y_333">555.0px</dimen>
<dimen name="layout_y_334">557.0px</dimen>
<dimen name="layout_y_335">559.0px</dimen>
<dimen name="layout_y_336">560.0px</dimen>
<dimen name="layout_y_337">562.0px</dimen>
<dimen name="layout_y_338">564.0px</dimen>
<dimen name="layout_y_339">565.0px</dimen>
<dimen name="layout_y_340">567.0px</dimen>
<dimen name="layout_y_341">569.0px</dimen>
<dimen name="layout_y_342">570.0px</dimen>
<dimen name="layout_y_343">572.0px</dimen>
<dimen name="layout_y_344">574.0px</dimen>
<dimen name="layout_y_345">575.0px</dimen>
<dimen name="layout_y_346">577.0px</dimen>
<dimen name="layout_y_347">579.0px</dimen>
<dimen name="layout_y_348">580.0px</dimen>
<dimen name="layout_y_349">582.0px</dimen>
<dimen name="layout_y_350">584.0px</dimen>
<dimen name="layout_y_351">585.0px</dimen>
<dimen name="layout_y_352">587.0px</dimen>
<dimen name="layout_y_353">589.0px</dimen>
<dimen name="layout_y_354">590.0px</dimen>
<dimen name="layout_y_355">592.0px</dimen>
<dimen name="layout_y_356">594.0px</dimen>
<dimen name="layout_y_357">595.0px</dimen>
<dimen name="layout_y_358">597.0px</dimen>
<dimen name="layout_y_359">599.0px</dimen>
<dimen name="layout_y_360">600.0px</dimen>
<dimen name="layout_y_361">602.0px</dimen>
<dimen name="layout_y_362">604.0px</dimen>
<dimen name="layout_y_363">605.0px</dimen>
<dimen name="layout_y_364">607.0px</dimen>
<dimen name="layout_y_365">609.0px</dimen>
<dimen name="layout_y_366">611.0px</dimen>
<dimen name="layout_y_367">612.0px</dimen>
<dimen name="layout_y_368">614.0px</dimen>
<dimen name="layout_y_369">616.0px</dimen>
<dimen name="layout_y_370">617.0px</dimen>
<dimen name="layout_y_371">619.0px</dimen>
<dimen name="layout_y_372">621.0px</dimen>
<dimen name="layout_y_373">622.0px</dimen>
<dimen name="layout_y_374">624.0px</dimen>
<dimen name="layout_y_375">626.0px</dimen>
<dimen name="layout_y_376">627.0px</dimen>
<dimen name="layout_y_377">629.0px</dimen>
<dimen name="layout_y_378">631.0px</dimen>
<dimen name="layout_y_379">632.0px</dimen>
<dimen name="layout_y_380">634.0px</dimen>
<dimen name="layout_y_381">636.0px</dimen>
<dimen name="layout_y_382">637.0px</dimen>
<dimen name="layout_y_383">639.0px</dimen>
<dimen name="layout_y_384">641.0px</dimen>
<dimen name="layout_y_385">642.0px</dimen>
<dimen name="layout_y_386">644.0px</dimen>
<dimen name="layout_y_387">646.0px</dimen>
<dimen name="layout_y_388">647.0px</dimen>
<dimen name="layout_y_389">649.0px</dimen>
<dimen name="layout_y_390">651.0px</dimen>
<dimen name="layout_y_391">652.0px</dimen>
<dimen name="layout_y_392">654.0px</dimen>
<dimen name="layout_y_393">656.0px</dimen>
<dimen name="layout_y_394">657.0px</dimen>
<dimen name="layout_y_395">659.0px</dimen>
<dimen name="layout_y_396">661.0px</dimen>
<dimen name="layout_y_397">662.0px</dimen>
<dimen name="layout_y_398">664.0px</dimen>
<dimen name="layout_y_399">666.0px</dimen>
<dimen name="layout_y_400">667.0px</dimen>
<dimen name="layout_y_401">669.0px</dimen>
<dimen name="layout_y_402">671.0px</dimen>
<dimen name="layout_y_403">672.0px</dimen>
<dimen name="layout_y_404">674.0px</dimen>
<dimen name="layout_y_405">676.0px</dimen>
<dimen name="layout_y_406">677.0px</dimen>
<dimen name="layout_y_407">679.0px</dimen>
<dimen name="layout_y_408">681.0px</dimen>
<dimen name="layout_y_409">682.0px</dimen>
<dimen name="layout_y_410">684.0px</dimen>
<dimen name="layout_y_411">686.0px</dimen>
<dimen name="layout_y_412">687.0px</dimen>
<dimen name="layout_y_413">689.0px</dimen>
<dimen name="layout_y_414">691.0px</dimen>
<dimen name="layout_y_415">692.0px</dimen>
<dimen name="layout_y_416">694.0px</dimen>
<dimen name="layout_y_417">696.0px</dimen>
<dimen name="layout_y_418">697.0px</dimen>
<dimen name="layout_y_419">699.0px</dimen>
<dimen name="layout_y_420">701.0px</dimen>
<dimen name="layout_y_421">702.0px</dimen>
<dimen name="layout_y_422">704.0px</dimen>
<dimen name="layout_y_423">706.0px</dimen>
<dimen name="layout_y_424">707.0px</dimen>
<dimen name="layout_y_425">709.0px</dimen>
<dimen name="layout_y_426">711.0px</dimen>
<dimen name="layout_y_427">712.0px</dimen>
<dimen name="layout_y_428">714.0px</dimen>
<dimen name="layout_y_429">716.0px</dimen>
<dimen name="layout_y_430">717.0px</dimen>
<dimen name="layout_y_431">719.0px</dimen>
<dimen name="layout_y_432">721.0px</dimen>
<dimen name="layout_y_433">722.0px</dimen>
<dimen name="layout_y_434">724.0px</dimen>
<dimen name="layout_y_435">726.0px</dimen>
<dimen name="layout_y_436">727.0px</dimen>
<dimen name="layout_y_437">729.0px</dimen>
<dimen name="layout_y_438">731.0px</dimen>
<dimen name="layout_y_439">732.0px</dimen>
<dimen name="layout_y_440">734.0px</dimen>
<dimen name="layout_y_441">736.0px</dimen>
<dimen name="layout_y_442">737.0px</dimen>
<dimen name="layout_y_443">739.0px</dimen>
<dimen name="layout_y_444">741.0px</dimen>
<dimen name="layout_y_445">742.0px</dimen>
<dimen name="layout_y_446">744.0px</dimen>
<dimen name="layout_y_447">746.0px</dimen>
<dimen name="layout_y_448">747.0px</dimen>
<dimen name="layout_y_449">749.0px</dimen>
<dimen name="layout_y_450">751.0px</dimen>
<dimen name="layout_y_451">752.0px</dimen>
<dimen name="layout_y_452">754.0px</dimen>
<dimen name="layout_y_453">756.0px</dimen>
<dimen name="layout_y_454">757.0px</dimen>
<dimen name="layout_y_455">759.0px</dimen>
<dimen name="layout_y_456">761.0px</dimen>
<dimen name="layout_y_457">762.0px</dimen>
<dimen name="layout_y_458">764.0px</dimen>
<dimen name="layout_y_459">766.0px</dimen>
<dimen name="layout_y_460">767.0px</dimen>
<dimen name="layout_y_461">769.0px</dimen>
<dimen name="layout_y_462">771.0px</dimen>
<dimen name="layout_y_463">772.0px</dimen>
<dimen name="layout_y_464">774.0px</dimen>
<dimen name="layout_y_465">776.0px</dimen>
<dimen name="layout_y_466">777.0px</dimen>
<dimen name="layout_y_467">779.0px</dimen>
<dimen name="layout_y_468">781.0px</dimen>
<dimen name="layout_y_469">782.0px</dimen>
<dimen name="layout_y_470">784.0px</dimen>
<dimen name="layout_y_471">786.0px</dimen>
<dimen name="layout_y_472">787.0px</dimen>
<dimen name="layout_y_473">789.0px</dimen>
<dimen name="layout_y_474">791.0px</dimen>
<dimen name="layout_y_475">792.0px</dimen>
<dimen name="layout_y_476">794.0px</dimen>
<dimen name="layout_y_477">796.0px</dimen>
<dimen name="layout_y_478">797.0px</dimen>
<dimen name="layout_y_479">799.0px</dimen>
<dimen name="layout_y_480">801.0px</dimen>
<dimen name="layout_y_481">802.0px</dimen>
<dimen name="layout_y_482">804.0px</dimen>
<dimen name="layout_y_483">806.0px</dimen>
<dimen name="layout_y_484">807.0px</dimen>
<dimen name="layout_y_485">809.0px</dimen>
<dimen name="layout_y_486">811.0px</dimen>
<dimen name="layout_y_487">813.0px</dimen>
<dimen name="layout_y_488">814.0px</dimen>
<dimen name="layout_y_489">816.0px</dimen>
<dimen name="layout_y_490">818.0px</dimen>
<dimen name="layout_y_491">819.0px</dimen>
<dimen name="layout_y_492">821.0px</dimen>
<dimen name="layout_y_493">823.0px</dimen>
<dimen name="layout_y_494">824.0px</dimen>
<dimen name="layout_y_495">826.0px</dimen>
<dimen name="layout_y_496">828.0px</dimen>
<dimen name="layout_y_497">829.0px</dimen>
<dimen name="layout_y_498">831.0px</dimen>
<dimen name="layout_y_499">833.0px</dimen>
<dimen name="layout_y_500">834.0px</dimen>
<dimen name="layout_y_501">836.0px</dimen>
<dimen name="layout_y_502">838.0px</dimen>
<dimen name="layout_y_503">839.0px</dimen>
<dimen name="layout_y_504">841.0px</dimen>
<dimen name="layout_y_505">843.0px</dimen>
<dimen name="layout_y_506">844.0px</dimen>
<dimen name="layout_y_507">846.0px</dimen>
<dimen name="layout_y_508">848.0px</dimen>
<dimen name="layout_y_509">849.0px</dimen>
<dimen name="layout_y_510">851.0px</dimen>
<dimen name="layout_y_511">853.0px</dimen>
<dimen name="layout_y_512">854.0px</dimen>
<dimen name="layout_y_513">856.0px</dimen>
<dimen name="layout_y_514">858.0px</dimen>
<dimen name="layout_y_515">859.0px</dimen>
<dimen name="layout_y_516">861.0px</dimen>
<dimen name="layout_y_517">863.0px</dimen>
<dimen name="layout_y_518">864.0px</dimen>
<dimen name="layout_y_519">866.0px</dimen>
<dimen name="layout_y_520">868.0px</dimen>
<dimen name="layout_y_521">869.0px</dimen>
<dimen name="layout_y_522">871.0px</dimen>
<dimen name="layout_y_523">873.0px</dimen>
<dimen name="layout_y_524">874.0px</dimen>
<dimen name="layout_y_525">876.0px</dimen>
<dimen name="layout_y_526">878.0px</dimen>
<dimen name="layout_y_527">879.0px</dimen>
<dimen name="layout_y_528">881.0px</dimen>
<dimen name="layout_y_529">883.0px</dimen>
<dimen name="layout_y_530">884.0px</dimen>
<dimen name="layout_y_531">886.0px</dimen>
<dimen name="layout_y_532">888.0px</dimen>
<dimen name="layout_y_533">889.0px</dimen>
<dimen name="layout_y_534">891.0px</dimen>
<dimen name="layout_y_535">893.0px</dimen>
<dimen name="layout_y_536">894.0px</dimen>
<dimen name="layout_y_537">896.0px</dimen>
<dimen name="layout_y_538">898.0px</dimen>
<dimen name="layout_y_539">899.0px</dimen>
<dimen name="layout_y_540">901.0px</dimen>
<dimen name="layout_y_541">903.0px</dimen>
<dimen name="layout_y_542">904.0px</dimen>
<dimen name="layout_y_543">906.0px</dimen>
<dimen name="layout_y_544">908.0px</dimen>
<dimen name="layout_y_545">909.0px</dimen>
<dimen name="layout_y_546">911.0px</dimen>
<dimen name="layout_y_547">913.0px</dimen>
<dimen name="layout_y_548">914.0px</dimen>
<dimen name="layout_y_549">916.0px</dimen>
<dimen name="layout_y_550">918.0px</dimen>
<dimen name="layout_y_551">919.0px</dimen>
<dimen name="layout_y_552">921.0px</dimen>
<dimen name="layout_y_553">923.0px</dimen>
<dimen name="layout_y_554">924.0px</dimen>
<dimen name="layout_y_555">926.0px</dimen>
<dimen name="layout_y_556">928.0px</dimen>
<dimen name="layout_y_557">929.0px</dimen>
<dimen name="layout_y_558">931.0px</dimen>
<dimen name="layout_y_559">933.0px</dimen>
<dimen name="layout_y_560">934.0px</dimen>
<dimen name="layout_y_561">936.0px</dimen>
<dimen name="layout_y_562">938.0px</dimen>
<dimen name="layout_y_563">939.0px</dimen>
<dimen name="layout_y_564">941.0px</dimen>
<dimen name="layout_y_565">943.0px</dimen>
<dimen name="layout_y_566">944.0px</dimen>
<dimen name="layout_y_567">946.0px</dimen>
<dimen name="layout_y_568">948.0px</dimen>
<dimen name="layout_y_569">949.0px</dimen>
<dimen name="layout_y_570">951.0px</dimen>
<dimen name="layout_y_571">953.0px</dimen>
<dimen name="layout_y_572">954.0px</dimen>
<dimen name="layout_y_573">956.0px</dimen>
<dimen name="layout_y_574">958.0px</dimen>
<dimen name="layout_y_575">959.0px</dimen>
<dimen name="layout_y_576">961.0px</dimen>
<dimen name="layout_y_577">963.0px</dimen>
<dimen name="layout_y_578">964.0px</dimen>
<dimen name="layout_y_579">966.0px</dimen>
<dimen name="layout_y_580">968.0px</dimen>
<dimen name="layout_y_581">969.0px</dimen>
<dimen name="layout_y_582">971.0px</dimen>
<dimen name="layout_y_583">973.0px</dimen>
<dimen name="layout_y_584">974.0px</dimen>
<dimen name="layout_y_585">976.0px</dimen>
<dimen name="layout_y_586">978.0px</dimen>
<dimen name="layout_y_587">979.0px</dimen>
<dimen name="layout_y_588">981.0px</dimen>
<dimen name="layout_y_589">983.0px</dimen>
<dimen name="layout_y_590">984.0px</dimen>
<dimen name="layout_y_591">986.0px</dimen>
<dimen name="layout_y_592">988.0px</dimen>
<dimen name="layout_y_593">989.0px</dimen>
<dimen name="layout_y_594">991.0px</dimen>
<dimen name="layout_y_595">993.0px</dimen>
<dimen name="layout_y_596">994.0px</dimen>
<dimen name="layout_y_597">996.0px</dimen>
<dimen name="layout_y_598">998.0px</dimen>
<dimen name="layout_y_599">999.0px</dimen>
<dimen name="layout_y_600">1001.0px</dimen>
<dimen name="layout_y_601">1003.0px</dimen>
<dimen name="layout_y_602">1004.0px</dimen>
<dimen name="layout_y_603">1006.0px</dimen>
<dimen name="layout_y_604">1008.0px</dimen>
<dimen name="layout_y_605">1009.0px</dimen>
<dimen name="layout_y_606">1011.0px</dimen>
<dimen name="layout_y_607">1013.0px</dimen>
<dimen name="layout_y_608">1015.0px</dimen>
<dimen name="layout_y_609">1016.0px</dimen>
<dimen name="layout_y_610">1018.0px</dimen>
<dimen name="layout_y_611">1020.0px</dimen>
<dimen name="layout_y_612">1021.0px</dimen>
<dimen name="layout_y_613">1023.0px</dimen>
<dimen name="layout_y_614">1025.0px</dimen>
<dimen name="layout_y_615">1026.0px</dimen>
<dimen name="layout_y_616">1028.0px</dimen>
<dimen name="layout_y_617">1030.0px</dimen>
<dimen name="layout_y_618">1031.0px</dimen>
<dimen name="layout_y_619">1033.0px</dimen>
<dimen name="layout_y_620">1035.0px</dimen>
<dimen name="layout_y_621">1036.0px</dimen>
<dimen name="layout_y_622">1038.0px</dimen>
<dimen name="layout_y_623">1040.0px</dimen>
<dimen name="layout_y_624">1041.0px</dimen>
<dimen name="layout_y_625">1043.0px</dimen>
<dimen name="layout_y_626">1045.0px</dimen>
<dimen name="layout_y_627">1046.0px</dimen>
<dimen name="layout_y_628">1048.0px</dimen>
<dimen name="layout_y_629">1050.0px</dimen>
<dimen name="layout_y_630">1051.0px</dimen>
<dimen name="layout_y_631">1053.0px</dimen>
<dimen name="layout_y_632">1055.0px</dimen>
<dimen name="layout_y_633">1056.0px</dimen>
<dimen name="layout_y_634">1058.0px</dimen>
<dimen name="layout_y_635">1060.0px</dimen>
<dimen name="layout_y_636">1061.0px</dimen>
<dimen name="layout_y_637">1063.0px</dimen>
<dimen name="layout_y_638">1065.0px</dimen>
<dimen name="layout_y_639">1066.0px</dimen>
<dimen name="layout_y_640">1068.0px</dimen>
<dimen name="layout_y_641">1070.0px</dimen>
<dimen name="layout_y_642">1071.0px</dimen>
<dimen name="layout_y_643">1073.0px</dimen>
<dimen name="layout_y_644">1075.0px</dimen>
<dimen name="layout_y_645">1076.0px</dimen>
<dimen name="layout_y_646">1078.0px</dimen>
<dimen name="layout_y_647">1080.0px</dimen>
<dimen name="layout_y_648">1081.0px</dimen>
<dimen name="layout_y_649">1083.0px</dimen>
<dimen name="layout_y_650">1085.0px</dimen>
<dimen name="layout_y_651">1086.0px</dimen>
<dimen name="layout_y_652">1088.0px</dimen>
<dimen name="layout_y_653">1090.0px</dimen>
<dimen name="layout_y_654">1091.0px</dimen>
<dimen name="layout_y_655">1093.0px</dimen>
<dimen name="layout_y_656">1095.0px</dimen>
<dimen name="layout_y_657">1096.0px</dimen>
<dimen name="layout_y_658">1098.0px</dimen>
<dimen name="layout_y_659">1100.0px</dimen>
<dimen name="layout_y_660">1101.0px</dimen>
<dimen name="layout_y_661">1103.0px</dimen>
<dimen name="layout_y_662">1105.0px</dimen>
<dimen name="layout_y_663">1106.0px</dimen>
<dimen name="layout_y_664">1108.0px</dimen>
<dimen name="layout_y_665">1110.0px</dimen>
<dimen name="layout_y_666">1111.0px</dimen>
<dimen name="layout_y_667">1113.0px</dimen>
<dimen name="layout_y_668">1115.0px</dimen>
<dimen name="layout_y_669">1116.0px</dimen>
<dimen name="layout_y_670">1118.0px</dimen>
<dimen name="layout_y_671">1120.0px</dimen>
<dimen name="layout_y_672">1121.0px</dimen>
<dimen name="layout_y_673">1123.0px</dimen>
<dimen name="layout_y_674">1125.0px</dimen>
<dimen name="layout_y_675">1126.0px</dimen>
<dimen name="layout_y_676">1128.0px</dimen>
<dimen name="layout_y_677">1130.0px</dimen>
<dimen name="layout_y_678">1131.0px</dimen>
<dimen name="layout_y_679">1133.0px</dimen>
<dimen name="layout_y_680">1135.0px</dimen>
<dimen name="layout_y_681">1136.0px</dimen>
<dimen name="layout_y_682">1138.0px</dimen>
<dimen name="layout_y_683">1140.0px</dimen>
<dimen name="layout_y_684">1141.0px</dimen>
<dimen name="layout_y_685">1143.0px</dimen>
<dimen name="layout_y_686">1145.0px</dimen>
<dimen name="layout_y_687">1146.0px</dimen>
<dimen name="layout_y_688">1148.0px</dimen>
<dimen name="layout_y_689">1150.0px</dimen>
<dimen name="layout_y_690">1151.0px</dimen>
<dimen name="layout_y_691">1153.0px</dimen>
<dimen name="layout_y_692">1155.0px</dimen>
<dimen name="layout_y_693">1156.0px</dimen>
<dimen name="layout_y_694">1158.0px</dimen>
<dimen name="layout_y_695">1160.0px</dimen>
<dimen name="layout_y_696">1161.0px</dimen>
<dimen name="layout_y_697">1163.0px</dimen>
<dimen name="layout_y_698">1165.0px</dimen>
<dimen name="layout_y_699">1166.0px</dimen>
<dimen name="layout_y_700">1168.0px</dimen>
<dimen name="layout_y_701">1170.0px</dimen>
<dimen name="layout_y_702">1171.0px</dimen>
<dimen name="layout_y_703">1173.0px</dimen>
<dimen name="layout_y_704">1175.0px</dimen>
<dimen name="layout_y_705">1176.0px</dimen>
<dimen name="layout_y_706">1178.0px</dimen>
<dimen name="layout_y_707">1180.0px</dimen>
<dimen name="layout_y_708">1181.0px</dimen>
<dimen name="layout_y_709">1183.0px</dimen>
<dimen name="layout_y_710">1185.0px</dimen>
<dimen name="layout_y_711">1186.0px</dimen>
<dimen name="layout_y_712">1188.0px</dimen>
<dimen name="layout_y_713">1190.0px</dimen>
<dimen name="layout_y_714">1191.0px</dimen>
<dimen name="layout_y_715">1193.0px</dimen>
<dimen name="layout_y_716">1195.0px</dimen>
<dimen name="layout_y_717">1196.0px</dimen>
<dimen name="layout_y_718">1198.0px</dimen>
<dimen name="layout_y_719">1200.0px</dimen>
<dimen name="layout_y_720">1201.0px</dimen>
<dimen name="layout_y_721">1203.0px</dimen>
<dimen name="layout_y_722">1205.0px</dimen>
<dimen name="layout_y_723">1206.0px</dimen>
<dimen name="layout_y_724">1208.0px</dimen>
<dimen name="layout_y_725">1210.0px</dimen>
<dimen name="layout_y_726">1211.0px</dimen>
<dimen name="layout_y_727">1213.0px</dimen>
<dimen name="layout_y_728">1215.0px</dimen>
<dimen name="layout_y_729">1217.0px</dimen>
<dimen name="layout_y_730">1218.0px</dimen>
<dimen name="layout_y_731">1220.0px</dimen>
<dimen name="layout_y_732">1222.0px</dimen>
<dimen name="layout_y_733">1223.0px</dimen>
<dimen name="layout_y_734">1225.0px</dimen>
<dimen name="layout_y_735">1227.0px</dimen>
<dimen name="layout_y_736">1228.0px</dimen>
<dimen name="layout_y_737">1230.0px</dimen>
<dimen name="layout_y_738">1232.0px</dimen>
<dimen name="layout_y_739">1233.0px</dimen>
<dimen name="layout_y_740">1235.0px</dimen>
<dimen name="layout_y_741">1237.0px</dimen>
<dimen name="layout_y_742">1238.0px</dimen>
<dimen name="layout_y_743">1240.0px</dimen>
<dimen name="layout_y_744">1242.0px</dimen>
<dimen name="layout_y_745">1243.0px</dimen>
<dimen name="layout_y_746">1245.0px</dimen>
<dimen name="layout_y_747">1247.0px</dimen>
<dimen name="layout_y_748">1248.0px</dimen>
<dimen name="layout_y_749">1250.0px</dimen>
<dimen name="layout_y_750">1252.0px</dimen>
<dimen name="layout_y_751">1253.0px</dimen>
<dimen name="layout_y_752">1255.0px</dimen>
<dimen name="layout_y_753">1257.0px</dimen>
<dimen name="layout_y_754">1258.0px</dimen>
<dimen name="layout_y_755">1260.0px</dimen>
<dimen name="layout_y_756">1262.0px</dimen>
<dimen name="layout_y_757">1263.0px</dimen>
<dimen name="layout_y_758">1265.0px</dimen>
<dimen name="layout_y_759">1267.0px</dimen>
<dimen name="layout_y_760">1268.0px</dimen>
<dimen name="layout_y_761">1270.0px</dimen>
<dimen name="layout_y_762">1272.0px</dimen>
<dimen name="layout_y_763">1273.0px</dimen>
<dimen name="layout_y_764">1275.0px</dimen>
<dimen name="layout_y_765">1277.0px</dimen>
<dimen name="layout_y_766">1278.0px</dimen>
<dimen name="layout_y_767">1280.0px</dimen>
<dimen name="layout_y_768">1282.0px</dimen>
<dimen name="layout_y_769">1283.0px</dimen>
<dimen name="layout_y_770">1285.0px</dimen>
<dimen name="layout_y_771">1287.0px</dimen>
<dimen name="layout_y_772">1288.0px</dimen>
<dimen name="layout_y_773">1290.0px</dimen>
<dimen name="layout_y_774">1292.0px</dimen>
<dimen name="layout_y_775">1293.0px</dimen>
<dimen name="layout_y_776">1295.0px</dimen>
<dimen name="layout_y_777">1297.0px</dimen>
<dimen name="layout_y_778">1298.0px</dimen>
<dimen name="layout_y_779">1300.0px</dimen>
<dimen name="layout_y_780">1302.0px</dimen>
<dimen name="layout_y_781">1303.0px</dimen>
<dimen name="layout_y_782">1305.0px</dimen>
<dimen name="layout_y_783">1307.0px</dimen>
<dimen name="layout_y_784">1308.0px</dimen>
<dimen name="layout_y_785">1310.0px</dimen>
<dimen name="layout_y_786">1312.0px</dimen>
<dimen name="layout_y_787">1313.0px</dimen>
<dimen name="layout_y_788">1315.0px</dimen>
<dimen name="layout_y_789">1317.0px</dimen>
<dimen name="layout_y_790">1318.0px</dimen>
<dimen name="layout_y_791">1320.0px</dimen>
<dimen name="layout_y_792">1322.0px</dimen>
<dimen name="layout_y_793">1323.0px</dimen>
<dimen name="layout_y_794">1325.0px</dimen>
<dimen name="layout_y_795">1327.0px</dimen>
<dimen name="layout_y_796">1328.0px</dimen>
<dimen name="layout_y_797">1330.0px</dimen>
<dimen name="layout_y_798">1332.0px</dimen>
<dimen name="layout_y_799">1333.0px</dimen>
<dimen name="layout_y_800">1196px</dimen>
</resources>