<?xml version="1.0" encoding="utf-8"?>
<resources><dimen name="layout_x_0">0.0px</dimen>
<dimen name="layout_x_1">2.0px</dimen>
<dimen name="layout_x_2">4.0px</dimen>
<dimen name="layout_x_3">6.0px</dimen>
<dimen name="layout_x_4">9.0px</dimen>
<dimen name="layout_x_5">11.0px</dimen>
<dimen name="layout_x_6">13.0px</dimen>
<dimen name="layout_x_7">15.0px</dimen>
<dimen name="layout_x_8">18.0px</dimen>
<dimen name="layout_x_9">20.0px</dimen>
<dimen name="layout_x_10">22.0px</dimen>
<dimen name="layout_x_11">24.0px</dimen>
<dimen name="layout_x_12">27.0px</dimen>
<dimen name="layout_x_13">29.0px</dimen>
<dimen name="layout_x_14">31.0px</dimen>
<dimen name="layout_x_15">33.0px</dimen>
<dimen name="layout_x_16">36.0px</dimen>
<dimen name="layout_x_17">38.0px</dimen>
<dimen name="layout_x_18">40.0px</dimen>
<dimen name="layout_x_19">42.0px</dimen>
<dimen name="layout_x_20">45.0px</dimen>
<dimen name="layout_x_21">47.0px</dimen>
<dimen name="layout_x_22">49.0px</dimen>
<dimen name="layout_x_23">52.0px</dimen>
<dimen name="layout_x_24">54.0px</dimen>
<dimen name="layout_x_25">56.0px</dimen>
<dimen name="layout_x_26">58.0px</dimen>
<dimen name="layout_x_27">61.0px</dimen>
<dimen name="layout_x_28">63.0px</dimen>
<dimen name="layout_x_29">65.0px</dimen>
<dimen name="layout_x_30">67.0px</dimen>
<dimen name="layout_x_31">70.0px</dimen>
<dimen name="layout_x_32">72.0px</dimen>
<dimen name="layout_x_33">74.0px</dimen>
<dimen name="layout_x_34">76.0px</dimen>
<dimen name="layout_x_35">79.0px</dimen>
<dimen name="layout_x_36">81.0px</dimen>
<dimen name="layout_x_37">83.0px</dimen>
<dimen name="layout_x_38">85.0px</dimen>
<dimen name="layout_x_39">88.0px</dimen>
<dimen name="layout_x_40">90.0px</dimen>
<dimen name="layout_x_41">92.0px</dimen>
<dimen name="layout_x_42">94.0px</dimen>
<dimen name="layout_x_43">97.0px</dimen>
<dimen name="layout_x_44">99.0px</dimen>
<dimen name="layout_x_45">101.0px</dimen>
<dimen name="layout_x_46">104.0px</dimen>
<dimen name="layout_x_47">106.0px</dimen>
<dimen name="layout_x_48">108.0px</dimen>
<dimen name="layout_x_49">110.0px</dimen>
<dimen name="layout_x_50">113.0px</dimen>
<dimen name="layout_x_51">115.0px</dimen>
<dimen name="layout_x_52">117.0px</dimen>
<dimen name="layout_x_53">119.0px</dimen>
<dimen name="layout_x_54">122.0px</dimen>
<dimen name="layout_x_55">124.0px</dimen>
<dimen name="layout_x_56">126.0px</dimen>
<dimen name="layout_x_57">128.0px</dimen>
<dimen name="layout_x_58">131.0px</dimen>
<dimen name="layout_x_59">133.0px</dimen>
<dimen name="layout_x_60">135.0px</dimen>
<dimen name="layout_x_61">137.0px</dimen>
<dimen name="layout_x_62">140.0px</dimen>
<dimen name="layout_x_63">142.0px</dimen>
<dimen name="layout_x_64">144.0px</dimen>
<dimen name="layout_x_65">146.0px</dimen>
<dimen name="layout_x_66">149.0px</dimen>
<dimen name="layout_x_67">151.0px</dimen>
<dimen name="layout_x_68">153.0px</dimen>
<dimen name="layout_x_69">156.0px</dimen>
<dimen name="layout_x_70">158.0px</dimen>
<dimen name="layout_x_71">160.0px</dimen>
<dimen name="layout_x_72">162.0px</dimen>
<dimen name="layout_x_73">165.0px</dimen>
<dimen name="layout_x_74">167.0px</dimen>
<dimen name="layout_x_75">169.0px</dimen>
<dimen name="layout_x_76">171.0px</dimen>
<dimen name="layout_x_77">174.0px</dimen>
<dimen name="layout_x_78">176.0px</dimen>
<dimen name="layout_x_79">178.0px</dimen>
<dimen name="layout_x_80">180.0px</dimen>
<dimen name="layout_x_81">183.0px</dimen>
<dimen name="layout_x_82">185.0px</dimen>
<dimen name="layout_x_83">187.0px</dimen>
<dimen name="layout_x_84">189.0px</dimen>
<dimen name="layout_x_85">192.0px</dimen>
<dimen name="layout_x_86">194.0px</dimen>
<dimen name="layout_x_87">196.0px</dimen>
<dimen name="layout_x_88">198.0px</dimen>
<dimen name="layout_x_89">201.0px</dimen>
<dimen name="layout_x_90">203.0px</dimen>
<dimen name="layout_x_91">205.0px</dimen>
<dimen name="layout_x_92">208.0px</dimen>
<dimen name="layout_x_93">210.0px</dimen>
<dimen name="layout_x_94">212.0px</dimen>
<dimen name="layout_x_95">214.0px</dimen>
<dimen name="layout_x_96">217.0px</dimen>
<dimen name="layout_x_97">219.0px</dimen>
<dimen name="layout_x_98">221.0px</dimen>
<dimen name="layout_x_99">223.0px</dimen>
<dimen name="layout_x_100">226.0px</dimen>
<dimen name="layout_x_101">228.0px</dimen>
<dimen name="layout_x_102">230.0px</dimen>
<dimen name="layout_x_103">232.0px</dimen>
<dimen name="layout_x_104">235.0px</dimen>
<dimen name="layout_x_105">237.0px</dimen>
<dimen name="layout_x_106">239.0px</dimen>
<dimen name="layout_x_107">241.0px</dimen>
<dimen name="layout_x_108">244.0px</dimen>
<dimen name="layout_x_109">246.0px</dimen>
<dimen name="layout_x_110">248.0px</dimen>
<dimen name="layout_x_111">250.0px</dimen>
<dimen name="layout_x_112">253.0px</dimen>
<dimen name="layout_x_113">255.0px</dimen>
<dimen name="layout_x_114">257.0px</dimen>
<dimen name="layout_x_115">260.0px</dimen>
<dimen name="layout_x_116">262.0px</dimen>
<dimen name="layout_x_117">264.0px</dimen>
<dimen name="layout_x_118">266.0px</dimen>
<dimen name="layout_x_119">269.0px</dimen>
<dimen name="layout_x_120">271.0px</dimen>
<dimen name="layout_x_121">273.0px</dimen>
<dimen name="layout_x_122">275.0px</dimen>
<dimen name="layout_x_123">278.0px</dimen>
<dimen name="layout_x_124">280.0px</dimen>
<dimen name="layout_x_125">282.0px</dimen>
<dimen name="layout_x_126">284.0px</dimen>
<dimen name="layout_x_127">287.0px</dimen>
<dimen name="layout_x_128">289.0px</dimen>
<dimen name="layout_x_129">291.0px</dimen>
<dimen name="layout_x_130">293.0px</dimen>
<dimen name="layout_x_131">296.0px</dimen>
<dimen name="layout_x_132">298.0px</dimen>
<dimen name="layout_x_133">300.0px</dimen>
<dimen name="layout_x_134">303.0px</dimen>
<dimen name="layout_x_135">305.0px</dimen>
<dimen name="layout_x_136">307.0px</dimen>
<dimen name="layout_x_137">309.0px</dimen>
<dimen name="layout_x_138">312.0px</dimen>
<dimen name="layout_x_139">314.0px</dimen>
<dimen name="layout_x_140">316.0px</dimen>
<dimen name="layout_x_141">318.0px</dimen>
<dimen name="layout_x_142">321.0px</dimen>
<dimen name="layout_x_143">323.0px</dimen>
<dimen name="layout_x_144">325.0px</dimen>
<dimen name="layout_x_145">327.0px</dimen>
<dimen name="layout_x_146">330.0px</dimen>
<dimen name="layout_x_147">332.0px</dimen>
<dimen name="layout_x_148">334.0px</dimen>
<dimen name="layout_x_149">336.0px</dimen>
<dimen name="layout_x_150">339.0px</dimen>
<dimen name="layout_x_151">341.0px</dimen>
<dimen name="layout_x_152">343.0px</dimen>
<dimen name="layout_x_153">345.0px</dimen>
<dimen name="layout_x_154">348.0px</dimen>
<dimen name="layout_x_155">350.0px</dimen>
<dimen name="layout_x_156">352.0px</dimen>
<dimen name="layout_x_157">355.0px</dimen>
<dimen name="layout_x_158">357.0px</dimen>
<dimen name="layout_x_159">359.0px</dimen>
<dimen name="layout_x_160">361.0px</dimen>
<dimen name="layout_x_161">364.0px</dimen>
<dimen name="layout_x_162">366.0px</dimen>
<dimen name="layout_x_163">368.0px</dimen>
<dimen name="layout_x_164">370.0px</dimen>
<dimen name="layout_x_165">373.0px</dimen>
<dimen name="layout_x_166">375.0px</dimen>
<dimen name="layout_x_167">377.0px</dimen>
<dimen name="layout_x_168">379.0px</dimen>
<dimen name="layout_x_169">382.0px</dimen>
<dimen name="layout_x_170">384.0px</dimen>
<dimen name="layout_x_171">386.0px</dimen>
<dimen name="layout_x_172">388.0px</dimen>
<dimen name="layout_x_173">391.0px</dimen>
<dimen name="layout_x_174">393.0px</dimen>
<dimen name="layout_x_175">395.0px</dimen>
<dimen name="layout_x_176">397.0px</dimen>
<dimen name="layout_x_177">400.0px</dimen>
<dimen name="layout_x_178">402.0px</dimen>
<dimen name="layout_x_179">404.0px</dimen>
<dimen name="layout_x_180">407.0px</dimen>
<dimen name="layout_x_181">409.0px</dimen>
<dimen name="layout_x_182">411.0px</dimen>
<dimen name="layout_x_183">413.0px</dimen>
<dimen name="layout_x_184">416.0px</dimen>
<dimen name="layout_x_185">418.0px</dimen>
<dimen name="layout_x_186">420.0px</dimen>
<dimen name="layout_x_187">422.0px</dimen>
<dimen name="layout_x_188">425.0px</dimen>
<dimen name="layout_x_189">427.0px</dimen>
<dimen name="layout_x_190">429.0px</dimen>
<dimen name="layout_x_191">431.0px</dimen>
<dimen name="layout_x_192">434.0px</dimen>
<dimen name="layout_x_193">436.0px</dimen>
<dimen name="layout_x_194">438.0px</dimen>
<dimen name="layout_x_195">440.0px</dimen>
<dimen name="layout_x_196">443.0px</dimen>
<dimen name="layout_x_197">445.0px</dimen>
<dimen name="layout_x_198">447.0px</dimen>
<dimen name="layout_x_199">449.0px</dimen>
<dimen name="layout_x_200">452.0px</dimen>
<dimen name="layout_x_201">454.0px</dimen>
<dimen name="layout_x_202">456.0px</dimen>
<dimen name="layout_x_203">459.0px</dimen>
<dimen name="layout_x_204">461.0px</dimen>
<dimen name="layout_x_205">463.0px</dimen>
<dimen name="layout_x_206">465.0px</dimen>
<dimen name="layout_x_207">468.0px</dimen>
<dimen name="layout_x_208">470.0px</dimen>
<dimen name="layout_x_209">472.0px</dimen>
<dimen name="layout_x_210">474.0px</dimen>
<dimen name="layout_x_211">477.0px</dimen>
<dimen name="layout_x_212">479.0px</dimen>
<dimen name="layout_x_213">481.0px</dimen>
<dimen name="layout_x_214">483.0px</dimen>
<dimen name="layout_x_215">486.0px</dimen>
<dimen name="layout_x_216">488.0px</dimen>
<dimen name="layout_x_217">490.0px</dimen>
<dimen name="layout_x_218">492.0px</dimen>
<dimen name="layout_x_219">495.0px</dimen>
<dimen name="layout_x_220">497.0px</dimen>
<dimen name="layout_x_221">499.0px</dimen>
<dimen name="layout_x_222">501.0px</dimen>
<dimen name="layout_x_223">504.0px</dimen>
<dimen name="layout_x_224">506.0px</dimen>
<dimen name="layout_x_225">508.0px</dimen>
<dimen name="layout_x_226">511.0px</dimen>
<dimen name="layout_x_227">513.0px</dimen>
<dimen name="layout_x_228">515.0px</dimen>
<dimen name="layout_x_229">517.0px</dimen>
<dimen name="layout_x_230">520.0px</dimen>
<dimen name="layout_x_231">522.0px</dimen>
<dimen name="layout_x_232">524.0px</dimen>
<dimen name="layout_x_233">526.0px</dimen>
<dimen name="layout_x_234">529.0px</dimen>
<dimen name="layout_x_235">531.0px</dimen>
<dimen name="layout_x_236">533.0px</dimen>
<dimen name="layout_x_237">535.0px</dimen>
<dimen name="layout_x_238">538.0px</dimen>
<dimen name="layout_x_239">540.0px</dimen>
<dimen name="layout_x_240">542.0px</dimen>
<dimen name="layout_x_241">544.0px</dimen>
<dimen name="layout_x_242">547.0px</dimen>
<dimen name="layout_x_243">549.0px</dimen>
<dimen name="layout_x_244">551.0px</dimen>
<dimen name="layout_x_245">554.0px</dimen>
<dimen name="layout_x_246">556.0px</dimen>
<dimen name="layout_x_247">558.0px</dimen>
<dimen name="layout_x_248">560.0px</dimen>
<dimen name="layout_x_249">563.0px</dimen>
<dimen name="layout_x_250">565.0px</dimen>
<dimen name="layout_x_251">567.0px</dimen>
<dimen name="layout_x_252">569.0px</dimen>
<dimen name="layout_x_253">572.0px</dimen>
<dimen name="layout_x_254">574.0px</dimen>
<dimen name="layout_x_255">576.0px</dimen>
<dimen name="layout_x_256">578.0px</dimen>
<dimen name="layout_x_257">581.0px</dimen>
<dimen name="layout_x_258">583.0px</dimen>
<dimen name="layout_x_259">585.0px</dimen>
<dimen name="layout_x_260">587.0px</dimen>
<dimen name="layout_x_261">590.0px</dimen>
<dimen name="layout_x_262">592.0px</dimen>
<dimen name="layout_x_263">594.0px</dimen>
<dimen name="layout_x_264">596.0px</dimen>
<dimen name="layout_x_265">599.0px</dimen>
<dimen name="layout_x_266">601.0px</dimen>
<dimen name="layout_x_267">603.0px</dimen>
<dimen name="layout_x_268">606.0px</dimen>
<dimen name="layout_x_269">608.0px</dimen>
<dimen name="layout_x_270">610.0px</dimen>
<dimen name="layout_x_271">612.0px</dimen>
<dimen name="layout_x_272">615.0px</dimen>
<dimen name="layout_x_273">617.0px</dimen>
<dimen name="layout_x_274">619.0px</dimen>
<dimen name="layout_x_275">621.0px</dimen>
<dimen name="layout_x_276">624.0px</dimen>
<dimen name="layout_x_277">626.0px</dimen>
<dimen name="layout_x_278">628.0px</dimen>
<dimen name="layout_x_279">630.0px</dimen>
<dimen name="layout_x_280">633.0px</dimen>
<dimen name="layout_x_281">635.0px</dimen>
<dimen name="layout_x_282">637.0px</dimen>
<dimen name="layout_x_283">639.0px</dimen>
<dimen name="layout_x_284">642.0px</dimen>
<dimen name="layout_x_285">644.0px</dimen>
<dimen name="layout_x_286">646.0px</dimen>
<dimen name="layout_x_287">648.0px</dimen>
<dimen name="layout_x_288">651.0px</dimen>
<dimen name="layout_x_289">653.0px</dimen>
<dimen name="layout_x_290">655.0px</dimen>
<dimen name="layout_x_291">658.0px</dimen>
<dimen name="layout_x_292">660.0px</dimen>
<dimen name="layout_x_293">662.0px</dimen>
<dimen name="layout_x_294">664.0px</dimen>
<dimen name="layout_x_295">667.0px</dimen>
<dimen name="layout_x_296">669.0px</dimen>
<dimen name="layout_x_297">671.0px</dimen>
<dimen name="layout_x_298">673.0px</dimen>
<dimen name="layout_x_299">676.0px</dimen>
<dimen name="layout_x_300">678.0px</dimen>
<dimen name="layout_x_301">680.0px</dimen>
<dimen name="layout_x_302">682.0px</dimen>
<dimen name="layout_x_303">685.0px</dimen>
<dimen name="layout_x_304">687.0px</dimen>
<dimen name="layout_x_305">689.0px</dimen>
<dimen name="layout_x_306">691.0px</dimen>
<dimen name="layout_x_307">694.0px</dimen>
<dimen name="layout_x_308">696.0px</dimen>
<dimen name="layout_x_309">698.0px</dimen>
<dimen name="layout_x_310">700.0px</dimen>
<dimen name="layout_x_311">703.0px</dimen>
<dimen name="layout_x_312">705.0px</dimen>
<dimen name="layout_x_313">707.0px</dimen>
<dimen name="layout_x_314">710.0px</dimen>
<dimen name="layout_x_315">712.0px</dimen>
<dimen name="layout_x_316">714.0px</dimen>
<dimen name="layout_x_317">716.0px</dimen>
<dimen name="layout_x_318">719.0px</dimen>
<dimen name="layout_x_319">721.0px</dimen>
<dimen name="layout_x_320">723.0px</dimen>
<dimen name="layout_x_321">725.0px</dimen>
<dimen name="layout_x_322">728.0px</dimen>
<dimen name="layout_x_323">730.0px</dimen>
<dimen name="layout_x_324">732.0px</dimen>
<dimen name="layout_x_325">734.0px</dimen>
<dimen name="layout_x_326">737.0px</dimen>
<dimen name="layout_x_327">739.0px</dimen>
<dimen name="layout_x_328">741.0px</dimen>
<dimen name="layout_x_329">743.0px</dimen>
<dimen name="layout_x_330">746.0px</dimen>
<dimen name="layout_x_331">748.0px</dimen>
<dimen name="layout_x_332">750.0px</dimen>
<dimen name="layout_x_333">752.0px</dimen>
<dimen name="layout_x_334">755.0px</dimen>
<dimen name="layout_x_335">757.0px</dimen>
<dimen name="layout_x_336">759.0px</dimen>
<dimen name="layout_x_337">762.0px</dimen>
<dimen name="layout_x_338">764.0px</dimen>
<dimen name="layout_x_339">766.0px</dimen>
<dimen name="layout_x_340">768.0px</dimen>
<dimen name="layout_x_341">771.0px</dimen>
<dimen name="layout_x_342">773.0px</dimen>
<dimen name="layout_x_343">775.0px</dimen>
<dimen name="layout_x_344">777.0px</dimen>
<dimen name="layout_x_345">780.0px</dimen>
<dimen name="layout_x_346">782.0px</dimen>
<dimen name="layout_x_347">784.0px</dimen>
<dimen name="layout_x_348">786.0px</dimen>
<dimen name="layout_x_349">789.0px</dimen>
<dimen name="layout_x_350">791.0px</dimen>
<dimen name="layout_x_351">793.0px</dimen>
<dimen name="layout_x_352">795.0px</dimen>
<dimen name="layout_x_353">798.0px</dimen>
<dimen name="layout_x_354">800.0px</dimen>
<dimen name="layout_x_355">802.0px</dimen>
<dimen name="layout_x_356">805.0px</dimen>
<dimen name="layout_x_357">807.0px</dimen>
<dimen name="layout_x_358">809.0px</dimen>
<dimen name="layout_x_359">811.0px</dimen>
<dimen name="layout_x_360">814.0px</dimen>
<dimen name="layout_x_361">816.0px</dimen>
<dimen name="layout_x_362">818.0px</dimen>
<dimen name="layout_x_363">820.0px</dimen>
<dimen name="layout_x_364">823.0px</dimen>
<dimen name="layout_x_365">825.0px</dimen>
<dimen name="layout_x_366">827.0px</dimen>
<dimen name="layout_x_367">829.0px</dimen>
<dimen name="layout_x_368">832.0px</dimen>
<dimen name="layout_x_369">834.0px</dimen>
<dimen name="layout_x_370">836.0px</dimen>
<dimen name="layout_x_371">838.0px</dimen>
<dimen name="layout_x_372">841.0px</dimen>
<dimen name="layout_x_373">843.0px</dimen>
<dimen name="layout_x_374">845.0px</dimen>
<dimen name="layout_x_375">847.0px</dimen>
<dimen name="layout_x_376">850.0px</dimen>
<dimen name="layout_x_377">852.0px</dimen>
<dimen name="layout_x_378">854.0px</dimen>
<dimen name="layout_x_379">857.0px</dimen>
<dimen name="layout_x_380">859.0px</dimen>
<dimen name="layout_x_381">861.0px</dimen>
<dimen name="layout_x_382">863.0px</dimen>
<dimen name="layout_x_383">866.0px</dimen>
<dimen name="layout_x_384">868.0px</dimen>
<dimen name="layout_x_385">870.0px</dimen>
<dimen name="layout_x_386">872.0px</dimen>
<dimen name="layout_x_387">875.0px</dimen>
<dimen name="layout_x_388">877.0px</dimen>
<dimen name="layout_x_389">879.0px</dimen>
<dimen name="layout_x_390">881.0px</dimen>
<dimen name="layout_x_391">884.0px</dimen>
<dimen name="layout_x_392">886.0px</dimen>
<dimen name="layout_x_393">888.0px</dimen>
<dimen name="layout_x_394">890.0px</dimen>
<dimen name="layout_x_395">893.0px</dimen>
<dimen name="layout_x_396">895.0px</dimen>
<dimen name="layout_x_397">897.0px</dimen>
<dimen name="layout_x_398">899.0px</dimen>
<dimen name="layout_x_399">902.0px</dimen>
<dimen name="layout_x_400">904.0px</dimen>
<dimen name="layout_x_401">906.0px</dimen>
<dimen name="layout_x_402">909.0px</dimen>
<dimen name="layout_x_403">911.0px</dimen>
<dimen name="layout_x_404">913.0px</dimen>
<dimen name="layout_x_405">915.0px</dimen>
<dimen name="layout_x_406">918.0px</dimen>
<dimen name="layout_x_407">920.0px</dimen>
<dimen name="layout_x_408">922.0px</dimen>
<dimen name="layout_x_409">924.0px</dimen>
<dimen name="layout_x_410">927.0px</dimen>
<dimen name="layout_x_411">929.0px</dimen>
<dimen name="layout_x_412">931.0px</dimen>
<dimen name="layout_x_413">933.0px</dimen>
<dimen name="layout_x_414">936.0px</dimen>
<dimen name="layout_x_415">938.0px</dimen>
<dimen name="layout_x_416">940.0px</dimen>
<dimen name="layout_x_417">942.0px</dimen>
<dimen name="layout_x_418">945.0px</dimen>
<dimen name="layout_x_419">947.0px</dimen>
<dimen name="layout_x_420">949.0px</dimen>
<dimen name="layout_x_421">951.0px</dimen>
<dimen name="layout_x_422">954.0px</dimen>
<dimen name="layout_x_423">956.0px</dimen>
<dimen name="layout_x_424">958.0px</dimen>
<dimen name="layout_x_425">961.0px</dimen>
<dimen name="layout_x_426">963.0px</dimen>
<dimen name="layout_x_427">965.0px</dimen>
<dimen name="layout_x_428">967.0px</dimen>
<dimen name="layout_x_429">970.0px</dimen>
<dimen name="layout_x_430">972.0px</dimen>
<dimen name="layout_x_431">974.0px</dimen>
<dimen name="layout_x_432">976.0px</dimen>
<dimen name="layout_x_433">979.0px</dimen>
<dimen name="layout_x_434">981.0px</dimen>
<dimen name="layout_x_435">983.0px</dimen>
<dimen name="layout_x_436">985.0px</dimen>
<dimen name="layout_x_437">988.0px</dimen>
<dimen name="layout_x_438">990.0px</dimen>
<dimen name="layout_x_439">992.0px</dimen>
<dimen name="layout_x_440">994.0px</dimen>
<dimen name="layout_x_441">997.0px</dimen>
<dimen name="layout_x_442">999.0px</dimen>
<dimen name="layout_x_443">1001.0px</dimen>
<dimen name="layout_x_444">1003.0px</dimen>
<dimen name="layout_x_445">1006.0px</dimen>
<dimen name="layout_x_446">1008.0px</dimen>
<dimen name="layout_x_447">1010.0px</dimen>
<dimen name="layout_x_448">1013.0px</dimen>
<dimen name="layout_x_449">1015.0px</dimen>
<dimen name="layout_x_450">1017.0px</dimen>
<dimen name="layout_x_451">1019.0px</dimen>
<dimen name="layout_x_452">1022.0px</dimen>
<dimen name="layout_x_453">1024.0px</dimen>
<dimen name="layout_x_454">1026.0px</dimen>
<dimen name="layout_x_455">1028.0px</dimen>
<dimen name="layout_x_456">1031.0px</dimen>
<dimen name="layout_x_457">1033.0px</dimen>
<dimen name="layout_x_458">1035.0px</dimen>
<dimen name="layout_x_459">1037.0px</dimen>
<dimen name="layout_x_460">1040.0px</dimen>
<dimen name="layout_x_461">1042.0px</dimen>
<dimen name="layout_x_462">1044.0px</dimen>
<dimen name="layout_x_463">1046.0px</dimen>
<dimen name="layout_x_464">1049.0px</dimen>
<dimen name="layout_x_465">1051.0px</dimen>
<dimen name="layout_x_466">1053.0px</dimen>
<dimen name="layout_x_467">1056.0px</dimen>
<dimen name="layout_x_468">1058.0px</dimen>
<dimen name="layout_x_469">1060.0px</dimen>
<dimen name="layout_x_470">1062.0px</dimen>
<dimen name="layout_x_471">1065.0px</dimen>
<dimen name="layout_x_472">1067.0px</dimen>
<dimen name="layout_x_473">1069.0px</dimen>
<dimen name="layout_x_474">1071.0px</dimen>
<dimen name="layout_x_475">1074.0px</dimen>
<dimen name="layout_x_476">1076.0px</dimen>
<dimen name="layout_x_477">1078.0px</dimen>
<dimen name="layout_x_478">1080.0px</dimen>
<dimen name="layout_x_479">1083.0px</dimen>
<dimen name="layout_x_480">1080px</dimen>
</resources>