<?xml version="1.0" encoding="utf-8"?>
<resources><dimen name="layout_y_0">0.0px</dimen>
<dimen name="layout_y_1">2.0px</dimen>
<dimen name="layout_y_2">5.0px</dimen>
<dimen name="layout_y_3">7.0px</dimen>
<dimen name="layout_y_4">10.0px</dimen>
<dimen name="layout_y_5">12.0px</dimen>
<dimen name="layout_y_6">15.0px</dimen>
<dimen name="layout_y_7">17.0px</dimen>
<dimen name="layout_y_8">20.0px</dimen>
<dimen name="layout_y_9">22.0px</dimen>
<dimen name="layout_y_10">25.0px</dimen>
<dimen name="layout_y_11">27.0px</dimen>
<dimen name="layout_y_12">30.0px</dimen>
<dimen name="layout_y_13">32.0px</dimen>
<dimen name="layout_y_14">35.0px</dimen>
<dimen name="layout_y_15">37.0px</dimen>
<dimen name="layout_y_16">40.0px</dimen>
<dimen name="layout_y_17">42.0px</dimen>
<dimen name="layout_y_18">45.0px</dimen>
<dimen name="layout_y_19">48.0px</dimen>
<dimen name="layout_y_20">50.0px</dimen>
<dimen name="layout_y_21">53.0px</dimen>
<dimen name="layout_y_22">55.0px</dimen>
<dimen name="layout_y_23">58.0px</dimen>
<dimen name="layout_y_24">60.0px</dimen>
<dimen name="layout_y_25">63.0px</dimen>
<dimen name="layout_y_26">65.0px</dimen>
<dimen name="layout_y_27">68.0px</dimen>
<dimen name="layout_y_28">70.0px</dimen>
<dimen name="layout_y_29">73.0px</dimen>
<dimen name="layout_y_30">75.0px</dimen>
<dimen name="layout_y_31">78.0px</dimen>
<dimen name="layout_y_32">80.0px</dimen>
<dimen name="layout_y_33">83.0px</dimen>
<dimen name="layout_y_34">85.0px</dimen>
<dimen name="layout_y_35">88.0px</dimen>
<dimen name="layout_y_36">91.0px</dimen>
<dimen name="layout_y_37">93.0px</dimen>
<dimen name="layout_y_38">96.0px</dimen>
<dimen name="layout_y_39">98.0px</dimen>
<dimen name="layout_y_40">101.0px</dimen>
<dimen name="layout_y_41">103.0px</dimen>
<dimen name="layout_y_42">106.0px</dimen>
<dimen name="layout_y_43">108.0px</dimen>
<dimen name="layout_y_44">111.0px</dimen>
<dimen name="layout_y_45">113.0px</dimen>
<dimen name="layout_y_46">116.0px</dimen>
<dimen name="layout_y_47">118.0px</dimen>
<dimen name="layout_y_48">121.0px</dimen>
<dimen name="layout_y_49">123.0px</dimen>
<dimen name="layout_y_50">126.0px</dimen>
<dimen name="layout_y_51">128.0px</dimen>
<dimen name="layout_y_52">131.0px</dimen>
<dimen name="layout_y_53">134.0px</dimen>
<dimen name="layout_y_54">136.0px</dimen>
<dimen name="layout_y_55">139.0px</dimen>
<dimen name="layout_y_56">141.0px</dimen>
<dimen name="layout_y_57">144.0px</dimen>
<dimen name="layout_y_58">146.0px</dimen>
<dimen name="layout_y_59">149.0px</dimen>
<dimen name="layout_y_60">151.0px</dimen>
<dimen name="layout_y_61">154.0px</dimen>
<dimen name="layout_y_62">156.0px</dimen>
<dimen name="layout_y_63">159.0px</dimen>
<dimen name="layout_y_64">161.0px</dimen>
<dimen name="layout_y_65">164.0px</dimen>
<dimen name="layout_y_66">166.0px</dimen>
<dimen name="layout_y_67">169.0px</dimen>
<dimen name="layout_y_68">171.0px</dimen>
<dimen name="layout_y_69">174.0px</dimen>
<dimen name="layout_y_70">177.0px</dimen>
<dimen name="layout_y_71">179.0px</dimen>
<dimen name="layout_y_72">182.0px</dimen>
<dimen name="layout_y_73">184.0px</dimen>
<dimen name="layout_y_74">187.0px</dimen>
<dimen name="layout_y_75">189.0px</dimen>
<dimen name="layout_y_76">192.0px</dimen>
<dimen name="layout_y_77">194.0px</dimen>
<dimen name="layout_y_78">197.0px</dimen>
<dimen name="layout_y_79">199.0px</dimen>
<dimen name="layout_y_80">202.0px</dimen>
<dimen name="layout_y_81">204.0px</dimen>
<dimen name="layout_y_82">207.0px</dimen>
<dimen name="layout_y_83">209.0px</dimen>
<dimen name="layout_y_84">212.0px</dimen>
<dimen name="layout_y_85">214.0px</dimen>
<dimen name="layout_y_86">217.0px</dimen>
<dimen name="layout_y_87">220.0px</dimen>
<dimen name="layout_y_88">222.0px</dimen>
<dimen name="layout_y_89">225.0px</dimen>
<dimen name="layout_y_90">227.0px</dimen>
<dimen name="layout_y_91">230.0px</dimen>
<dimen name="layout_y_92">232.0px</dimen>
<dimen name="layout_y_93">235.0px</dimen>
<dimen name="layout_y_94">237.0px</dimen>
<dimen name="layout_y_95">240.0px</dimen>
<dimen name="layout_y_96">242.0px</dimen>
<dimen name="layout_y_97">245.0px</dimen>
<dimen name="layout_y_98">247.0px</dimen>
<dimen name="layout_y_99">250.0px</dimen>
<dimen name="layout_y_100">252.0px</dimen>
<dimen name="layout_y_101">255.0px</dimen>
<dimen name="layout_y_102">257.0px</dimen>
<dimen name="layout_y_103">260.0px</dimen>
<dimen name="layout_y_104">263.0px</dimen>
<dimen name="layout_y_105">265.0px</dimen>
<dimen name="layout_y_106">268.0px</dimen>
<dimen name="layout_y_107">270.0px</dimen>
<dimen name="layout_y_108">273.0px</dimen>
<dimen name="layout_y_109">275.0px</dimen>
<dimen name="layout_y_110">278.0px</dimen>
<dimen name="layout_y_111">280.0px</dimen>
<dimen name="layout_y_112">283.0px</dimen>
<dimen name="layout_y_113">285.0px</dimen>
<dimen name="layout_y_114">288.0px</dimen>
<dimen name="layout_y_115">290.0px</dimen>
<dimen name="layout_y_116">293.0px</dimen>
<dimen name="layout_y_117">295.0px</dimen>
<dimen name="layout_y_118">298.0px</dimen>
<dimen name="layout_y_119">300.0px</dimen>
<dimen name="layout_y_120">303.0px</dimen>
<dimen name="layout_y_121">306.0px</dimen>
<dimen name="layout_y_122">308.0px</dimen>
<dimen name="layout_y_123">311.0px</dimen>
<dimen name="layout_y_124">313.0px</dimen>
<dimen name="layout_y_125">316.0px</dimen>
<dimen name="layout_y_126">318.0px</dimen>
<dimen name="layout_y_127">321.0px</dimen>
<dimen name="layout_y_128">323.0px</dimen>
<dimen name="layout_y_129">326.0px</dimen>
<dimen name="layout_y_130">328.0px</dimen>
<dimen name="layout_y_131">331.0px</dimen>
<dimen name="layout_y_132">333.0px</dimen>
<dimen name="layout_y_133">336.0px</dimen>
<dimen name="layout_y_134">338.0px</dimen>
<dimen name="layout_y_135">341.0px</dimen>
<dimen name="layout_y_136">343.0px</dimen>
<dimen name="layout_y_137">346.0px</dimen>
<dimen name="layout_y_138">349.0px</dimen>
<dimen name="layout_y_139">351.0px</dimen>
<dimen name="layout_y_140">354.0px</dimen>
<dimen name="layout_y_141">356.0px</dimen>
<dimen name="layout_y_142">359.0px</dimen>
<dimen name="layout_y_143">361.0px</dimen>
<dimen name="layout_y_144">364.0px</dimen>
<dimen name="layout_y_145">366.0px</dimen>
<dimen name="layout_y_146">369.0px</dimen>
<dimen name="layout_y_147">371.0px</dimen>
<dimen name="layout_y_148">374.0px</dimen>
<dimen name="layout_y_149">376.0px</dimen>
<dimen name="layout_y_150">379.0px</dimen>
<dimen name="layout_y_151">381.0px</dimen>
<dimen name="layout_y_152">384.0px</dimen>
<dimen name="layout_y_153">386.0px</dimen>
<dimen name="layout_y_154">389.0px</dimen>
<dimen name="layout_y_155">392.0px</dimen>
<dimen name="layout_y_156">394.0px</dimen>
<dimen name="layout_y_157">397.0px</dimen>
<dimen name="layout_y_158">399.0px</dimen>
<dimen name="layout_y_159">402.0px</dimen>
<dimen name="layout_y_160">404.0px</dimen>
<dimen name="layout_y_161">407.0px</dimen>
<dimen name="layout_y_162">409.0px</dimen>
<dimen name="layout_y_163">412.0px</dimen>
<dimen name="layout_y_164">414.0px</dimen>
<dimen name="layout_y_165">417.0px</dimen>
<dimen name="layout_y_166">419.0px</dimen>
<dimen name="layout_y_167">422.0px</dimen>
<dimen name="layout_y_168">424.0px</dimen>
<dimen name="layout_y_169">427.0px</dimen>
<dimen name="layout_y_170">429.0px</dimen>
<dimen name="layout_y_171">432.0px</dimen>
<dimen name="layout_y_172">435.0px</dimen>
<dimen name="layout_y_173">437.0px</dimen>
<dimen name="layout_y_174">440.0px</dimen>
<dimen name="layout_y_175">442.0px</dimen>
<dimen name="layout_y_176">445.0px</dimen>
<dimen name="layout_y_177">447.0px</dimen>
<dimen name="layout_y_178">450.0px</dimen>
<dimen name="layout_y_179">452.0px</dimen>
<dimen name="layout_y_180">455.0px</dimen>
<dimen name="layout_y_181">457.0px</dimen>
<dimen name="layout_y_182">460.0px</dimen>
<dimen name="layout_y_183">462.0px</dimen>
<dimen name="layout_y_184">465.0px</dimen>
<dimen name="layout_y_185">467.0px</dimen>
<dimen name="layout_y_186">470.0px</dimen>
<dimen name="layout_y_187">472.0px</dimen>
<dimen name="layout_y_188">475.0px</dimen>
<dimen name="layout_y_189">478.0px</dimen>
<dimen name="layout_y_190">480.0px</dimen>
<dimen name="layout_y_191">483.0px</dimen>
<dimen name="layout_y_192">485.0px</dimen>
<dimen name="layout_y_193">488.0px</dimen>
<dimen name="layout_y_194">490.0px</dimen>
<dimen name="layout_y_195">493.0px</dimen>
<dimen name="layout_y_196">495.0px</dimen>
<dimen name="layout_y_197">498.0px</dimen>
<dimen name="layout_y_198">500.0px</dimen>
<dimen name="layout_y_199">503.0px</dimen>
<dimen name="layout_y_200">505.0px</dimen>
<dimen name="layout_y_201">508.0px</dimen>
<dimen name="layout_y_202">510.0px</dimen>
<dimen name="layout_y_203">513.0px</dimen>
<dimen name="layout_y_204">515.0px</dimen>
<dimen name="layout_y_205">518.0px</dimen>
<dimen name="layout_y_206">521.0px</dimen>
<dimen name="layout_y_207">523.0px</dimen>
<dimen name="layout_y_208">526.0px</dimen>
<dimen name="layout_y_209">528.0px</dimen>
<dimen name="layout_y_210">531.0px</dimen>
<dimen name="layout_y_211">533.0px</dimen>
<dimen name="layout_y_212">536.0px</dimen>
<dimen name="layout_y_213">538.0px</dimen>
<dimen name="layout_y_214">541.0px</dimen>
<dimen name="layout_y_215">543.0px</dimen>
<dimen name="layout_y_216">546.0px</dimen>
<dimen name="layout_y_217">548.0px</dimen>
<dimen name="layout_y_218">551.0px</dimen>
<dimen name="layout_y_219">553.0px</dimen>
<dimen name="layout_y_220">556.0px</dimen>
<dimen name="layout_y_221">558.0px</dimen>
<dimen name="layout_y_222">561.0px</dimen>
<dimen name="layout_y_223">564.0px</dimen>
<dimen name="layout_y_224">566.0px</dimen>
<dimen name="layout_y_225">569.0px</dimen>
<dimen name="layout_y_226">571.0px</dimen>
<dimen name="layout_y_227">574.0px</dimen>
<dimen name="layout_y_228">576.0px</dimen>
<dimen name="layout_y_229">579.0px</dimen>
<dimen name="layout_y_230">581.0px</dimen>
<dimen name="layout_y_231">584.0px</dimen>
<dimen name="layout_y_232">586.0px</dimen>
<dimen name="layout_y_233">589.0px</dimen>
<dimen name="layout_y_234">591.0px</dimen>
<dimen name="layout_y_235">594.0px</dimen>
<dimen name="layout_y_236">596.0px</dimen>
<dimen name="layout_y_237">599.0px</dimen>
<dimen name="layout_y_238">601.0px</dimen>
<dimen name="layout_y_239">604.0px</dimen>
<dimen name="layout_y_240">607.0px</dimen>
<dimen name="layout_y_241">609.0px</dimen>
<dimen name="layout_y_242">612.0px</dimen>
<dimen name="layout_y_243">614.0px</dimen>
<dimen name="layout_y_244">617.0px</dimen>
<dimen name="layout_y_245">619.0px</dimen>
<dimen name="layout_y_246">622.0px</dimen>
<dimen name="layout_y_247">624.0px</dimen>
<dimen name="layout_y_248">627.0px</dimen>
<dimen name="layout_y_249">629.0px</dimen>
<dimen name="layout_y_250">632.0px</dimen>
<dimen name="layout_y_251">634.0px</dimen>
<dimen name="layout_y_252">637.0px</dimen>
<dimen name="layout_y_253">639.0px</dimen>
<dimen name="layout_y_254">642.0px</dimen>
<dimen name="layout_y_255">644.0px</dimen>
<dimen name="layout_y_256">647.0px</dimen>
<dimen name="layout_y_257">650.0px</dimen>
<dimen name="layout_y_258">652.0px</dimen>
<dimen name="layout_y_259">655.0px</dimen>
<dimen name="layout_y_260">657.0px</dimen>
<dimen name="layout_y_261">660.0px</dimen>
<dimen name="layout_y_262">662.0px</dimen>
<dimen name="layout_y_263">665.0px</dimen>
<dimen name="layout_y_264">667.0px</dimen>
<dimen name="layout_y_265">670.0px</dimen>
<dimen name="layout_y_266">672.0px</dimen>
<dimen name="layout_y_267">675.0px</dimen>
<dimen name="layout_y_268">677.0px</dimen>
<dimen name="layout_y_269">680.0px</dimen>
<dimen name="layout_y_270">682.0px</dimen>
<dimen name="layout_y_271">685.0px</dimen>
<dimen name="layout_y_272">687.0px</dimen>
<dimen name="layout_y_273">690.0px</dimen>
<dimen name="layout_y_274">693.0px</dimen>
<dimen name="layout_y_275">695.0px</dimen>
<dimen name="layout_y_276">698.0px</dimen>
<dimen name="layout_y_277">700.0px</dimen>
<dimen name="layout_y_278">703.0px</dimen>
<dimen name="layout_y_279">705.0px</dimen>
<dimen name="layout_y_280">708.0px</dimen>
<dimen name="layout_y_281">710.0px</dimen>
<dimen name="layout_y_282">713.0px</dimen>
<dimen name="layout_y_283">715.0px</dimen>
<dimen name="layout_y_284">718.0px</dimen>
<dimen name="layout_y_285">720.0px</dimen>
<dimen name="layout_y_286">723.0px</dimen>
<dimen name="layout_y_287">725.0px</dimen>
<dimen name="layout_y_288">728.0px</dimen>
<dimen name="layout_y_289">730.0px</dimen>
<dimen name="layout_y_290">733.0px</dimen>
<dimen name="layout_y_291">736.0px</dimen>
<dimen name="layout_y_292">738.0px</dimen>
<dimen name="layout_y_293">741.0px</dimen>
<dimen name="layout_y_294">743.0px</dimen>
<dimen name="layout_y_295">746.0px</dimen>
<dimen name="layout_y_296">748.0px</dimen>
<dimen name="layout_y_297">751.0px</dimen>
<dimen name="layout_y_298">753.0px</dimen>
<dimen name="layout_y_299">756.0px</dimen>
<dimen name="layout_y_300">758.0px</dimen>
<dimen name="layout_y_301">761.0px</dimen>
<dimen name="layout_y_302">763.0px</dimen>
<dimen name="layout_y_303">766.0px</dimen>
<dimen name="layout_y_304">768.0px</dimen>
<dimen name="layout_y_305">771.0px</dimen>
<dimen name="layout_y_306">773.0px</dimen>
<dimen name="layout_y_307">776.0px</dimen>
<dimen name="layout_y_308">779.0px</dimen>
<dimen name="layout_y_309">781.0px</dimen>
<dimen name="layout_y_310">784.0px</dimen>
<dimen name="layout_y_311">786.0px</dimen>
<dimen name="layout_y_312">789.0px</dimen>
<dimen name="layout_y_313">791.0px</dimen>
<dimen name="layout_y_314">794.0px</dimen>
<dimen name="layout_y_315">796.0px</dimen>
<dimen name="layout_y_316">799.0px</dimen>
<dimen name="layout_y_317">801.0px</dimen>
<dimen name="layout_y_318">804.0px</dimen>
<dimen name="layout_y_319">806.0px</dimen>
<dimen name="layout_y_320">809.0px</dimen>
<dimen name="layout_y_321">811.0px</dimen>
<dimen name="layout_y_322">814.0px</dimen>
<dimen name="layout_y_323">816.0px</dimen>
<dimen name="layout_y_324">819.0px</dimen>
<dimen name="layout_y_325">822.0px</dimen>
<dimen name="layout_y_326">824.0px</dimen>
<dimen name="layout_y_327">827.0px</dimen>
<dimen name="layout_y_328">829.0px</dimen>
<dimen name="layout_y_329">832.0px</dimen>
<dimen name="layout_y_330">834.0px</dimen>
<dimen name="layout_y_331">837.0px</dimen>
<dimen name="layout_y_332">839.0px</dimen>
<dimen name="layout_y_333">842.0px</dimen>
<dimen name="layout_y_334">844.0px</dimen>
<dimen name="layout_y_335">847.0px</dimen>
<dimen name="layout_y_336">849.0px</dimen>
<dimen name="layout_y_337">852.0px</dimen>
<dimen name="layout_y_338">854.0px</dimen>
<dimen name="layout_y_339">857.0px</dimen>
<dimen name="layout_y_340">859.0px</dimen>
<dimen name="layout_y_341">862.0px</dimen>
<dimen name="layout_y_342">865.0px</dimen>
<dimen name="layout_y_343">867.0px</dimen>
<dimen name="layout_y_344">870.0px</dimen>
<dimen name="layout_y_345">872.0px</dimen>
<dimen name="layout_y_346">875.0px</dimen>
<dimen name="layout_y_347">877.0px</dimen>
<dimen name="layout_y_348">880.0px</dimen>
<dimen name="layout_y_349">882.0px</dimen>
<dimen name="layout_y_350">885.0px</dimen>
<dimen name="layout_y_351">887.0px</dimen>
<dimen name="layout_y_352">890.0px</dimen>
<dimen name="layout_y_353">892.0px</dimen>
<dimen name="layout_y_354">895.0px</dimen>
<dimen name="layout_y_355">897.0px</dimen>
<dimen name="layout_y_356">900.0px</dimen>
<dimen name="layout_y_357">902.0px</dimen>
<dimen name="layout_y_358">905.0px</dimen>
<dimen name="layout_y_359">908.0px</dimen>
<dimen name="layout_y_360">910.0px</dimen>
<dimen name="layout_y_361">913.0px</dimen>
<dimen name="layout_y_362">915.0px</dimen>
<dimen name="layout_y_363">918.0px</dimen>
<dimen name="layout_y_364">920.0px</dimen>
<dimen name="layout_y_365">923.0px</dimen>
<dimen name="layout_y_366">925.0px</dimen>
<dimen name="layout_y_367">928.0px</dimen>
<dimen name="layout_y_368">930.0px</dimen>
<dimen name="layout_y_369">933.0px</dimen>
<dimen name="layout_y_370">935.0px</dimen>
<dimen name="layout_y_371">938.0px</dimen>
<dimen name="layout_y_372">940.0px</dimen>
<dimen name="layout_y_373">943.0px</dimen>
<dimen name="layout_y_374">945.0px</dimen>
<dimen name="layout_y_375">948.0px</dimen>
<dimen name="layout_y_376">950.0px</dimen>
<dimen name="layout_y_377">953.0px</dimen>
<dimen name="layout_y_378">956.0px</dimen>
<dimen name="layout_y_379">958.0px</dimen>
<dimen name="layout_y_380">961.0px</dimen>
<dimen name="layout_y_381">963.0px</dimen>
<dimen name="layout_y_382">966.0px</dimen>
<dimen name="layout_y_383">968.0px</dimen>
<dimen name="layout_y_384">971.0px</dimen>
<dimen name="layout_y_385">973.0px</dimen>
<dimen name="layout_y_386">976.0px</dimen>
<dimen name="layout_y_387">978.0px</dimen>
<dimen name="layout_y_388">981.0px</dimen>
<dimen name="layout_y_389">983.0px</dimen>
<dimen name="layout_y_390">986.0px</dimen>
<dimen name="layout_y_391">988.0px</dimen>
<dimen name="layout_y_392">991.0px</dimen>
<dimen name="layout_y_393">993.0px</dimen>
<dimen name="layout_y_394">996.0px</dimen>
<dimen name="layout_y_395">999.0px</dimen>
<dimen name="layout_y_396">1001.0px</dimen>
<dimen name="layout_y_397">1004.0px</dimen>
<dimen name="layout_y_398">1006.0px</dimen>
<dimen name="layout_y_399">1009.0px</dimen>
<dimen name="layout_y_400">1011.0px</dimen>
<dimen name="layout_y_401">1014.0px</dimen>
<dimen name="layout_y_402">1016.0px</dimen>
<dimen name="layout_y_403">1019.0px</dimen>
<dimen name="layout_y_404">1021.0px</dimen>
<dimen name="layout_y_405">1024.0px</dimen>
<dimen name="layout_y_406">1026.0px</dimen>
<dimen name="layout_y_407">1029.0px</dimen>
<dimen name="layout_y_408">1031.0px</dimen>
<dimen name="layout_y_409">1034.0px</dimen>
<dimen name="layout_y_410">1036.0px</dimen>
<dimen name="layout_y_411">1039.0px</dimen>
<dimen name="layout_y_412">1042.0px</dimen>
<dimen name="layout_y_413">1044.0px</dimen>
<dimen name="layout_y_414">1047.0px</dimen>
<dimen name="layout_y_415">1049.0px</dimen>
<dimen name="layout_y_416">1052.0px</dimen>
<dimen name="layout_y_417">1054.0px</dimen>
<dimen name="layout_y_418">1057.0px</dimen>
<dimen name="layout_y_419">1059.0px</dimen>
<dimen name="layout_y_420">1062.0px</dimen>
<dimen name="layout_y_421">1064.0px</dimen>
<dimen name="layout_y_422">1067.0px</dimen>
<dimen name="layout_y_423">1069.0px</dimen>
<dimen name="layout_y_424">1072.0px</dimen>
<dimen name="layout_y_425">1074.0px</dimen>
<dimen name="layout_y_426">1077.0px</dimen>
<dimen name="layout_y_427">1079.0px</dimen>
<dimen name="layout_y_428">1082.0px</dimen>
<dimen name="layout_y_429">1085.0px</dimen>
<dimen name="layout_y_430">1087.0px</dimen>
<dimen name="layout_y_431">1090.0px</dimen>
<dimen name="layout_y_432">1092.0px</dimen>
<dimen name="layout_y_433">1095.0px</dimen>
<dimen name="layout_y_434">1097.0px</dimen>
<dimen name="layout_y_435">1100.0px</dimen>
<dimen name="layout_y_436">1102.0px</dimen>
<dimen name="layout_y_437">1105.0px</dimen>
<dimen name="layout_y_438">1107.0px</dimen>
<dimen name="layout_y_439">1110.0px</dimen>
<dimen name="layout_y_440">1112.0px</dimen>
<dimen name="layout_y_441">1115.0px</dimen>
<dimen name="layout_y_442">1117.0px</dimen>
<dimen name="layout_y_443">1120.0px</dimen>
<dimen name="layout_y_444">1122.0px</dimen>
<dimen name="layout_y_445">1125.0px</dimen>
<dimen name="layout_y_446">1128.0px</dimen>
<dimen name="layout_y_447">1130.0px</dimen>
<dimen name="layout_y_448">1133.0px</dimen>
<dimen name="layout_y_449">1135.0px</dimen>
<dimen name="layout_y_450">1138.0px</dimen>
<dimen name="layout_y_451">1140.0px</dimen>
<dimen name="layout_y_452">1143.0px</dimen>
<dimen name="layout_y_453">1145.0px</dimen>
<dimen name="layout_y_454">1148.0px</dimen>
<dimen name="layout_y_455">1150.0px</dimen>
<dimen name="layout_y_456">1153.0px</dimen>
<dimen name="layout_y_457">1155.0px</dimen>
<dimen name="layout_y_458">1158.0px</dimen>
<dimen name="layout_y_459">1160.0px</dimen>
<dimen name="layout_y_460">1163.0px</dimen>
<dimen name="layout_y_461">1165.0px</dimen>
<dimen name="layout_y_462">1168.0px</dimen>
<dimen name="layout_y_463">1171.0px</dimen>
<dimen name="layout_y_464">1173.0px</dimen>
<dimen name="layout_y_465">1176.0px</dimen>
<dimen name="layout_y_466">1178.0px</dimen>
<dimen name="layout_y_467">1181.0px</dimen>
<dimen name="layout_y_468">1183.0px</dimen>
<dimen name="layout_y_469">1186.0px</dimen>
<dimen name="layout_y_470">1188.0px</dimen>
<dimen name="layout_y_471">1191.0px</dimen>
<dimen name="layout_y_472">1193.0px</dimen>
<dimen name="layout_y_473">1196.0px</dimen>
<dimen name="layout_y_474">1198.0px</dimen>
<dimen name="layout_y_475">1201.0px</dimen>
<dimen name="layout_y_476">1203.0px</dimen>
<dimen name="layout_y_477">1206.0px</dimen>
<dimen name="layout_y_478">1208.0px</dimen>
<dimen name="layout_y_479">1211.0px</dimen>
<dimen name="layout_y_480">1214.0px</dimen>
<dimen name="layout_y_481">1216.0px</dimen>
<dimen name="layout_y_482">1219.0px</dimen>
<dimen name="layout_y_483">1221.0px</dimen>
<dimen name="layout_y_484">1224.0px</dimen>
<dimen name="layout_y_485">1226.0px</dimen>
<dimen name="layout_y_486">1229.0px</dimen>
<dimen name="layout_y_487">1231.0px</dimen>
<dimen name="layout_y_488">1234.0px</dimen>
<dimen name="layout_y_489">1236.0px</dimen>
<dimen name="layout_y_490">1239.0px</dimen>
<dimen name="layout_y_491">1241.0px</dimen>
<dimen name="layout_y_492">1244.0px</dimen>
<dimen name="layout_y_493">1246.0px</dimen>
<dimen name="layout_y_494">1249.0px</dimen>
<dimen name="layout_y_495">1251.0px</dimen>
<dimen name="layout_y_496">1254.0px</dimen>
<dimen name="layout_y_497">1257.0px</dimen>
<dimen name="layout_y_498">1259.0px</dimen>
<dimen name="layout_y_499">1262.0px</dimen>
<dimen name="layout_y_500">1264.0px</dimen>
<dimen name="layout_y_501">1267.0px</dimen>
<dimen name="layout_y_502">1269.0px</dimen>
<dimen name="layout_y_503">1272.0px</dimen>
<dimen name="layout_y_504">1274.0px</dimen>
<dimen name="layout_y_505">1277.0px</dimen>
<dimen name="layout_y_506">1279.0px</dimen>
<dimen name="layout_y_507">1282.0px</dimen>
<dimen name="layout_y_508">1284.0px</dimen>
<dimen name="layout_y_509">1287.0px</dimen>
<dimen name="layout_y_510">1289.0px</dimen>
<dimen name="layout_y_511">1292.0px</dimen>
<dimen name="layout_y_512">1294.0px</dimen>
<dimen name="layout_y_513">1297.0px</dimen>
<dimen name="layout_y_514">1300.0px</dimen>
<dimen name="layout_y_515">1302.0px</dimen>
<dimen name="layout_y_516">1305.0px</dimen>
<dimen name="layout_y_517">1307.0px</dimen>
<dimen name="layout_y_518">1310.0px</dimen>
<dimen name="layout_y_519">1312.0px</dimen>
<dimen name="layout_y_520">1315.0px</dimen>
<dimen name="layout_y_521">1317.0px</dimen>
<dimen name="layout_y_522">1320.0px</dimen>
<dimen name="layout_y_523">1322.0px</dimen>
<dimen name="layout_y_524">1325.0px</dimen>
<dimen name="layout_y_525">1327.0px</dimen>
<dimen name="layout_y_526">1330.0px</dimen>
<dimen name="layout_y_527">1332.0px</dimen>
<dimen name="layout_y_528">1335.0px</dimen>
<dimen name="layout_y_529">1337.0px</dimen>
<dimen name="layout_y_530">1340.0px</dimen>
<dimen name="layout_y_531">1343.0px</dimen>
<dimen name="layout_y_532">1345.0px</dimen>
<dimen name="layout_y_533">1348.0px</dimen>
<dimen name="layout_y_534">1350.0px</dimen>
<dimen name="layout_y_535">1353.0px</dimen>
<dimen name="layout_y_536">1355.0px</dimen>
<dimen name="layout_y_537">1358.0px</dimen>
<dimen name="layout_y_538">1360.0px</dimen>
<dimen name="layout_y_539">1363.0px</dimen>
<dimen name="layout_y_540">1365.0px</dimen>
<dimen name="layout_y_541">1368.0px</dimen>
<dimen name="layout_y_542">1370.0px</dimen>
<dimen name="layout_y_543">1373.0px</dimen>
<dimen name="layout_y_544">1375.0px</dimen>
<dimen name="layout_y_545">1378.0px</dimen>
<dimen name="layout_y_546">1380.0px</dimen>
<dimen name="layout_y_547">1383.0px</dimen>
<dimen name="layout_y_548">1386.0px</dimen>
<dimen name="layout_y_549">1388.0px</dimen>
<dimen name="layout_y_550">1391.0px</dimen>
<dimen name="layout_y_551">1393.0px</dimen>
<dimen name="layout_y_552">1396.0px</dimen>
<dimen name="layout_y_553">1398.0px</dimen>
<dimen name="layout_y_554">1401.0px</dimen>
<dimen name="layout_y_555">1403.0px</dimen>
<dimen name="layout_y_556">1406.0px</dimen>
<dimen name="layout_y_557">1408.0px</dimen>
<dimen name="layout_y_558">1411.0px</dimen>
<dimen name="layout_y_559">1413.0px</dimen>
<dimen name="layout_y_560">1416.0px</dimen>
<dimen name="layout_y_561">1418.0px</dimen>
<dimen name="layout_y_562">1421.0px</dimen>
<dimen name="layout_y_563">1423.0px</dimen>
<dimen name="layout_y_564">1426.0px</dimen>
<dimen name="layout_y_565">1429.0px</dimen>
<dimen name="layout_y_566">1431.0px</dimen>
<dimen name="layout_y_567">1434.0px</dimen>
<dimen name="layout_y_568">1436.0px</dimen>
<dimen name="layout_y_569">1439.0px</dimen>
<dimen name="layout_y_570">1441.0px</dimen>
<dimen name="layout_y_571">1444.0px</dimen>
<dimen name="layout_y_572">1446.0px</dimen>
<dimen name="layout_y_573">1449.0px</dimen>
<dimen name="layout_y_574">1451.0px</dimen>
<dimen name="layout_y_575">1454.0px</dimen>
<dimen name="layout_y_576">1456.0px</dimen>
<dimen name="layout_y_577">1459.0px</dimen>
<dimen name="layout_y_578">1461.0px</dimen>
<dimen name="layout_y_579">1464.0px</dimen>
<dimen name="layout_y_580">1466.0px</dimen>
<dimen name="layout_y_581">1469.0px</dimen>
<dimen name="layout_y_582">1472.0px</dimen>
<dimen name="layout_y_583">1474.0px</dimen>
<dimen name="layout_y_584">1477.0px</dimen>
<dimen name="layout_y_585">1479.0px</dimen>
<dimen name="layout_y_586">1482.0px</dimen>
<dimen name="layout_y_587">1484.0px</dimen>
<dimen name="layout_y_588">1487.0px</dimen>
<dimen name="layout_y_589">1489.0px</dimen>
<dimen name="layout_y_590">1492.0px</dimen>
<dimen name="layout_y_591">1494.0px</dimen>
<dimen name="layout_y_592">1497.0px</dimen>
<dimen name="layout_y_593">1499.0px</dimen>
<dimen name="layout_y_594">1502.0px</dimen>
<dimen name="layout_y_595">1504.0px</dimen>
<dimen name="layout_y_596">1507.0px</dimen>
<dimen name="layout_y_597">1509.0px</dimen>
<dimen name="layout_y_598">1512.0px</dimen>
<dimen name="layout_y_599">1515.0px</dimen>
<dimen name="layout_y_600">1517.0px</dimen>
<dimen name="layout_y_601">1520.0px</dimen>
<dimen name="layout_y_602">1522.0px</dimen>
<dimen name="layout_y_603">1525.0px</dimen>
<dimen name="layout_y_604">1527.0px</dimen>
<dimen name="layout_y_605">1530.0px</dimen>
<dimen name="layout_y_606">1532.0px</dimen>
<dimen name="layout_y_607">1535.0px</dimen>
<dimen name="layout_y_608">1537.0px</dimen>
<dimen name="layout_y_609">1540.0px</dimen>
<dimen name="layout_y_610">1542.0px</dimen>
<dimen name="layout_y_611">1545.0px</dimen>
<dimen name="layout_y_612">1547.0px</dimen>
<dimen name="layout_y_613">1550.0px</dimen>
<dimen name="layout_y_614">1552.0px</dimen>
<dimen name="layout_y_615">1555.0px</dimen>
<dimen name="layout_y_616">1558.0px</dimen>
<dimen name="layout_y_617">1560.0px</dimen>
<dimen name="layout_y_618">1563.0px</dimen>
<dimen name="layout_y_619">1565.0px</dimen>
<dimen name="layout_y_620">1568.0px</dimen>
<dimen name="layout_y_621">1570.0px</dimen>
<dimen name="layout_y_622">1573.0px</dimen>
<dimen name="layout_y_623">1575.0px</dimen>
<dimen name="layout_y_624">1578.0px</dimen>
<dimen name="layout_y_625">1580.0px</dimen>
<dimen name="layout_y_626">1583.0px</dimen>
<dimen name="layout_y_627">1585.0px</dimen>
<dimen name="layout_y_628">1588.0px</dimen>
<dimen name="layout_y_629">1590.0px</dimen>
<dimen name="layout_y_630">1593.0px</dimen>
<dimen name="layout_y_631">1595.0px</dimen>
<dimen name="layout_y_632">1598.0px</dimen>
<dimen name="layout_y_633">1601.0px</dimen>
<dimen name="layout_y_634">1603.0px</dimen>
<dimen name="layout_y_635">1606.0px</dimen>
<dimen name="layout_y_636">1608.0px</dimen>
<dimen name="layout_y_637">1611.0px</dimen>
<dimen name="layout_y_638">1613.0px</dimen>
<dimen name="layout_y_639">1616.0px</dimen>
<dimen name="layout_y_640">1618.0px</dimen>
<dimen name="layout_y_641">1621.0px</dimen>
<dimen name="layout_y_642">1623.0px</dimen>
<dimen name="layout_y_643">1626.0px</dimen>
<dimen name="layout_y_644">1628.0px</dimen>
<dimen name="layout_y_645">1631.0px</dimen>
<dimen name="layout_y_646">1633.0px</dimen>
<dimen name="layout_y_647">1636.0px</dimen>
<dimen name="layout_y_648">1638.0px</dimen>
<dimen name="layout_y_649">1641.0px</dimen>
<dimen name="layout_y_650">1644.0px</dimen>
<dimen name="layout_y_651">1646.0px</dimen>
<dimen name="layout_y_652">1649.0px</dimen>
<dimen name="layout_y_653">1651.0px</dimen>
<dimen name="layout_y_654">1654.0px</dimen>
<dimen name="layout_y_655">1656.0px</dimen>
<dimen name="layout_y_656">1659.0px</dimen>
<dimen name="layout_y_657">1661.0px</dimen>
<dimen name="layout_y_658">1664.0px</dimen>
<dimen name="layout_y_659">1666.0px</dimen>
<dimen name="layout_y_660">1669.0px</dimen>
<dimen name="layout_y_661">1671.0px</dimen>
<dimen name="layout_y_662">1674.0px</dimen>
<dimen name="layout_y_663">1676.0px</dimen>
<dimen name="layout_y_664">1679.0px</dimen>
<dimen name="layout_y_665">1681.0px</dimen>
<dimen name="layout_y_666">1684.0px</dimen>
<dimen name="layout_y_667">1687.0px</dimen>
<dimen name="layout_y_668">1689.0px</dimen>
<dimen name="layout_y_669">1692.0px</dimen>
<dimen name="layout_y_670">1694.0px</dimen>
<dimen name="layout_y_671">1697.0px</dimen>
<dimen name="layout_y_672">1699.0px</dimen>
<dimen name="layout_y_673">1702.0px</dimen>
<dimen name="layout_y_674">1704.0px</dimen>
<dimen name="layout_y_675">1707.0px</dimen>
<dimen name="layout_y_676">1709.0px</dimen>
<dimen name="layout_y_677">1712.0px</dimen>
<dimen name="layout_y_678">1714.0px</dimen>
<dimen name="layout_y_679">1717.0px</dimen>
<dimen name="layout_y_680">1719.0px</dimen>
<dimen name="layout_y_681">1722.0px</dimen>
<dimen name="layout_y_682">1724.0px</dimen>
<dimen name="layout_y_683">1727.0px</dimen>
<dimen name="layout_y_684">1730.0px</dimen>
<dimen name="layout_y_685">1732.0px</dimen>
<dimen name="layout_y_686">1735.0px</dimen>
<dimen name="layout_y_687">1737.0px</dimen>
<dimen name="layout_y_688">1740.0px</dimen>
<dimen name="layout_y_689">1742.0px</dimen>
<dimen name="layout_y_690">1745.0px</dimen>
<dimen name="layout_y_691">1747.0px</dimen>
<dimen name="layout_y_692">1750.0px</dimen>
<dimen name="layout_y_693">1752.0px</dimen>
<dimen name="layout_y_694">1755.0px</dimen>
<dimen name="layout_y_695">1757.0px</dimen>
<dimen name="layout_y_696">1760.0px</dimen>
<dimen name="layout_y_697">1762.0px</dimen>
<dimen name="layout_y_698">1765.0px</dimen>
<dimen name="layout_y_699">1767.0px</dimen>
<dimen name="layout_y_700">1770.0px</dimen>
<dimen name="layout_y_701">1773.0px</dimen>
<dimen name="layout_y_702">1775.0px</dimen>
<dimen name="layout_y_703">1778.0px</dimen>
<dimen name="layout_y_704">1780.0px</dimen>
<dimen name="layout_y_705">1783.0px</dimen>
<dimen name="layout_y_706">1785.0px</dimen>
<dimen name="layout_y_707">1788.0px</dimen>
<dimen name="layout_y_708">1790.0px</dimen>
<dimen name="layout_y_709">1793.0px</dimen>
<dimen name="layout_y_710">1795.0px</dimen>
<dimen name="layout_y_711">1798.0px</dimen>
<dimen name="layout_y_712">1800.0px</dimen>
<dimen name="layout_y_713">1803.0px</dimen>
<dimen name="layout_y_714">1805.0px</dimen>
<dimen name="layout_y_715">1808.0px</dimen>
<dimen name="layout_y_716">1810.0px</dimen>
<dimen name="layout_y_717">1813.0px</dimen>
<dimen name="layout_y_718">1816.0px</dimen>
<dimen name="layout_y_719">1818.0px</dimen>
<dimen name="layout_y_720">1821.0px</dimen>
<dimen name="layout_y_721">1823.0px</dimen>
<dimen name="layout_y_722">1826.0px</dimen>
<dimen name="layout_y_723">1828.0px</dimen>
<dimen name="layout_y_724">1831.0px</dimen>
<dimen name="layout_y_725">1833.0px</dimen>
<dimen name="layout_y_726">1836.0px</dimen>
<dimen name="layout_y_727">1838.0px</dimen>
<dimen name="layout_y_728">1841.0px</dimen>
<dimen name="layout_y_729">1843.0px</dimen>
<dimen name="layout_y_730">1846.0px</dimen>
<dimen name="layout_y_731">1848.0px</dimen>
<dimen name="layout_y_732">1851.0px</dimen>
<dimen name="layout_y_733">1853.0px</dimen>
<dimen name="layout_y_734">1856.0px</dimen>
<dimen name="layout_y_735">1858.0px</dimen>
<dimen name="layout_y_736">1861.0px</dimen>
<dimen name="layout_y_737">1864.0px</dimen>
<dimen name="layout_y_738">1866.0px</dimen>
<dimen name="layout_y_739">1869.0px</dimen>
<dimen name="layout_y_740">1871.0px</dimen>
<dimen name="layout_y_741">1874.0px</dimen>
<dimen name="layout_y_742">1876.0px</dimen>
<dimen name="layout_y_743">1879.0px</dimen>
<dimen name="layout_y_744">1881.0px</dimen>
<dimen name="layout_y_745">1884.0px</dimen>
<dimen name="layout_y_746">1886.0px</dimen>
<dimen name="layout_y_747">1889.0px</dimen>
<dimen name="layout_y_748">1891.0px</dimen>
<dimen name="layout_y_749">1894.0px</dimen>
<dimen name="layout_y_750">1896.0px</dimen>
<dimen name="layout_y_751">1899.0px</dimen>
<dimen name="layout_y_752">1901.0px</dimen>
<dimen name="layout_y_753">1904.0px</dimen>
<dimen name="layout_y_754">1907.0px</dimen>
<dimen name="layout_y_755">1909.0px</dimen>
<dimen name="layout_y_756">1912.0px</dimen>
<dimen name="layout_y_757">1914.0px</dimen>
<dimen name="layout_y_758">1917.0px</dimen>
<dimen name="layout_y_759">1919.0px</dimen>
<dimen name="layout_y_760">1922.0px</dimen>
<dimen name="layout_y_761">1924.0px</dimen>
<dimen name="layout_y_762">1927.0px</dimen>
<dimen name="layout_y_763">1929.0px</dimen>
<dimen name="layout_y_764">1932.0px</dimen>
<dimen name="layout_y_765">1934.0px</dimen>
<dimen name="layout_y_766">1937.0px</dimen>
<dimen name="layout_y_767">1939.0px</dimen>
<dimen name="layout_y_768">1942.0px</dimen>
<dimen name="layout_y_769">1944.0px</dimen>
<dimen name="layout_y_770">1947.0px</dimen>
<dimen name="layout_y_771">1950.0px</dimen>
<dimen name="layout_y_772">1952.0px</dimen>
<dimen name="layout_y_773">1955.0px</dimen>
<dimen name="layout_y_774">1957.0px</dimen>
<dimen name="layout_y_775">1960.0px</dimen>
<dimen name="layout_y_776">1962.0px</dimen>
<dimen name="layout_y_777">1965.0px</dimen>
<dimen name="layout_y_778">1967.0px</dimen>
<dimen name="layout_y_779">1970.0px</dimen>
<dimen name="layout_y_780">1972.0px</dimen>
<dimen name="layout_y_781">1975.0px</dimen>
<dimen name="layout_y_782">1977.0px</dimen>
<dimen name="layout_y_783">1980.0px</dimen>
<dimen name="layout_y_784">1982.0px</dimen>
<dimen name="layout_y_785">1985.0px</dimen>
<dimen name="layout_y_786">1987.0px</dimen>
<dimen name="layout_y_787">1990.0px</dimen>
<dimen name="layout_y_788">1993.0px</dimen>
<dimen name="layout_y_789">1995.0px</dimen>
<dimen name="layout_y_790">1998.0px</dimen>
<dimen name="layout_y_791">2000.0px</dimen>
<dimen name="layout_y_792">2003.0px</dimen>
<dimen name="layout_y_793">2005.0px</dimen>
<dimen name="layout_y_794">2008.0px</dimen>
<dimen name="layout_y_795">2010.0px</dimen>
<dimen name="layout_y_796">2013.0px</dimen>
<dimen name="layout_y_797">2015.0px</dimen>
<dimen name="layout_y_798">2018.0px</dimen>
<dimen name="layout_y_799">2020.0px</dimen>
<dimen name="layout_y_800">1812px</dimen>
</resources>