<?xml version="1.0" encoding="utf-8"?>
<resources><dimen name="layout_x_0">0.0px</dimen>
<dimen name="layout_x_1">1.0px</dimen>
<dimen name="layout_x_2">2.0px</dimen>
<dimen name="layout_x_3">3.0px</dimen>
<dimen name="layout_x_4">5.0px</dimen>
<dimen name="layout_x_5">6.0px</dimen>
<dimen name="layout_x_6">7.0px</dimen>
<dimen name="layout_x_7">8.0px</dimen>
<dimen name="layout_x_8">10.0px</dimen>
<dimen name="layout_x_9">11.0px</dimen>
<dimen name="layout_x_10">12.0px</dimen>
<dimen name="layout_x_11">13.0px</dimen>
<dimen name="layout_x_12">15.0px</dimen>
<dimen name="layout_x_13">16.0px</dimen>
<dimen name="layout_x_14">17.0px</dimen>
<dimen name="layout_x_15">18.0px</dimen>
<dimen name="layout_x_16">20.0px</dimen>
<dimen name="layout_x_17">21.0px</dimen>
<dimen name="layout_x_18">22.0px</dimen>
<dimen name="layout_x_19">23.0px</dimen>
<dimen name="layout_x_20">25.0px</dimen>
<dimen name="layout_x_21">26.0px</dimen>
<dimen name="layout_x_22">27.0px</dimen>
<dimen name="layout_x_23">28.0px</dimen>
<dimen name="layout_x_24">30.0px</dimen>
<dimen name="layout_x_25">31.0px</dimen>
<dimen name="layout_x_26">32.0px</dimen>
<dimen name="layout_x_27">33.0px</dimen>
<dimen name="layout_x_28">35.0px</dimen>
<dimen name="layout_x_29">36.0px</dimen>
<dimen name="layout_x_30">37.0px</dimen>
<dimen name="layout_x_31">38.0px</dimen>
<dimen name="layout_x_32">40.0px</dimen>
<dimen name="layout_x_33">41.0px</dimen>
<dimen name="layout_x_34">42.0px</dimen>
<dimen name="layout_x_35">43.0px</dimen>
<dimen name="layout_x_36">45.0px</dimen>
<dimen name="layout_x_37">46.0px</dimen>
<dimen name="layout_x_38">47.0px</dimen>
<dimen name="layout_x_39">48.0px</dimen>
<dimen name="layout_x_40">50.0px</dimen>
<dimen name="layout_x_41">51.0px</dimen>
<dimen name="layout_x_42">52.0px</dimen>
<dimen name="layout_x_43">54.0px</dimen>
<dimen name="layout_x_44">55.0px</dimen>
<dimen name="layout_x_45">56.0px</dimen>
<dimen name="layout_x_46">57.0px</dimen>
<dimen name="layout_x_47">59.0px</dimen>
<dimen name="layout_x_48">60.0px</dimen>
<dimen name="layout_x_49">61.0px</dimen>
<dimen name="layout_x_50">62.0px</dimen>
<dimen name="layout_x_51">64.0px</dimen>
<dimen name="layout_x_52">65.0px</dimen>
<dimen name="layout_x_53">66.0px</dimen>
<dimen name="layout_x_54">67.0px</dimen>
<dimen name="layout_x_55">69.0px</dimen>
<dimen name="layout_x_56">70.0px</dimen>
<dimen name="layout_x_57">71.0px</dimen>
<dimen name="layout_x_58">72.0px</dimen>
<dimen name="layout_x_59">74.0px</dimen>
<dimen name="layout_x_60">75.0px</dimen>
<dimen name="layout_x_61">76.0px</dimen>
<dimen name="layout_x_62">77.0px</dimen>
<dimen name="layout_x_63">79.0px</dimen>
<dimen name="layout_x_64">80.0px</dimen>
<dimen name="layout_x_65">81.0px</dimen>
<dimen name="layout_x_66">82.0px</dimen>
<dimen name="layout_x_67">84.0px</dimen>
<dimen name="layout_x_68">85.0px</dimen>
<dimen name="layout_x_69">86.0px</dimen>
<dimen name="layout_x_70">87.0px</dimen>
<dimen name="layout_x_71">89.0px</dimen>
<dimen name="layout_x_72">90.0px</dimen>
<dimen name="layout_x_73">91.0px</dimen>
<dimen name="layout_x_74">92.0px</dimen>
<dimen name="layout_x_75">94.0px</dimen>
<dimen name="layout_x_76">95.0px</dimen>
<dimen name="layout_x_77">96.0px</dimen>
<dimen name="layout_x_78">97.0px</dimen>
<dimen name="layout_x_79">99.0px</dimen>
<dimen name="layout_x_80">100.0px</dimen>
<dimen name="layout_x_81">101.0px</dimen>
<dimen name="layout_x_82">103.0px</dimen>
<dimen name="layout_x_83">104.0px</dimen>
<dimen name="layout_x_84">105.0px</dimen>
<dimen name="layout_x_85">106.0px</dimen>
<dimen name="layout_x_86">108.0px</dimen>
<dimen name="layout_x_87">109.0px</dimen>
<dimen name="layout_x_88">110.0px</dimen>
<dimen name="layout_x_89">111.0px</dimen>
<dimen name="layout_x_90">113.0px</dimen>
<dimen name="layout_x_91">114.0px</dimen>
<dimen name="layout_x_92">115.0px</dimen>
<dimen name="layout_x_93">116.0px</dimen>
<dimen name="layout_x_94">118.0px</dimen>
<dimen name="layout_x_95">119.0px</dimen>
<dimen name="layout_x_96">120.0px</dimen>
<dimen name="layout_x_97">121.0px</dimen>
<dimen name="layout_x_98">123.0px</dimen>
<dimen name="layout_x_99">124.0px</dimen>
<dimen name="layout_x_100">125.0px</dimen>
<dimen name="layout_x_101">126.0px</dimen>
<dimen name="layout_x_102">128.0px</dimen>
<dimen name="layout_x_103">129.0px</dimen>
<dimen name="layout_x_104">130.0px</dimen>
<dimen name="layout_x_105">131.0px</dimen>
<dimen name="layout_x_106">133.0px</dimen>
<dimen name="layout_x_107">134.0px</dimen>
<dimen name="layout_x_108">135.0px</dimen>
<dimen name="layout_x_109">136.0px</dimen>
<dimen name="layout_x_110">138.0px</dimen>
<dimen name="layout_x_111">139.0px</dimen>
<dimen name="layout_x_112">140.0px</dimen>
<dimen name="layout_x_113">141.0px</dimen>
<dimen name="layout_x_114">143.0px</dimen>
<dimen name="layout_x_115">144.0px</dimen>
<dimen name="layout_x_116">145.0px</dimen>
<dimen name="layout_x_117">146.0px</dimen>
<dimen name="layout_x_118">148.0px</dimen>
<dimen name="layout_x_119">149.0px</dimen>
<dimen name="layout_x_120">150.0px</dimen>
<dimen name="layout_x_121">152.0px</dimen>
<dimen name="layout_x_122">153.0px</dimen>
<dimen name="layout_x_123">154.0px</dimen>
<dimen name="layout_x_124">155.0px</dimen>
<dimen name="layout_x_125">157.0px</dimen>
<dimen name="layout_x_126">158.0px</dimen>
<dimen name="layout_x_127">159.0px</dimen>
<dimen name="layout_x_128">160.0px</dimen>
<dimen name="layout_x_129">162.0px</dimen>
<dimen name="layout_x_130">163.0px</dimen>
<dimen name="layout_x_131">164.0px</dimen>
<dimen name="layout_x_132">165.0px</dimen>
<dimen name="layout_x_133">167.0px</dimen>
<dimen name="layout_x_134">168.0px</dimen>
<dimen name="layout_x_135">169.0px</dimen>
<dimen name="layout_x_136">170.0px</dimen>
<dimen name="layout_x_137">172.0px</dimen>
<dimen name="layout_x_138">173.0px</dimen>
<dimen name="layout_x_139">174.0px</dimen>
<dimen name="layout_x_140">175.0px</dimen>
<dimen name="layout_x_141">177.0px</dimen>
<dimen name="layout_x_142">178.0px</dimen>
<dimen name="layout_x_143">179.0px</dimen>
<dimen name="layout_x_144">180.0px</dimen>
<dimen name="layout_x_145">182.0px</dimen>
<dimen name="layout_x_146">183.0px</dimen>
<dimen name="layout_x_147">184.0px</dimen>
<dimen name="layout_x_148">185.0px</dimen>
<dimen name="layout_x_149">187.0px</dimen>
<dimen name="layout_x_150">188.0px</dimen>
<dimen name="layout_x_151">189.0px</dimen>
<dimen name="layout_x_152">190.0px</dimen>
<dimen name="layout_x_153">192.0px</dimen>
<dimen name="layout_x_154">193.0px</dimen>
<dimen name="layout_x_155">194.0px</dimen>
<dimen name="layout_x_156">195.0px</dimen>
<dimen name="layout_x_157">197.0px</dimen>
<dimen name="layout_x_158">198.0px</dimen>
<dimen name="layout_x_159">199.0px</dimen>
<dimen name="layout_x_160">201.0px</dimen>
<dimen name="layout_x_161">202.0px</dimen>
<dimen name="layout_x_162">203.0px</dimen>
<dimen name="layout_x_163">204.0px</dimen>
<dimen name="layout_x_164">206.0px</dimen>
<dimen name="layout_x_165">207.0px</dimen>
<dimen name="layout_x_166">208.0px</dimen>
<dimen name="layout_x_167">209.0px</dimen>
<dimen name="layout_x_168">211.0px</dimen>
<dimen name="layout_x_169">212.0px</dimen>
<dimen name="layout_x_170">213.0px</dimen>
<dimen name="layout_x_171">214.0px</dimen>
<dimen name="layout_x_172">216.0px</dimen>
<dimen name="layout_x_173">217.0px</dimen>
<dimen name="layout_x_174">218.0px</dimen>
<dimen name="layout_x_175">219.0px</dimen>
<dimen name="layout_x_176">221.0px</dimen>
<dimen name="layout_x_177">222.0px</dimen>
<dimen name="layout_x_178">223.0px</dimen>
<dimen name="layout_x_179">224.0px</dimen>
<dimen name="layout_x_180">226.0px</dimen>
<dimen name="layout_x_181">227.0px</dimen>
<dimen name="layout_x_182">228.0px</dimen>
<dimen name="layout_x_183">229.0px</dimen>
<dimen name="layout_x_184">231.0px</dimen>
<dimen name="layout_x_185">232.0px</dimen>
<dimen name="layout_x_186">233.0px</dimen>
<dimen name="layout_x_187">234.0px</dimen>
<dimen name="layout_x_188">236.0px</dimen>
<dimen name="layout_x_189">237.0px</dimen>
<dimen name="layout_x_190">238.0px</dimen>
<dimen name="layout_x_191">239.0px</dimen>
<dimen name="layout_x_192">241.0px</dimen>
<dimen name="layout_x_193">242.0px</dimen>
<dimen name="layout_x_194">243.0px</dimen>
<dimen name="layout_x_195">244.0px</dimen>
<dimen name="layout_x_196">246.0px</dimen>
<dimen name="layout_x_197">247.0px</dimen>
<dimen name="layout_x_198">248.0px</dimen>
<dimen name="layout_x_199">249.0px</dimen>
<dimen name="layout_x_200">251.0px</dimen>
<dimen name="layout_x_201">252.0px</dimen>
<dimen name="layout_x_202">253.0px</dimen>
<dimen name="layout_x_203">255.0px</dimen>
<dimen name="layout_x_204">256.0px</dimen>
<dimen name="layout_x_205">257.0px</dimen>
<dimen name="layout_x_206">258.0px</dimen>
<dimen name="layout_x_207">260.0px</dimen>
<dimen name="layout_x_208">261.0px</dimen>
<dimen name="layout_x_209">262.0px</dimen>
<dimen name="layout_x_210">263.0px</dimen>
<dimen name="layout_x_211">265.0px</dimen>
<dimen name="layout_x_212">266.0px</dimen>
<dimen name="layout_x_213">267.0px</dimen>
<dimen name="layout_x_214">268.0px</dimen>
<dimen name="layout_x_215">270.0px</dimen>
<dimen name="layout_x_216">271.0px</dimen>
<dimen name="layout_x_217">272.0px</dimen>
<dimen name="layout_x_218">273.0px</dimen>
<dimen name="layout_x_219">275.0px</dimen>
<dimen name="layout_x_220">276.0px</dimen>
<dimen name="layout_x_221">277.0px</dimen>
<dimen name="layout_x_222">278.0px</dimen>
<dimen name="layout_x_223">280.0px</dimen>
<dimen name="layout_x_224">281.0px</dimen>
<dimen name="layout_x_225">282.0px</dimen>
<dimen name="layout_x_226">283.0px</dimen>
<dimen name="layout_x_227">285.0px</dimen>
<dimen name="layout_x_228">286.0px</dimen>
<dimen name="layout_x_229">287.0px</dimen>
<dimen name="layout_x_230">288.0px</dimen>
<dimen name="layout_x_231">290.0px</dimen>
<dimen name="layout_x_232">291.0px</dimen>
<dimen name="layout_x_233">292.0px</dimen>
<dimen name="layout_x_234">293.0px</dimen>
<dimen name="layout_x_235">295.0px</dimen>
<dimen name="layout_x_236">296.0px</dimen>
<dimen name="layout_x_237">297.0px</dimen>
<dimen name="layout_x_238">298.0px</dimen>
<dimen name="layout_x_239">300.0px</dimen>
<dimen name="layout_x_240">301.0px</dimen>
<dimen name="layout_x_241">302.0px</dimen>
<dimen name="layout_x_242">304.0px</dimen>
<dimen name="layout_x_243">305.0px</dimen>
<dimen name="layout_x_244">306.0px</dimen>
<dimen name="layout_x_245">307.0px</dimen>
<dimen name="layout_x_246">309.0px</dimen>
<dimen name="layout_x_247">310.0px</dimen>
<dimen name="layout_x_248">311.0px</dimen>
<dimen name="layout_x_249">312.0px</dimen>
<dimen name="layout_x_250">314.0px</dimen>
<dimen name="layout_x_251">315.0px</dimen>
<dimen name="layout_x_252">316.0px</dimen>
<dimen name="layout_x_253">317.0px</dimen>
<dimen name="layout_x_254">319.0px</dimen>
<dimen name="layout_x_255">320.0px</dimen>
<dimen name="layout_x_256">321.0px</dimen>
<dimen name="layout_x_257">322.0px</dimen>
<dimen name="layout_x_258">324.0px</dimen>
<dimen name="layout_x_259">325.0px</dimen>
<dimen name="layout_x_260">326.0px</dimen>
<dimen name="layout_x_261">327.0px</dimen>
<dimen name="layout_x_262">329.0px</dimen>
<dimen name="layout_x_263">330.0px</dimen>
<dimen name="layout_x_264">331.0px</dimen>
<dimen name="layout_x_265">332.0px</dimen>
<dimen name="layout_x_266">334.0px</dimen>
<dimen name="layout_x_267">335.0px</dimen>
<dimen name="layout_x_268">336.0px</dimen>
<dimen name="layout_x_269">337.0px</dimen>
<dimen name="layout_x_270">339.0px</dimen>
<dimen name="layout_x_271">340.0px</dimen>
<dimen name="layout_x_272">341.0px</dimen>
<dimen name="layout_x_273">342.0px</dimen>
<dimen name="layout_x_274">344.0px</dimen>
<dimen name="layout_x_275">345.0px</dimen>
<dimen name="layout_x_276">346.0px</dimen>
<dimen name="layout_x_277">347.0px</dimen>
<dimen name="layout_x_278">349.0px</dimen>
<dimen name="layout_x_279">350.0px</dimen>
<dimen name="layout_x_280">351.0px</dimen>
<dimen name="layout_x_281">353.0px</dimen>
<dimen name="layout_x_282">354.0px</dimen>
<dimen name="layout_x_283">355.0px</dimen>
<dimen name="layout_x_284">356.0px</dimen>
<dimen name="layout_x_285">358.0px</dimen>
<dimen name="layout_x_286">359.0px</dimen>
<dimen name="layout_x_287">360.0px</dimen>
<dimen name="layout_x_288">361.0px</dimen>
<dimen name="layout_x_289">363.0px</dimen>
<dimen name="layout_x_290">364.0px</dimen>
<dimen name="layout_x_291">365.0px</dimen>
<dimen name="layout_x_292">366.0px</dimen>
<dimen name="layout_x_293">368.0px</dimen>
<dimen name="layout_x_294">369.0px</dimen>
<dimen name="layout_x_295">370.0px</dimen>
<dimen name="layout_x_296">371.0px</dimen>
<dimen name="layout_x_297">373.0px</dimen>
<dimen name="layout_x_298">374.0px</dimen>
<dimen name="layout_x_299">375.0px</dimen>
<dimen name="layout_x_300">376.0px</dimen>
<dimen name="layout_x_301">378.0px</dimen>
<dimen name="layout_x_302">379.0px</dimen>
<dimen name="layout_x_303">380.0px</dimen>
<dimen name="layout_x_304">381.0px</dimen>
<dimen name="layout_x_305">383.0px</dimen>
<dimen name="layout_x_306">384.0px</dimen>
<dimen name="layout_x_307">385.0px</dimen>
<dimen name="layout_x_308">386.0px</dimen>
<dimen name="layout_x_309">388.0px</dimen>
<dimen name="layout_x_310">389.0px</dimen>
<dimen name="layout_x_311">390.0px</dimen>
<dimen name="layout_x_312">391.0px</dimen>
<dimen name="layout_x_313">393.0px</dimen>
<dimen name="layout_x_314">394.0px</dimen>
<dimen name="layout_x_315">395.0px</dimen>
<dimen name="layout_x_316">396.0px</dimen>
<dimen name="layout_x_317">398.0px</dimen>
<dimen name="layout_x_318">399.0px</dimen>
<dimen name="layout_x_319">400.0px</dimen>
<dimen name="layout_x_320">402.0px</dimen>
<dimen name="layout_x_321">403.0px</dimen>
<dimen name="layout_x_322">404.0px</dimen>
<dimen name="layout_x_323">405.0px</dimen>
<dimen name="layout_x_324">407.0px</dimen>
<dimen name="layout_x_325">408.0px</dimen>
<dimen name="layout_x_326">409.0px</dimen>
<dimen name="layout_x_327">410.0px</dimen>
<dimen name="layout_x_328">412.0px</dimen>
<dimen name="layout_x_329">413.0px</dimen>
<dimen name="layout_x_330">414.0px</dimen>
<dimen name="layout_x_331">415.0px</dimen>
<dimen name="layout_x_332">417.0px</dimen>
<dimen name="layout_x_333">418.0px</dimen>
<dimen name="layout_x_334">419.0px</dimen>
<dimen name="layout_x_335">420.0px</dimen>
<dimen name="layout_x_336">422.0px</dimen>
<dimen name="layout_x_337">423.0px</dimen>
<dimen name="layout_x_338">424.0px</dimen>
<dimen name="layout_x_339">425.0px</dimen>
<dimen name="layout_x_340">427.0px</dimen>
<dimen name="layout_x_341">428.0px</dimen>
<dimen name="layout_x_342">429.0px</dimen>
<dimen name="layout_x_343">430.0px</dimen>
<dimen name="layout_x_344">432.0px</dimen>
<dimen name="layout_x_345">433.0px</dimen>
<dimen name="layout_x_346">434.0px</dimen>
<dimen name="layout_x_347">435.0px</dimen>
<dimen name="layout_x_348">437.0px</dimen>
<dimen name="layout_x_349">438.0px</dimen>
<dimen name="layout_x_350">439.0px</dimen>
<dimen name="layout_x_351">440.0px</dimen>
<dimen name="layout_x_352">442.0px</dimen>
<dimen name="layout_x_353">443.0px</dimen>
<dimen name="layout_x_354">444.0px</dimen>
<dimen name="layout_x_355">445.0px</dimen>
<dimen name="layout_x_356">447.0px</dimen>
<dimen name="layout_x_357">448.0px</dimen>
<dimen name="layout_x_358">449.0px</dimen>
<dimen name="layout_x_359">450.0px</dimen>
<dimen name="layout_x_360">452.0px</dimen>
<dimen name="layout_x_361">453.0px</dimen>
<dimen name="layout_x_362">454.0px</dimen>
<dimen name="layout_x_363">456.0px</dimen>
<dimen name="layout_x_364">457.0px</dimen>
<dimen name="layout_x_365">458.0px</dimen>
<dimen name="layout_x_366">459.0px</dimen>
<dimen name="layout_x_367">461.0px</dimen>
<dimen name="layout_x_368">462.0px</dimen>
<dimen name="layout_x_369">463.0px</dimen>
<dimen name="layout_x_370">464.0px</dimen>
<dimen name="layout_x_371">466.0px</dimen>
<dimen name="layout_x_372">467.0px</dimen>
<dimen name="layout_x_373">468.0px</dimen>
<dimen name="layout_x_374">469.0px</dimen>
<dimen name="layout_x_375">471.0px</dimen>
<dimen name="layout_x_376">472.0px</dimen>
<dimen name="layout_x_377">473.0px</dimen>
<dimen name="layout_x_378">474.0px</dimen>
<dimen name="layout_x_379">476.0px</dimen>
<dimen name="layout_x_380">477.0px</dimen>
<dimen name="layout_x_381">478.0px</dimen>
<dimen name="layout_x_382">479.0px</dimen>
<dimen name="layout_x_383">481.0px</dimen>
<dimen name="layout_x_384">482.0px</dimen>
<dimen name="layout_x_385">483.0px</dimen>
<dimen name="layout_x_386">484.0px</dimen>
<dimen name="layout_x_387">486.0px</dimen>
<dimen name="layout_x_388">487.0px</dimen>
<dimen name="layout_x_389">488.0px</dimen>
<dimen name="layout_x_390">489.0px</dimen>
<dimen name="layout_x_391">491.0px</dimen>
<dimen name="layout_x_392">492.0px</dimen>
<dimen name="layout_x_393">493.0px</dimen>
<dimen name="layout_x_394">494.0px</dimen>
<dimen name="layout_x_395">496.0px</dimen>
<dimen name="layout_x_396">497.0px</dimen>
<dimen name="layout_x_397">498.0px</dimen>
<dimen name="layout_x_398">499.0px</dimen>
<dimen name="layout_x_399">501.0px</dimen>
<dimen name="layout_x_400">502.0px</dimen>
<dimen name="layout_x_401">503.0px</dimen>
<dimen name="layout_x_402">505.0px</dimen>
<dimen name="layout_x_403">506.0px</dimen>
<dimen name="layout_x_404">507.0px</dimen>
<dimen name="layout_x_405">508.0px</dimen>
<dimen name="layout_x_406">510.0px</dimen>
<dimen name="layout_x_407">511.0px</dimen>
<dimen name="layout_x_408">512.0px</dimen>
<dimen name="layout_x_409">513.0px</dimen>
<dimen name="layout_x_410">515.0px</dimen>
<dimen name="layout_x_411">516.0px</dimen>
<dimen name="layout_x_412">517.0px</dimen>
<dimen name="layout_x_413">518.0px</dimen>
<dimen name="layout_x_414">520.0px</dimen>
<dimen name="layout_x_415">521.0px</dimen>
<dimen name="layout_x_416">522.0px</dimen>
<dimen name="layout_x_417">523.0px</dimen>
<dimen name="layout_x_418">525.0px</dimen>
<dimen name="layout_x_419">526.0px</dimen>
<dimen name="layout_x_420">527.0px</dimen>
<dimen name="layout_x_421">528.0px</dimen>
<dimen name="layout_x_422">530.0px</dimen>
<dimen name="layout_x_423">531.0px</dimen>
<dimen name="layout_x_424">532.0px</dimen>
<dimen name="layout_x_425">533.0px</dimen>
<dimen name="layout_x_426">535.0px</dimen>
<dimen name="layout_x_427">536.0px</dimen>
<dimen name="layout_x_428">537.0px</dimen>
<dimen name="layout_x_429">538.0px</dimen>
<dimen name="layout_x_430">540.0px</dimen>
<dimen name="layout_x_431">541.0px</dimen>
<dimen name="layout_x_432">542.0px</dimen>
<dimen name="layout_x_433">543.0px</dimen>
<dimen name="layout_x_434">545.0px</dimen>
<dimen name="layout_x_435">546.0px</dimen>
<dimen name="layout_x_436">547.0px</dimen>
<dimen name="layout_x_437">548.0px</dimen>
<dimen name="layout_x_438">550.0px</dimen>
<dimen name="layout_x_439">551.0px</dimen>
<dimen name="layout_x_440">552.0px</dimen>
<dimen name="layout_x_441">554.0px</dimen>
<dimen name="layout_x_442">555.0px</dimen>
<dimen name="layout_x_443">556.0px</dimen>
<dimen name="layout_x_444">557.0px</dimen>
<dimen name="layout_x_445">559.0px</dimen>
<dimen name="layout_x_446">560.0px</dimen>
<dimen name="layout_x_447">561.0px</dimen>
<dimen name="layout_x_448">562.0px</dimen>
<dimen name="layout_x_449">564.0px</dimen>
<dimen name="layout_x_450">565.0px</dimen>
<dimen name="layout_x_451">566.0px</dimen>
<dimen name="layout_x_452">567.0px</dimen>
<dimen name="layout_x_453">569.0px</dimen>
<dimen name="layout_x_454">570.0px</dimen>
<dimen name="layout_x_455">571.0px</dimen>
<dimen name="layout_x_456">572.0px</dimen>
<dimen name="layout_x_457">574.0px</dimen>
<dimen name="layout_x_458">575.0px</dimen>
<dimen name="layout_x_459">576.0px</dimen>
<dimen name="layout_x_460">577.0px</dimen>
<dimen name="layout_x_461">579.0px</dimen>
<dimen name="layout_x_462">580.0px</dimen>
<dimen name="layout_x_463">581.0px</dimen>
<dimen name="layout_x_464">582.0px</dimen>
<dimen name="layout_x_465">584.0px</dimen>
<dimen name="layout_x_466">585.0px</dimen>
<dimen name="layout_x_467">586.0px</dimen>
<dimen name="layout_x_468">587.0px</dimen>
<dimen name="layout_x_469">589.0px</dimen>
<dimen name="layout_x_470">590.0px</dimen>
<dimen name="layout_x_471">591.0px</dimen>
<dimen name="layout_x_472">592.0px</dimen>
<dimen name="layout_x_473">594.0px</dimen>
<dimen name="layout_x_474">595.0px</dimen>
<dimen name="layout_x_475">596.0px</dimen>
<dimen name="layout_x_476">597.0px</dimen>
<dimen name="layout_x_477">599.0px</dimen>
<dimen name="layout_x_478">600.0px</dimen>
<dimen name="layout_x_479">601.0px</dimen>
<dimen name="layout_x_480">600px</dimen>
</resources>