<?xml version="1.0" encoding="utf-8"?>
<resources><dimen name="layout_y_0">0.0px</dimen>
<dimen name="layout_y_1">1.0px</dimen>
<dimen name="layout_y_2">2.0px</dimen>
<dimen name="layout_y_3">4.0px</dimen>
<dimen name="layout_y_4">5.0px</dimen>
<dimen name="layout_y_5">7.0px</dimen>
<dimen name="layout_y_6">8.0px</dimen>
<dimen name="layout_y_7">10.0px</dimen>
<dimen name="layout_y_8">11.0px</dimen>
<dimen name="layout_y_9">12.0px</dimen>
<dimen name="layout_y_10">14.0px</dimen>
<dimen name="layout_y_11">15.0px</dimen>
<dimen name="layout_y_12">17.0px</dimen>
<dimen name="layout_y_13">18.0px</dimen>
<dimen name="layout_y_14">20.0px</dimen>
<dimen name="layout_y_15">21.0px</dimen>
<dimen name="layout_y_16">22.0px</dimen>
<dimen name="layout_y_17">24.0px</dimen>
<dimen name="layout_y_18">25.0px</dimen>
<dimen name="layout_y_19">27.0px</dimen>
<dimen name="layout_y_20">28.0px</dimen>
<dimen name="layout_y_21">30.0px</dimen>
<dimen name="layout_y_22">31.0px</dimen>
<dimen name="layout_y_23">32.0px</dimen>
<dimen name="layout_y_24">34.0px</dimen>
<dimen name="layout_y_25">35.0px</dimen>
<dimen name="layout_y_26">37.0px</dimen>
<dimen name="layout_y_27">38.0px</dimen>
<dimen name="layout_y_28">40.0px</dimen>
<dimen name="layout_y_29">41.0px</dimen>
<dimen name="layout_y_30">42.0px</dimen>
<dimen name="layout_y_31">44.0px</dimen>
<dimen name="layout_y_32">45.0px</dimen>
<dimen name="layout_y_33">47.0px</dimen>
<dimen name="layout_y_34">48.0px</dimen>
<dimen name="layout_y_35">50.0px</dimen>
<dimen name="layout_y_36">51.0px</dimen>
<dimen name="layout_y_37">52.0px</dimen>
<dimen name="layout_y_38">54.0px</dimen>
<dimen name="layout_y_39">55.0px</dimen>
<dimen name="layout_y_40">57.0px</dimen>
<dimen name="layout_y_41">58.0px</dimen>
<dimen name="layout_y_42">60.0px</dimen>
<dimen name="layout_y_43">61.0px</dimen>
<dimen name="layout_y_44">62.0px</dimen>
<dimen name="layout_y_45">64.0px</dimen>
<dimen name="layout_y_46">65.0px</dimen>
<dimen name="layout_y_47">67.0px</dimen>
<dimen name="layout_y_48">68.0px</dimen>
<dimen name="layout_y_49">70.0px</dimen>
<dimen name="layout_y_50">71.0px</dimen>
<dimen name="layout_y_51">72.0px</dimen>
<dimen name="layout_y_52">74.0px</dimen>
<dimen name="layout_y_53">75.0px</dimen>
<dimen name="layout_y_54">77.0px</dimen>
<dimen name="layout_y_55">78.0px</dimen>
<dimen name="layout_y_56">80.0px</dimen>
<dimen name="layout_y_57">81.0px</dimen>
<dimen name="layout_y_58">82.0px</dimen>
<dimen name="layout_y_59">84.0px</dimen>
<dimen name="layout_y_60">85.0px</dimen>
<dimen name="layout_y_61">87.0px</dimen>
<dimen name="layout_y_62">88.0px</dimen>
<dimen name="layout_y_63">90.0px</dimen>
<dimen name="layout_y_64">91.0px</dimen>
<dimen name="layout_y_65">92.0px</dimen>
<dimen name="layout_y_66">94.0px</dimen>
<dimen name="layout_y_67">95.0px</dimen>
<dimen name="layout_y_68">97.0px</dimen>
<dimen name="layout_y_69">98.0px</dimen>
<dimen name="layout_y_70">100.0px</dimen>
<dimen name="layout_y_71">101.0px</dimen>
<dimen name="layout_y_72">102.0px</dimen>
<dimen name="layout_y_73">104.0px</dimen>
<dimen name="layout_y_74">105.0px</dimen>
<dimen name="layout_y_75">107.0px</dimen>
<dimen name="layout_y_76">108.0px</dimen>
<dimen name="layout_y_77">110.0px</dimen>
<dimen name="layout_y_78">111.0px</dimen>
<dimen name="layout_y_79">112.0px</dimen>
<dimen name="layout_y_80">114.0px</dimen>
<dimen name="layout_y_81">115.0px</dimen>
<dimen name="layout_y_82">117.0px</dimen>
<dimen name="layout_y_83">118.0px</dimen>
<dimen name="layout_y_84">120.0px</dimen>
<dimen name="layout_y_85">121.0px</dimen>
<dimen name="layout_y_86">122.0px</dimen>
<dimen name="layout_y_87">124.0px</dimen>
<dimen name="layout_y_88">125.0px</dimen>
<dimen name="layout_y_89">127.0px</dimen>
<dimen name="layout_y_90">128.0px</dimen>
<dimen name="layout_y_91">130.0px</dimen>
<dimen name="layout_y_92">131.0px</dimen>
<dimen name="layout_y_93">132.0px</dimen>
<dimen name="layout_y_94">134.0px</dimen>
<dimen name="layout_y_95">135.0px</dimen>
<dimen name="layout_y_96">137.0px</dimen>
<dimen name="layout_y_97">138.0px</dimen>
<dimen name="layout_y_98">140.0px</dimen>
<dimen name="layout_y_99">141.0px</dimen>
<dimen name="layout_y_100">142.0px</dimen>
<dimen name="layout_y_101">144.0px</dimen>
<dimen name="layout_y_102">145.0px</dimen>
<dimen name="layout_y_103">147.0px</dimen>
<dimen name="layout_y_104">148.0px</dimen>
<dimen name="layout_y_105">150.0px</dimen>
<dimen name="layout_y_106">151.0px</dimen>
<dimen name="layout_y_107">152.0px</dimen>
<dimen name="layout_y_108">154.0px</dimen>
<dimen name="layout_y_109">155.0px</dimen>
<dimen name="layout_y_110">157.0px</dimen>
<dimen name="layout_y_111">158.0px</dimen>
<dimen name="layout_y_112">160.0px</dimen>
<dimen name="layout_y_113">161.0px</dimen>
<dimen name="layout_y_114">162.0px</dimen>
<dimen name="layout_y_115">164.0px</dimen>
<dimen name="layout_y_116">165.0px</dimen>
<dimen name="layout_y_117">167.0px</dimen>
<dimen name="layout_y_118">168.0px</dimen>
<dimen name="layout_y_119">170.0px</dimen>
<dimen name="layout_y_120">171.0px</dimen>
<dimen name="layout_y_121">172.0px</dimen>
<dimen name="layout_y_122">174.0px</dimen>
<dimen name="layout_y_123">175.0px</dimen>
<dimen name="layout_y_124">177.0px</dimen>
<dimen name="layout_y_125">178.0px</dimen>
<dimen name="layout_y_126">180.0px</dimen>
<dimen name="layout_y_127">181.0px</dimen>
<dimen name="layout_y_128">182.0px</dimen>
<dimen name="layout_y_129">184.0px</dimen>
<dimen name="layout_y_130">185.0px</dimen>
<dimen name="layout_y_131">187.0px</dimen>
<dimen name="layout_y_132">188.0px</dimen>
<dimen name="layout_y_133">190.0px</dimen>
<dimen name="layout_y_134">191.0px</dimen>
<dimen name="layout_y_135">192.0px</dimen>
<dimen name="layout_y_136">194.0px</dimen>
<dimen name="layout_y_137">195.0px</dimen>
<dimen name="layout_y_138">197.0px</dimen>
<dimen name="layout_y_139">198.0px</dimen>
<dimen name="layout_y_140">200.0px</dimen>
<dimen name="layout_y_141">201.0px</dimen>
<dimen name="layout_y_142">202.0px</dimen>
<dimen name="layout_y_143">204.0px</dimen>
<dimen name="layout_y_144">205.0px</dimen>
<dimen name="layout_y_145">207.0px</dimen>
<dimen name="layout_y_146">208.0px</dimen>
<dimen name="layout_y_147">210.0px</dimen>
<dimen name="layout_y_148">211.0px</dimen>
<dimen name="layout_y_149">212.0px</dimen>
<dimen name="layout_y_150">214.0px</dimen>
<dimen name="layout_y_151">215.0px</dimen>
<dimen name="layout_y_152">217.0px</dimen>
<dimen name="layout_y_153">218.0px</dimen>
<dimen name="layout_y_154">220.0px</dimen>
<dimen name="layout_y_155">221.0px</dimen>
<dimen name="layout_y_156">222.0px</dimen>
<dimen name="layout_y_157">224.0px</dimen>
<dimen name="layout_y_158">225.0px</dimen>
<dimen name="layout_y_159">227.0px</dimen>
<dimen name="layout_y_160">228.0px</dimen>
<dimen name="layout_y_161">230.0px</dimen>
<dimen name="layout_y_162">231.0px</dimen>
<dimen name="layout_y_163">232.0px</dimen>
<dimen name="layout_y_164">234.0px</dimen>
<dimen name="layout_y_165">235.0px</dimen>
<dimen name="layout_y_166">237.0px</dimen>
<dimen name="layout_y_167">238.0px</dimen>
<dimen name="layout_y_168">240.0px</dimen>
<dimen name="layout_y_169">241.0px</dimen>
<dimen name="layout_y_170">242.0px</dimen>
<dimen name="layout_y_171">244.0px</dimen>
<dimen name="layout_y_172">245.0px</dimen>
<dimen name="layout_y_173">247.0px</dimen>
<dimen name="layout_y_174">248.0px</dimen>
<dimen name="layout_y_175">250.0px</dimen>
<dimen name="layout_y_176">251.0px</dimen>
<dimen name="layout_y_177">252.0px</dimen>
<dimen name="layout_y_178">254.0px</dimen>
<dimen name="layout_y_179">255.0px</dimen>
<dimen name="layout_y_180">257.0px</dimen>
<dimen name="layout_y_181">258.0px</dimen>
<dimen name="layout_y_182">260.0px</dimen>
<dimen name="layout_y_183">261.0px</dimen>
<dimen name="layout_y_184">262.0px</dimen>
<dimen name="layout_y_185">264.0px</dimen>
<dimen name="layout_y_186">265.0px</dimen>
<dimen name="layout_y_187">267.0px</dimen>
<dimen name="layout_y_188">268.0px</dimen>
<dimen name="layout_y_189">270.0px</dimen>
<dimen name="layout_y_190">271.0px</dimen>
<dimen name="layout_y_191">273.0px</dimen>
<dimen name="layout_y_192">274.0px</dimen>
<dimen name="layout_y_193">275.0px</dimen>
<dimen name="layout_y_194">277.0px</dimen>
<dimen name="layout_y_195">278.0px</dimen>
<dimen name="layout_y_196">280.0px</dimen>
<dimen name="layout_y_197">281.0px</dimen>
<dimen name="layout_y_198">283.0px</dimen>
<dimen name="layout_y_199">284.0px</dimen>
<dimen name="layout_y_200">285.0px</dimen>
<dimen name="layout_y_201">287.0px</dimen>
<dimen name="layout_y_202">288.0px</dimen>
<dimen name="layout_y_203">290.0px</dimen>
<dimen name="layout_y_204">291.0px</dimen>
<dimen name="layout_y_205">293.0px</dimen>
<dimen name="layout_y_206">294.0px</dimen>
<dimen name="layout_y_207">295.0px</dimen>
<dimen name="layout_y_208">297.0px</dimen>
<dimen name="layout_y_209">298.0px</dimen>
<dimen name="layout_y_210">300.0px</dimen>
<dimen name="layout_y_211">301.0px</dimen>
<dimen name="layout_y_212">303.0px</dimen>
<dimen name="layout_y_213">304.0px</dimen>
<dimen name="layout_y_214">305.0px</dimen>
<dimen name="layout_y_215">307.0px</dimen>
<dimen name="layout_y_216">308.0px</dimen>
<dimen name="layout_y_217">310.0px</dimen>
<dimen name="layout_y_218">311.0px</dimen>
<dimen name="layout_y_219">313.0px</dimen>
<dimen name="layout_y_220">314.0px</dimen>
<dimen name="layout_y_221">315.0px</dimen>
<dimen name="layout_y_222">317.0px</dimen>
<dimen name="layout_y_223">318.0px</dimen>
<dimen name="layout_y_224">320.0px</dimen>
<dimen name="layout_y_225">321.0px</dimen>
<dimen name="layout_y_226">323.0px</dimen>
<dimen name="layout_y_227">324.0px</dimen>
<dimen name="layout_y_228">325.0px</dimen>
<dimen name="layout_y_229">327.0px</dimen>
<dimen name="layout_y_230">328.0px</dimen>
<dimen name="layout_y_231">330.0px</dimen>
<dimen name="layout_y_232">331.0px</dimen>
<dimen name="layout_y_233">333.0px</dimen>
<dimen name="layout_y_234">334.0px</dimen>
<dimen name="layout_y_235">335.0px</dimen>
<dimen name="layout_y_236">337.0px</dimen>
<dimen name="layout_y_237">338.0px</dimen>
<dimen name="layout_y_238">340.0px</dimen>
<dimen name="layout_y_239">341.0px</dimen>
<dimen name="layout_y_240">343.0px</dimen>
<dimen name="layout_y_241">344.0px</dimen>
<dimen name="layout_y_242">345.0px</dimen>
<dimen name="layout_y_243">347.0px</dimen>
<dimen name="layout_y_244">348.0px</dimen>
<dimen name="layout_y_245">350.0px</dimen>
<dimen name="layout_y_246">351.0px</dimen>
<dimen name="layout_y_247">353.0px</dimen>
<dimen name="layout_y_248">354.0px</dimen>
<dimen name="layout_y_249">355.0px</dimen>
<dimen name="layout_y_250">357.0px</dimen>
<dimen name="layout_y_251">358.0px</dimen>
<dimen name="layout_y_252">360.0px</dimen>
<dimen name="layout_y_253">361.0px</dimen>
<dimen name="layout_y_254">363.0px</dimen>
<dimen name="layout_y_255">364.0px</dimen>
<dimen name="layout_y_256">365.0px</dimen>
<dimen name="layout_y_257">367.0px</dimen>
<dimen name="layout_y_258">368.0px</dimen>
<dimen name="layout_y_259">370.0px</dimen>
<dimen name="layout_y_260">371.0px</dimen>
<dimen name="layout_y_261">373.0px</dimen>
<dimen name="layout_y_262">374.0px</dimen>
<dimen name="layout_y_263">375.0px</dimen>
<dimen name="layout_y_264">377.0px</dimen>
<dimen name="layout_y_265">378.0px</dimen>
<dimen name="layout_y_266">380.0px</dimen>
<dimen name="layout_y_267">381.0px</dimen>
<dimen name="layout_y_268">383.0px</dimen>
<dimen name="layout_y_269">384.0px</dimen>
<dimen name="layout_y_270">385.0px</dimen>
<dimen name="layout_y_271">387.0px</dimen>
<dimen name="layout_y_272">388.0px</dimen>
<dimen name="layout_y_273">390.0px</dimen>
<dimen name="layout_y_274">391.0px</dimen>
<dimen name="layout_y_275">393.0px</dimen>
<dimen name="layout_y_276">394.0px</dimen>
<dimen name="layout_y_277">395.0px</dimen>
<dimen name="layout_y_278">397.0px</dimen>
<dimen name="layout_y_279">398.0px</dimen>
<dimen name="layout_y_280">400.0px</dimen>
<dimen name="layout_y_281">401.0px</dimen>
<dimen name="layout_y_282">403.0px</dimen>
<dimen name="layout_y_283">404.0px</dimen>
<dimen name="layout_y_284">405.0px</dimen>
<dimen name="layout_y_285">407.0px</dimen>
<dimen name="layout_y_286">408.0px</dimen>
<dimen name="layout_y_287">410.0px</dimen>
<dimen name="layout_y_288">411.0px</dimen>
<dimen name="layout_y_289">413.0px</dimen>
<dimen name="layout_y_290">414.0px</dimen>
<dimen name="layout_y_291">415.0px</dimen>
<dimen name="layout_y_292">417.0px</dimen>
<dimen name="layout_y_293">418.0px</dimen>
<dimen name="layout_y_294">420.0px</dimen>
<dimen name="layout_y_295">421.0px</dimen>
<dimen name="layout_y_296">423.0px</dimen>
<dimen name="layout_y_297">424.0px</dimen>
<dimen name="layout_y_298">425.0px</dimen>
<dimen name="layout_y_299">427.0px</dimen>
<dimen name="layout_y_300">428.0px</dimen>
<dimen name="layout_y_301">430.0px</dimen>
<dimen name="layout_y_302">431.0px</dimen>
<dimen name="layout_y_303">433.0px</dimen>
<dimen name="layout_y_304">434.0px</dimen>
<dimen name="layout_y_305">435.0px</dimen>
<dimen name="layout_y_306">437.0px</dimen>
<dimen name="layout_y_307">438.0px</dimen>
<dimen name="layout_y_308">440.0px</dimen>
<dimen name="layout_y_309">441.0px</dimen>
<dimen name="layout_y_310">443.0px</dimen>
<dimen name="layout_y_311">444.0px</dimen>
<dimen name="layout_y_312">445.0px</dimen>
<dimen name="layout_y_313">447.0px</dimen>
<dimen name="layout_y_314">448.0px</dimen>
<dimen name="layout_y_315">450.0px</dimen>
<dimen name="layout_y_316">451.0px</dimen>
<dimen name="layout_y_317">453.0px</dimen>
<dimen name="layout_y_318">454.0px</dimen>
<dimen name="layout_y_319">455.0px</dimen>
<dimen name="layout_y_320">457.0px</dimen>
<dimen name="layout_y_321">458.0px</dimen>
<dimen name="layout_y_322">460.0px</dimen>
<dimen name="layout_y_323">461.0px</dimen>
<dimen name="layout_y_324">463.0px</dimen>
<dimen name="layout_y_325">464.0px</dimen>
<dimen name="layout_y_326">465.0px</dimen>
<dimen name="layout_y_327">467.0px</dimen>
<dimen name="layout_y_328">468.0px</dimen>
<dimen name="layout_y_329">470.0px</dimen>
<dimen name="layout_y_330">471.0px</dimen>
<dimen name="layout_y_331">473.0px</dimen>
<dimen name="layout_y_332">474.0px</dimen>
<dimen name="layout_y_333">475.0px</dimen>
<dimen name="layout_y_334">477.0px</dimen>
<dimen name="layout_y_335">478.0px</dimen>
<dimen name="layout_y_336">480.0px</dimen>
<dimen name="layout_y_337">481.0px</dimen>
<dimen name="layout_y_338">483.0px</dimen>
<dimen name="layout_y_339">484.0px</dimen>
<dimen name="layout_y_340">485.0px</dimen>
<dimen name="layout_y_341">487.0px</dimen>
<dimen name="layout_y_342">488.0px</dimen>
<dimen name="layout_y_343">490.0px</dimen>
<dimen name="layout_y_344">491.0px</dimen>
<dimen name="layout_y_345">493.0px</dimen>
<dimen name="layout_y_346">494.0px</dimen>
<dimen name="layout_y_347">495.0px</dimen>
<dimen name="layout_y_348">497.0px</dimen>
<dimen name="layout_y_349">498.0px</dimen>
<dimen name="layout_y_350">500.0px</dimen>
<dimen name="layout_y_351">501.0px</dimen>
<dimen name="layout_y_352">503.0px</dimen>
<dimen name="layout_y_353">504.0px</dimen>
<dimen name="layout_y_354">505.0px</dimen>
<dimen name="layout_y_355">507.0px</dimen>
<dimen name="layout_y_356">508.0px</dimen>
<dimen name="layout_y_357">510.0px</dimen>
<dimen name="layout_y_358">511.0px</dimen>
<dimen name="layout_y_359">513.0px</dimen>
<dimen name="layout_y_360">514.0px</dimen>
<dimen name="layout_y_361">515.0px</dimen>
<dimen name="layout_y_362">517.0px</dimen>
<dimen name="layout_y_363">518.0px</dimen>
<dimen name="layout_y_364">520.0px</dimen>
<dimen name="layout_y_365">521.0px</dimen>
<dimen name="layout_y_366">523.0px</dimen>
<dimen name="layout_y_367">524.0px</dimen>
<dimen name="layout_y_368">525.0px</dimen>
<dimen name="layout_y_369">527.0px</dimen>
<dimen name="layout_y_370">528.0px</dimen>
<dimen name="layout_y_371">530.0px</dimen>
<dimen name="layout_y_372">531.0px</dimen>
<dimen name="layout_y_373">533.0px</dimen>
<dimen name="layout_y_374">534.0px</dimen>
<dimen name="layout_y_375">536.0px</dimen>
<dimen name="layout_y_376">537.0px</dimen>
<dimen name="layout_y_377">538.0px</dimen>
<dimen name="layout_y_378">540.0px</dimen>
<dimen name="layout_y_379">541.0px</dimen>
<dimen name="layout_y_380">543.0px</dimen>
<dimen name="layout_y_381">544.0px</dimen>
<dimen name="layout_y_382">546.0px</dimen>
<dimen name="layout_y_383">547.0px</dimen>
<dimen name="layout_y_384">548.0px</dimen>
<dimen name="layout_y_385">550.0px</dimen>
<dimen name="layout_y_386">551.0px</dimen>
<dimen name="layout_y_387">553.0px</dimen>
<dimen name="layout_y_388">554.0px</dimen>
<dimen name="layout_y_389">556.0px</dimen>
<dimen name="layout_y_390">557.0px</dimen>
<dimen name="layout_y_391">558.0px</dimen>
<dimen name="layout_y_392">560.0px</dimen>
<dimen name="layout_y_393">561.0px</dimen>
<dimen name="layout_y_394">563.0px</dimen>
<dimen name="layout_y_395">564.0px</dimen>
<dimen name="layout_y_396">566.0px</dimen>
<dimen name="layout_y_397">567.0px</dimen>
<dimen name="layout_y_398">568.0px</dimen>
<dimen name="layout_y_399">570.0px</dimen>
<dimen name="layout_y_400">571.0px</dimen>
<dimen name="layout_y_401">573.0px</dimen>
<dimen name="layout_y_402">574.0px</dimen>
<dimen name="layout_y_403">576.0px</dimen>
<dimen name="layout_y_404">577.0px</dimen>
<dimen name="layout_y_405">578.0px</dimen>
<dimen name="layout_y_406">580.0px</dimen>
<dimen name="layout_y_407">581.0px</dimen>
<dimen name="layout_y_408">583.0px</dimen>
<dimen name="layout_y_409">584.0px</dimen>
<dimen name="layout_y_410">586.0px</dimen>
<dimen name="layout_y_411">587.0px</dimen>
<dimen name="layout_y_412">588.0px</dimen>
<dimen name="layout_y_413">590.0px</dimen>
<dimen name="layout_y_414">591.0px</dimen>
<dimen name="layout_y_415">593.0px</dimen>
<dimen name="layout_y_416">594.0px</dimen>
<dimen name="layout_y_417">596.0px</dimen>
<dimen name="layout_y_418">597.0px</dimen>
<dimen name="layout_y_419">598.0px</dimen>
<dimen name="layout_y_420">600.0px</dimen>
<dimen name="layout_y_421">601.0px</dimen>
<dimen name="layout_y_422">603.0px</dimen>
<dimen name="layout_y_423">604.0px</dimen>
<dimen name="layout_y_424">606.0px</dimen>
<dimen name="layout_y_425">607.0px</dimen>
<dimen name="layout_y_426">608.0px</dimen>
<dimen name="layout_y_427">610.0px</dimen>
<dimen name="layout_y_428">611.0px</dimen>
<dimen name="layout_y_429">613.0px</dimen>
<dimen name="layout_y_430">614.0px</dimen>
<dimen name="layout_y_431">616.0px</dimen>
<dimen name="layout_y_432">617.0px</dimen>
<dimen name="layout_y_433">618.0px</dimen>
<dimen name="layout_y_434">620.0px</dimen>
<dimen name="layout_y_435">621.0px</dimen>
<dimen name="layout_y_436">623.0px</dimen>
<dimen name="layout_y_437">624.0px</dimen>
<dimen name="layout_y_438">626.0px</dimen>
<dimen name="layout_y_439">627.0px</dimen>
<dimen name="layout_y_440">628.0px</dimen>
<dimen name="layout_y_441">630.0px</dimen>
<dimen name="layout_y_442">631.0px</dimen>
<dimen name="layout_y_443">633.0px</dimen>
<dimen name="layout_y_444">634.0px</dimen>
<dimen name="layout_y_445">636.0px</dimen>
<dimen name="layout_y_446">637.0px</dimen>
<dimen name="layout_y_447">638.0px</dimen>
<dimen name="layout_y_448">640.0px</dimen>
<dimen name="layout_y_449">641.0px</dimen>
<dimen name="layout_y_450">643.0px</dimen>
<dimen name="layout_y_451">644.0px</dimen>
<dimen name="layout_y_452">646.0px</dimen>
<dimen name="layout_y_453">647.0px</dimen>
<dimen name="layout_y_454">648.0px</dimen>
<dimen name="layout_y_455">650.0px</dimen>
<dimen name="layout_y_456">651.0px</dimen>
<dimen name="layout_y_457">653.0px</dimen>
<dimen name="layout_y_458">654.0px</dimen>
<dimen name="layout_y_459">656.0px</dimen>
<dimen name="layout_y_460">657.0px</dimen>
<dimen name="layout_y_461">658.0px</dimen>
<dimen name="layout_y_462">660.0px</dimen>
<dimen name="layout_y_463">661.0px</dimen>
<dimen name="layout_y_464">663.0px</dimen>
<dimen name="layout_y_465">664.0px</dimen>
<dimen name="layout_y_466">666.0px</dimen>
<dimen name="layout_y_467">667.0px</dimen>
<dimen name="layout_y_468">668.0px</dimen>
<dimen name="layout_y_469">670.0px</dimen>
<dimen name="layout_y_470">671.0px</dimen>
<dimen name="layout_y_471">673.0px</dimen>
<dimen name="layout_y_472">674.0px</dimen>
<dimen name="layout_y_473">676.0px</dimen>
<dimen name="layout_y_474">677.0px</dimen>
<dimen name="layout_y_475">678.0px</dimen>
<dimen name="layout_y_476">680.0px</dimen>
<dimen name="layout_y_477">681.0px</dimen>
<dimen name="layout_y_478">683.0px</dimen>
<dimen name="layout_y_479">684.0px</dimen>
<dimen name="layout_y_480">686.0px</dimen>
<dimen name="layout_y_481">687.0px</dimen>
<dimen name="layout_y_482">688.0px</dimen>
<dimen name="layout_y_483">690.0px</dimen>
<dimen name="layout_y_484">691.0px</dimen>
<dimen name="layout_y_485">693.0px</dimen>
<dimen name="layout_y_486">694.0px</dimen>
<dimen name="layout_y_487">696.0px</dimen>
<dimen name="layout_y_488">697.0px</dimen>
<dimen name="layout_y_489">698.0px</dimen>
<dimen name="layout_y_490">700.0px</dimen>
<dimen name="layout_y_491">701.0px</dimen>
<dimen name="layout_y_492">703.0px</dimen>
<dimen name="layout_y_493">704.0px</dimen>
<dimen name="layout_y_494">706.0px</dimen>
<dimen name="layout_y_495">707.0px</dimen>
<dimen name="layout_y_496">708.0px</dimen>
<dimen name="layout_y_497">710.0px</dimen>
<dimen name="layout_y_498">711.0px</dimen>
<dimen name="layout_y_499">713.0px</dimen>
<dimen name="layout_y_500">714.0px</dimen>
<dimen name="layout_y_501">716.0px</dimen>
<dimen name="layout_y_502">717.0px</dimen>
<dimen name="layout_y_503">718.0px</dimen>
<dimen name="layout_y_504">720.0px</dimen>
<dimen name="layout_y_505">721.0px</dimen>
<dimen name="layout_y_506">723.0px</dimen>
<dimen name="layout_y_507">724.0px</dimen>
<dimen name="layout_y_508">726.0px</dimen>
<dimen name="layout_y_509">727.0px</dimen>
<dimen name="layout_y_510">728.0px</dimen>
<dimen name="layout_y_511">730.0px</dimen>
<dimen name="layout_y_512">731.0px</dimen>
<dimen name="layout_y_513">733.0px</dimen>
<dimen name="layout_y_514">734.0px</dimen>
<dimen name="layout_y_515">736.0px</dimen>
<dimen name="layout_y_516">737.0px</dimen>
<dimen name="layout_y_517">738.0px</dimen>
<dimen name="layout_y_518">740.0px</dimen>
<dimen name="layout_y_519">741.0px</dimen>
<dimen name="layout_y_520">743.0px</dimen>
<dimen name="layout_y_521">744.0px</dimen>
<dimen name="layout_y_522">746.0px</dimen>
<dimen name="layout_y_523">747.0px</dimen>
<dimen name="layout_y_524">748.0px</dimen>
<dimen name="layout_y_525">750.0px</dimen>
<dimen name="layout_y_526">751.0px</dimen>
<dimen name="layout_y_527">753.0px</dimen>
<dimen name="layout_y_528">754.0px</dimen>
<dimen name="layout_y_529">756.0px</dimen>
<dimen name="layout_y_530">757.0px</dimen>
<dimen name="layout_y_531">758.0px</dimen>
<dimen name="layout_y_532">760.0px</dimen>
<dimen name="layout_y_533">761.0px</dimen>
<dimen name="layout_y_534">763.0px</dimen>
<dimen name="layout_y_535">764.0px</dimen>
<dimen name="layout_y_536">766.0px</dimen>
<dimen name="layout_y_537">767.0px</dimen>
<dimen name="layout_y_538">768.0px</dimen>
<dimen name="layout_y_539">770.0px</dimen>
<dimen name="layout_y_540">771.0px</dimen>
<dimen name="layout_y_541">773.0px</dimen>
<dimen name="layout_y_542">774.0px</dimen>
<dimen name="layout_y_543">776.0px</dimen>
<dimen name="layout_y_544">777.0px</dimen>
<dimen name="layout_y_545">778.0px</dimen>
<dimen name="layout_y_546">780.0px</dimen>
<dimen name="layout_y_547">781.0px</dimen>
<dimen name="layout_y_548">783.0px</dimen>
<dimen name="layout_y_549">784.0px</dimen>
<dimen name="layout_y_550">786.0px</dimen>
<dimen name="layout_y_551">787.0px</dimen>
<dimen name="layout_y_552">788.0px</dimen>
<dimen name="layout_y_553">790.0px</dimen>
<dimen name="layout_y_554">791.0px</dimen>
<dimen name="layout_y_555">793.0px</dimen>
<dimen name="layout_y_556">794.0px</dimen>
<dimen name="layout_y_557">796.0px</dimen>
<dimen name="layout_y_558">797.0px</dimen>
<dimen name="layout_y_559">798.0px</dimen>
<dimen name="layout_y_560">800.0px</dimen>
<dimen name="layout_y_561">801.0px</dimen>
<dimen name="layout_y_562">803.0px</dimen>
<dimen name="layout_y_563">804.0px</dimen>
<dimen name="layout_y_564">806.0px</dimen>
<dimen name="layout_y_565">807.0px</dimen>
<dimen name="layout_y_566">809.0px</dimen>
<dimen name="layout_y_567">810.0px</dimen>
<dimen name="layout_y_568">811.0px</dimen>
<dimen name="layout_y_569">813.0px</dimen>
<dimen name="layout_y_570">814.0px</dimen>
<dimen name="layout_y_571">816.0px</dimen>
<dimen name="layout_y_572">817.0px</dimen>
<dimen name="layout_y_573">819.0px</dimen>
<dimen name="layout_y_574">820.0px</dimen>
<dimen name="layout_y_575">821.0px</dimen>
<dimen name="layout_y_576">823.0px</dimen>
<dimen name="layout_y_577">824.0px</dimen>
<dimen name="layout_y_578">826.0px</dimen>
<dimen name="layout_y_579">827.0px</dimen>
<dimen name="layout_y_580">829.0px</dimen>
<dimen name="layout_y_581">830.0px</dimen>
<dimen name="layout_y_582">831.0px</dimen>
<dimen name="layout_y_583">833.0px</dimen>
<dimen name="layout_y_584">834.0px</dimen>
<dimen name="layout_y_585">836.0px</dimen>
<dimen name="layout_y_586">837.0px</dimen>
<dimen name="layout_y_587">839.0px</dimen>
<dimen name="layout_y_588">840.0px</dimen>
<dimen name="layout_y_589">841.0px</dimen>
<dimen name="layout_y_590">843.0px</dimen>
<dimen name="layout_y_591">844.0px</dimen>
<dimen name="layout_y_592">846.0px</dimen>
<dimen name="layout_y_593">847.0px</dimen>
<dimen name="layout_y_594">849.0px</dimen>
<dimen name="layout_y_595">850.0px</dimen>
<dimen name="layout_y_596">851.0px</dimen>
<dimen name="layout_y_597">853.0px</dimen>
<dimen name="layout_y_598">854.0px</dimen>
<dimen name="layout_y_599">856.0px</dimen>
<dimen name="layout_y_600">857.0px</dimen>
<dimen name="layout_y_601">859.0px</dimen>
<dimen name="layout_y_602">860.0px</dimen>
<dimen name="layout_y_603">861.0px</dimen>
<dimen name="layout_y_604">863.0px</dimen>
<dimen name="layout_y_605">864.0px</dimen>
<dimen name="layout_y_606">866.0px</dimen>
<dimen name="layout_y_607">867.0px</dimen>
<dimen name="layout_y_608">869.0px</dimen>
<dimen name="layout_y_609">870.0px</dimen>
<dimen name="layout_y_610">871.0px</dimen>
<dimen name="layout_y_611">873.0px</dimen>
<dimen name="layout_y_612">874.0px</dimen>
<dimen name="layout_y_613">876.0px</dimen>
<dimen name="layout_y_614">877.0px</dimen>
<dimen name="layout_y_615">879.0px</dimen>
<dimen name="layout_y_616">880.0px</dimen>
<dimen name="layout_y_617">881.0px</dimen>
<dimen name="layout_y_618">883.0px</dimen>
<dimen name="layout_y_619">884.0px</dimen>
<dimen name="layout_y_620">886.0px</dimen>
<dimen name="layout_y_621">887.0px</dimen>
<dimen name="layout_y_622">889.0px</dimen>
<dimen name="layout_y_623">890.0px</dimen>
<dimen name="layout_y_624">891.0px</dimen>
<dimen name="layout_y_625">893.0px</dimen>
<dimen name="layout_y_626">894.0px</dimen>
<dimen name="layout_y_627">896.0px</dimen>
<dimen name="layout_y_628">897.0px</dimen>
<dimen name="layout_y_629">899.0px</dimen>
<dimen name="layout_y_630">900.0px</dimen>
<dimen name="layout_y_631">901.0px</dimen>
<dimen name="layout_y_632">903.0px</dimen>
<dimen name="layout_y_633">904.0px</dimen>
<dimen name="layout_y_634">906.0px</dimen>
<dimen name="layout_y_635">907.0px</dimen>
<dimen name="layout_y_636">909.0px</dimen>
<dimen name="layout_y_637">910.0px</dimen>
<dimen name="layout_y_638">911.0px</dimen>
<dimen name="layout_y_639">913.0px</dimen>
<dimen name="layout_y_640">914.0px</dimen>
<dimen name="layout_y_641">916.0px</dimen>
<dimen name="layout_y_642">917.0px</dimen>
<dimen name="layout_y_643">919.0px</dimen>
<dimen name="layout_y_644">920.0px</dimen>
<dimen name="layout_y_645">921.0px</dimen>
<dimen name="layout_y_646">923.0px</dimen>
<dimen name="layout_y_647">924.0px</dimen>
<dimen name="layout_y_648">926.0px</dimen>
<dimen name="layout_y_649">927.0px</dimen>
<dimen name="layout_y_650">929.0px</dimen>
<dimen name="layout_y_651">930.0px</dimen>
<dimen name="layout_y_652">931.0px</dimen>
<dimen name="layout_y_653">933.0px</dimen>
<dimen name="layout_y_654">934.0px</dimen>
<dimen name="layout_y_655">936.0px</dimen>
<dimen name="layout_y_656">937.0px</dimen>
<dimen name="layout_y_657">939.0px</dimen>
<dimen name="layout_y_658">940.0px</dimen>
<dimen name="layout_y_659">941.0px</dimen>
<dimen name="layout_y_660">943.0px</dimen>
<dimen name="layout_y_661">944.0px</dimen>
<dimen name="layout_y_662">946.0px</dimen>
<dimen name="layout_y_663">947.0px</dimen>
<dimen name="layout_y_664">949.0px</dimen>
<dimen name="layout_y_665">950.0px</dimen>
<dimen name="layout_y_666">951.0px</dimen>
<dimen name="layout_y_667">953.0px</dimen>
<dimen name="layout_y_668">954.0px</dimen>
<dimen name="layout_y_669">956.0px</dimen>
<dimen name="layout_y_670">957.0px</dimen>
<dimen name="layout_y_671">959.0px</dimen>
<dimen name="layout_y_672">960.0px</dimen>
<dimen name="layout_y_673">961.0px</dimen>
<dimen name="layout_y_674">963.0px</dimen>
<dimen name="layout_y_675">964.0px</dimen>
<dimen name="layout_y_676">966.0px</dimen>
<dimen name="layout_y_677">967.0px</dimen>
<dimen name="layout_y_678">969.0px</dimen>
<dimen name="layout_y_679">970.0px</dimen>
<dimen name="layout_y_680">971.0px</dimen>
<dimen name="layout_y_681">973.0px</dimen>
<dimen name="layout_y_682">974.0px</dimen>
<dimen name="layout_y_683">976.0px</dimen>
<dimen name="layout_y_684">977.0px</dimen>
<dimen name="layout_y_685">979.0px</dimen>
<dimen name="layout_y_686">980.0px</dimen>
<dimen name="layout_y_687">981.0px</dimen>
<dimen name="layout_y_688">983.0px</dimen>
<dimen name="layout_y_689">984.0px</dimen>
<dimen name="layout_y_690">986.0px</dimen>
<dimen name="layout_y_691">987.0px</dimen>
<dimen name="layout_y_692">989.0px</dimen>
<dimen name="layout_y_693">990.0px</dimen>
<dimen name="layout_y_694">991.0px</dimen>
<dimen name="layout_y_695">993.0px</dimen>
<dimen name="layout_y_696">994.0px</dimen>
<dimen name="layout_y_697">996.0px</dimen>
<dimen name="layout_y_698">997.0px</dimen>
<dimen name="layout_y_699">999.0px</dimen>
<dimen name="layout_y_700">1000.0px</dimen>
<dimen name="layout_y_701">1001.0px</dimen>
<dimen name="layout_y_702">1003.0px</dimen>
<dimen name="layout_y_703">1004.0px</dimen>
<dimen name="layout_y_704">1006.0px</dimen>
<dimen name="layout_y_705">1007.0px</dimen>
<dimen name="layout_y_706">1009.0px</dimen>
<dimen name="layout_y_707">1010.0px</dimen>
<dimen name="layout_y_708">1011.0px</dimen>
<dimen name="layout_y_709">1013.0px</dimen>
<dimen name="layout_y_710">1014.0px</dimen>
<dimen name="layout_y_711">1016.0px</dimen>
<dimen name="layout_y_712">1017.0px</dimen>
<dimen name="layout_y_713">1019.0px</dimen>
<dimen name="layout_y_714">1020.0px</dimen>
<dimen name="layout_y_715">1021.0px</dimen>
<dimen name="layout_y_716">1023.0px</dimen>
<dimen name="layout_y_717">1024.0px</dimen>
<dimen name="layout_y_718">1026.0px</dimen>
<dimen name="layout_y_719">1027.0px</dimen>
<dimen name="layout_y_720">1029.0px</dimen>
<dimen name="layout_y_721">1030.0px</dimen>
<dimen name="layout_y_722">1031.0px</dimen>
<dimen name="layout_y_723">1033.0px</dimen>
<dimen name="layout_y_724">1034.0px</dimen>
<dimen name="layout_y_725">1036.0px</dimen>
<dimen name="layout_y_726">1037.0px</dimen>
<dimen name="layout_y_727">1039.0px</dimen>
<dimen name="layout_y_728">1040.0px</dimen>
<dimen name="layout_y_729">1041.0px</dimen>
<dimen name="layout_y_730">1043.0px</dimen>
<dimen name="layout_y_731">1044.0px</dimen>
<dimen name="layout_y_732">1046.0px</dimen>
<dimen name="layout_y_733">1047.0px</dimen>
<dimen name="layout_y_734">1049.0px</dimen>
<dimen name="layout_y_735">1050.0px</dimen>
<dimen name="layout_y_736">1051.0px</dimen>
<dimen name="layout_y_737">1053.0px</dimen>
<dimen name="layout_y_738">1054.0px</dimen>
<dimen name="layout_y_739">1056.0px</dimen>
<dimen name="layout_y_740">1057.0px</dimen>
<dimen name="layout_y_741">1059.0px</dimen>
<dimen name="layout_y_742">1060.0px</dimen>
<dimen name="layout_y_743">1061.0px</dimen>
<dimen name="layout_y_744">1063.0px</dimen>
<dimen name="layout_y_745">1064.0px</dimen>
<dimen name="layout_y_746">1066.0px</dimen>
<dimen name="layout_y_747">1067.0px</dimen>
<dimen name="layout_y_748">1069.0px</dimen>
<dimen name="layout_y_749">1070.0px</dimen>
<dimen name="layout_y_750">1072.0px</dimen>
<dimen name="layout_y_751">1073.0px</dimen>
<dimen name="layout_y_752">1074.0px</dimen>
<dimen name="layout_y_753">1076.0px</dimen>
<dimen name="layout_y_754">1077.0px</dimen>
<dimen name="layout_y_755">1079.0px</dimen>
<dimen name="layout_y_756">1080.0px</dimen>
<dimen name="layout_y_757">1082.0px</dimen>
<dimen name="layout_y_758">1083.0px</dimen>
<dimen name="layout_y_759">1084.0px</dimen>
<dimen name="layout_y_760">1086.0px</dimen>
<dimen name="layout_y_761">1087.0px</dimen>
<dimen name="layout_y_762">1089.0px</dimen>
<dimen name="layout_y_763">1090.0px</dimen>
<dimen name="layout_y_764">1092.0px</dimen>
<dimen name="layout_y_765">1093.0px</dimen>
<dimen name="layout_y_766">1094.0px</dimen>
<dimen name="layout_y_767">1096.0px</dimen>
<dimen name="layout_y_768">1097.0px</dimen>
<dimen name="layout_y_769">1099.0px</dimen>
<dimen name="layout_y_770">1100.0px</dimen>
<dimen name="layout_y_771">1102.0px</dimen>
<dimen name="layout_y_772">1103.0px</dimen>
<dimen name="layout_y_773">1104.0px</dimen>
<dimen name="layout_y_774">1106.0px</dimen>
<dimen name="layout_y_775">1107.0px</dimen>
<dimen name="layout_y_776">1109.0px</dimen>
<dimen name="layout_y_777">1110.0px</dimen>
<dimen name="layout_y_778">1112.0px</dimen>
<dimen name="layout_y_779">1113.0px</dimen>
<dimen name="layout_y_780">1114.0px</dimen>
<dimen name="layout_y_781">1116.0px</dimen>
<dimen name="layout_y_782">1117.0px</dimen>
<dimen name="layout_y_783">1119.0px</dimen>
<dimen name="layout_y_784">1120.0px</dimen>
<dimen name="layout_y_785">1122.0px</dimen>
<dimen name="layout_y_786">1123.0px</dimen>
<dimen name="layout_y_787">1124.0px</dimen>
<dimen name="layout_y_788">1126.0px</dimen>
<dimen name="layout_y_789">1127.0px</dimen>
<dimen name="layout_y_790">1129.0px</dimen>
<dimen name="layout_y_791">1130.0px</dimen>
<dimen name="layout_y_792">1132.0px</dimen>
<dimen name="layout_y_793">1133.0px</dimen>
<dimen name="layout_y_794">1134.0px</dimen>
<dimen name="layout_y_795">1136.0px</dimen>
<dimen name="layout_y_796">1137.0px</dimen>
<dimen name="layout_y_797">1139.0px</dimen>
<dimen name="layout_y_798">1140.0px</dimen>
<dimen name="layout_y_799">1142.0px</dimen>
<dimen name="layout_y_800">1024px</dimen>
</resources>