<?xml version="1.0" encoding="utf-8"?>
<resources><dimen name="layout_x_0">0.0px</dimen>
<dimen name="layout_x_1">1.0px</dimen>
<dimen name="layout_x_2">3.0px</dimen>
<dimen name="layout_x_3">5.0px</dimen>
<dimen name="layout_x_4">6.0px</dimen>
<dimen name="layout_x_5">8.0px</dimen>
<dimen name="layout_x_6">10.0px</dimen>
<dimen name="layout_x_7">11.0px</dimen>
<dimen name="layout_x_8">13.0px</dimen>
<dimen name="layout_x_9">15.0px</dimen>
<dimen name="layout_x_10">16.0px</dimen>
<dimen name="layout_x_11">18.0px</dimen>
<dimen name="layout_x_12">20.0px</dimen>
<dimen name="layout_x_13">21.0px</dimen>
<dimen name="layout_x_14">23.0px</dimen>
<dimen name="layout_x_15">25.0px</dimen>
<dimen name="layout_x_16">26.0px</dimen>
<dimen name="layout_x_17">28.0px</dimen>
<dimen name="layout_x_18">30.0px</dimen>
<dimen name="layout_x_19">31.0px</dimen>
<dimen name="layout_x_20">33.0px</dimen>
<dimen name="layout_x_21">35.0px</dimen>
<dimen name="layout_x_22">36.0px</dimen>
<dimen name="layout_x_23">38.0px</dimen>
<dimen name="layout_x_24">40.0px</dimen>
<dimen name="layout_x_25">41.0px</dimen>
<dimen name="layout_x_26">43.0px</dimen>
<dimen name="layout_x_27">45.0px</dimen>
<dimen name="layout_x_28">46.0px</dimen>
<dimen name="layout_x_29">48.0px</dimen>
<dimen name="layout_x_30">50.0px</dimen>
<dimen name="layout_x_31">51.0px</dimen>
<dimen name="layout_x_32">53.0px</dimen>
<dimen name="layout_x_33">55.0px</dimen>
<dimen name="layout_x_34">56.0px</dimen>
<dimen name="layout_x_35">58.0px</dimen>
<dimen name="layout_x_36">60.0px</dimen>
<dimen name="layout_x_37">61.0px</dimen>
<dimen name="layout_x_38">63.0px</dimen>
<dimen name="layout_x_39">65.0px</dimen>
<dimen name="layout_x_40">67.0px</dimen>
<dimen name="layout_x_41">68.0px</dimen>
<dimen name="layout_x_42">70.0px</dimen>
<dimen name="layout_x_43">72.0px</dimen>
<dimen name="layout_x_44">73.0px</dimen>
<dimen name="layout_x_45">75.0px</dimen>
<dimen name="layout_x_46">77.0px</dimen>
<dimen name="layout_x_47">78.0px</dimen>
<dimen name="layout_x_48">80.0px</dimen>
<dimen name="layout_x_49">82.0px</dimen>
<dimen name="layout_x_50">83.0px</dimen>
<dimen name="layout_x_51">85.0px</dimen>
<dimen name="layout_x_52">87.0px</dimen>
<dimen name="layout_x_53">88.0px</dimen>
<dimen name="layout_x_54">90.0px</dimen>
<dimen name="layout_x_55">92.0px</dimen>
<dimen name="layout_x_56">93.0px</dimen>
<dimen name="layout_x_57">95.0px</dimen>
<dimen name="layout_x_58">97.0px</dimen>
<dimen name="layout_x_59">98.0px</dimen>
<dimen name="layout_x_60">100.0px</dimen>
<dimen name="layout_x_61">102.0px</dimen>
<dimen name="layout_x_62">103.0px</dimen>
<dimen name="layout_x_63">105.0px</dimen>
<dimen name="layout_x_64">107.0px</dimen>
<dimen name="layout_x_65">108.0px</dimen>
<dimen name="layout_x_66">110.0px</dimen>
<dimen name="layout_x_67">112.0px</dimen>
<dimen name="layout_x_68">113.0px</dimen>
<dimen name="layout_x_69">115.0px</dimen>
<dimen name="layout_x_70">117.0px</dimen>
<dimen name="layout_x_71">118.0px</dimen>
<dimen name="layout_x_72">120.0px</dimen>
<dimen name="layout_x_73">122.0px</dimen>
<dimen name="layout_x_74">123.0px</dimen>
<dimen name="layout_x_75">125.0px</dimen>
<dimen name="layout_x_76">127.0px</dimen>
<dimen name="layout_x_77">128.0px</dimen>
<dimen name="layout_x_78">130.0px</dimen>
<dimen name="layout_x_79">132.0px</dimen>
<dimen name="layout_x_80">134.0px</dimen>
<dimen name="layout_x_81">135.0px</dimen>
<dimen name="layout_x_82">137.0px</dimen>
<dimen name="layout_x_83">139.0px</dimen>
<dimen name="layout_x_84">140.0px</dimen>
<dimen name="layout_x_85">142.0px</dimen>
<dimen name="layout_x_86">144.0px</dimen>
<dimen name="layout_x_87">145.0px</dimen>
<dimen name="layout_x_88">147.0px</dimen>
<dimen name="layout_x_89">149.0px</dimen>
<dimen name="layout_x_90">150.0px</dimen>
<dimen name="layout_x_91">152.0px</dimen>
<dimen name="layout_x_92">154.0px</dimen>
<dimen name="layout_x_93">155.0px</dimen>
<dimen name="layout_x_94">157.0px</dimen>
<dimen name="layout_x_95">159.0px</dimen>
<dimen name="layout_x_96">160.0px</dimen>
<dimen name="layout_x_97">162.0px</dimen>
<dimen name="layout_x_98">164.0px</dimen>
<dimen name="layout_x_99">165.0px</dimen>
<dimen name="layout_x_100">167.0px</dimen>
<dimen name="layout_x_101">169.0px</dimen>
<dimen name="layout_x_102">170.0px</dimen>
<dimen name="layout_x_103">172.0px</dimen>
<dimen name="layout_x_104">174.0px</dimen>
<dimen name="layout_x_105">175.0px</dimen>
<dimen name="layout_x_106">177.0px</dimen>
<dimen name="layout_x_107">179.0px</dimen>
<dimen name="layout_x_108">180.0px</dimen>
<dimen name="layout_x_109">182.0px</dimen>
<dimen name="layout_x_110">184.0px</dimen>
<dimen name="layout_x_111">185.0px</dimen>
<dimen name="layout_x_112">187.0px</dimen>
<dimen name="layout_x_113">189.0px</dimen>
<dimen name="layout_x_114">190.0px</dimen>
<dimen name="layout_x_115">192.0px</dimen>
<dimen name="layout_x_116">194.0px</dimen>
<dimen name="layout_x_117">195.0px</dimen>
<dimen name="layout_x_118">197.0px</dimen>
<dimen name="layout_x_119">199.0px</dimen>
<dimen name="layout_x_120">201.0px</dimen>
<dimen name="layout_x_121">202.0px</dimen>
<dimen name="layout_x_122">204.0px</dimen>
<dimen name="layout_x_123">206.0px</dimen>
<dimen name="layout_x_124">207.0px</dimen>
<dimen name="layout_x_125">209.0px</dimen>
<dimen name="layout_x_126">211.0px</dimen>
<dimen name="layout_x_127">212.0px</dimen>
<dimen name="layout_x_128">214.0px</dimen>
<dimen name="layout_x_129">216.0px</dimen>
<dimen name="layout_x_130">217.0px</dimen>
<dimen name="layout_x_131">219.0px</dimen>
<dimen name="layout_x_132">221.0px</dimen>
<dimen name="layout_x_133">222.0px</dimen>
<dimen name="layout_x_134">224.0px</dimen>
<dimen name="layout_x_135">226.0px</dimen>
<dimen name="layout_x_136">227.0px</dimen>
<dimen name="layout_x_137">229.0px</dimen>
<dimen name="layout_x_138">231.0px</dimen>
<dimen name="layout_x_139">232.0px</dimen>
<dimen name="layout_x_140">234.0px</dimen>
<dimen name="layout_x_141">236.0px</dimen>
<dimen name="layout_x_142">237.0px</dimen>
<dimen name="layout_x_143">239.0px</dimen>
<dimen name="layout_x_144">241.0px</dimen>
<dimen name="layout_x_145">242.0px</dimen>
<dimen name="layout_x_146">244.0px</dimen>
<dimen name="layout_x_147">246.0px</dimen>
<dimen name="layout_x_148">247.0px</dimen>
<dimen name="layout_x_149">249.0px</dimen>
<dimen name="layout_x_150">251.0px</dimen>
<dimen name="layout_x_151">252.0px</dimen>
<dimen name="layout_x_152">254.0px</dimen>
<dimen name="layout_x_153">256.0px</dimen>
<dimen name="layout_x_154">257.0px</dimen>
<dimen name="layout_x_155">259.0px</dimen>
<dimen name="layout_x_156">261.0px</dimen>
<dimen name="layout_x_157">262.0px</dimen>
<dimen name="layout_x_158">264.0px</dimen>
<dimen name="layout_x_159">266.0px</dimen>
<dimen name="layout_x_160">268.0px</dimen>
<dimen name="layout_x_161">269.0px</dimen>
<dimen name="layout_x_162">271.0px</dimen>
<dimen name="layout_x_163">273.0px</dimen>
<dimen name="layout_x_164">274.0px</dimen>
<dimen name="layout_x_165">276.0px</dimen>
<dimen name="layout_x_166">278.0px</dimen>
<dimen name="layout_x_167">279.0px</dimen>
<dimen name="layout_x_168">281.0px</dimen>
<dimen name="layout_x_169">283.0px</dimen>
<dimen name="layout_x_170">284.0px</dimen>
<dimen name="layout_x_171">286.0px</dimen>
<dimen name="layout_x_172">288.0px</dimen>
<dimen name="layout_x_173">289.0px</dimen>
<dimen name="layout_x_174">291.0px</dimen>
<dimen name="layout_x_175">293.0px</dimen>
<dimen name="layout_x_176">294.0px</dimen>
<dimen name="layout_x_177">296.0px</dimen>
<dimen name="layout_x_178">298.0px</dimen>
<dimen name="layout_x_179">299.0px</dimen>
<dimen name="layout_x_180">301.0px</dimen>
<dimen name="layout_x_181">303.0px</dimen>
<dimen name="layout_x_182">304.0px</dimen>
<dimen name="layout_x_183">306.0px</dimen>
<dimen name="layout_x_184">308.0px</dimen>
<dimen name="layout_x_185">309.0px</dimen>
<dimen name="layout_x_186">311.0px</dimen>
<dimen name="layout_x_187">313.0px</dimen>
<dimen name="layout_x_188">314.0px</dimen>
<dimen name="layout_x_189">316.0px</dimen>
<dimen name="layout_x_190">318.0px</dimen>
<dimen name="layout_x_191">319.0px</dimen>
<dimen name="layout_x_192">321.0px</dimen>
<dimen name="layout_x_193">323.0px</dimen>
<dimen name="layout_x_194">324.0px</dimen>
<dimen name="layout_x_195">326.0px</dimen>
<dimen name="layout_x_196">328.0px</dimen>
<dimen name="layout_x_197">329.0px</dimen>
<dimen name="layout_x_198">331.0px</dimen>
<dimen name="layout_x_199">333.0px</dimen>
<dimen name="layout_x_200">335.0px</dimen>
<dimen name="layout_x_201">336.0px</dimen>
<dimen name="layout_x_202">338.0px</dimen>
<dimen name="layout_x_203">340.0px</dimen>
<dimen name="layout_x_204">341.0px</dimen>
<dimen name="layout_x_205">343.0px</dimen>
<dimen name="layout_x_206">345.0px</dimen>
<dimen name="layout_x_207">346.0px</dimen>
<dimen name="layout_x_208">348.0px</dimen>
<dimen name="layout_x_209">350.0px</dimen>
<dimen name="layout_x_210">351.0px</dimen>
<dimen name="layout_x_211">353.0px</dimen>
<dimen name="layout_x_212">355.0px</dimen>
<dimen name="layout_x_213">356.0px</dimen>
<dimen name="layout_x_214">358.0px</dimen>
<dimen name="layout_x_215">360.0px</dimen>
<dimen name="layout_x_216">361.0px</dimen>
<dimen name="layout_x_217">363.0px</dimen>
<dimen name="layout_x_218">365.0px</dimen>
<dimen name="layout_x_219">366.0px</dimen>
<dimen name="layout_x_220">368.0px</dimen>
<dimen name="layout_x_221">370.0px</dimen>
<dimen name="layout_x_222">371.0px</dimen>
<dimen name="layout_x_223">373.0px</dimen>
<dimen name="layout_x_224">375.0px</dimen>
<dimen name="layout_x_225">376.0px</dimen>
<dimen name="layout_x_226">378.0px</dimen>
<dimen name="layout_x_227">380.0px</dimen>
<dimen name="layout_x_228">381.0px</dimen>
<dimen name="layout_x_229">383.0px</dimen>
<dimen name="layout_x_230">385.0px</dimen>
<dimen name="layout_x_231">386.0px</dimen>
<dimen name="layout_x_232">388.0px</dimen>
<dimen name="layout_x_233">390.0px</dimen>
<dimen name="layout_x_234">391.0px</dimen>
<dimen name="layout_x_235">393.0px</dimen>
<dimen name="layout_x_236">395.0px</dimen>
<dimen name="layout_x_237">396.0px</dimen>
<dimen name="layout_x_238">398.0px</dimen>
<dimen name="layout_x_239">400.0px</dimen>
<dimen name="layout_x_240">402.0px</dimen>
<dimen name="layout_x_241">403.0px</dimen>
<dimen name="layout_x_242">405.0px</dimen>
<dimen name="layout_x_243">407.0px</dimen>
<dimen name="layout_x_244">408.0px</dimen>
<dimen name="layout_x_245">410.0px</dimen>
<dimen name="layout_x_246">412.0px</dimen>
<dimen name="layout_x_247">413.0px</dimen>
<dimen name="layout_x_248">415.0px</dimen>
<dimen name="layout_x_249">417.0px</dimen>
<dimen name="layout_x_250">418.0px</dimen>
<dimen name="layout_x_251">420.0px</dimen>
<dimen name="layout_x_252">422.0px</dimen>
<dimen name="layout_x_253">423.0px</dimen>
<dimen name="layout_x_254">425.0px</dimen>
<dimen name="layout_x_255">427.0px</dimen>
<dimen name="layout_x_256">428.0px</dimen>
<dimen name="layout_x_257">430.0px</dimen>
<dimen name="layout_x_258">432.0px</dimen>
<dimen name="layout_x_259">433.0px</dimen>
<dimen name="layout_x_260">435.0px</dimen>
<dimen name="layout_x_261">437.0px</dimen>
<dimen name="layout_x_262">438.0px</dimen>
<dimen name="layout_x_263">440.0px</dimen>
<dimen name="layout_x_264">442.0px</dimen>
<dimen name="layout_x_265">443.0px</dimen>
<dimen name="layout_x_266">445.0px</dimen>
<dimen name="layout_x_267">447.0px</dimen>
<dimen name="layout_x_268">448.0px</dimen>
<dimen name="layout_x_269">450.0px</dimen>
<dimen name="layout_x_270">452.0px</dimen>
<dimen name="layout_x_271">453.0px</dimen>
<dimen name="layout_x_272">455.0px</dimen>
<dimen name="layout_x_273">457.0px</dimen>
<dimen name="layout_x_274">458.0px</dimen>
<dimen name="layout_x_275">460.0px</dimen>
<dimen name="layout_x_276">462.0px</dimen>
<dimen name="layout_x_277">463.0px</dimen>
<dimen name="layout_x_278">465.0px</dimen>
<dimen name="layout_x_279">467.0px</dimen>
<dimen name="layout_x_280">469.0px</dimen>
<dimen name="layout_x_281">470.0px</dimen>
<dimen name="layout_x_282">472.0px</dimen>
<dimen name="layout_x_283">474.0px</dimen>
<dimen name="layout_x_284">475.0px</dimen>
<dimen name="layout_x_285">477.0px</dimen>
<dimen name="layout_x_286">479.0px</dimen>
<dimen name="layout_x_287">480.0px</dimen>
<dimen name="layout_x_288">482.0px</dimen>
<dimen name="layout_x_289">484.0px</dimen>
<dimen name="layout_x_290">485.0px</dimen>
<dimen name="layout_x_291">487.0px</dimen>
<dimen name="layout_x_292">489.0px</dimen>
<dimen name="layout_x_293">490.0px</dimen>
<dimen name="layout_x_294">492.0px</dimen>
<dimen name="layout_x_295">494.0px</dimen>
<dimen name="layout_x_296">495.0px</dimen>
<dimen name="layout_x_297">497.0px</dimen>
<dimen name="layout_x_298">499.0px</dimen>
<dimen name="layout_x_299">500.0px</dimen>
<dimen name="layout_x_300">502.0px</dimen>
<dimen name="layout_x_301">504.0px</dimen>
<dimen name="layout_x_302">505.0px</dimen>
<dimen name="layout_x_303">507.0px</dimen>
<dimen name="layout_x_304">509.0px</dimen>
<dimen name="layout_x_305">510.0px</dimen>
<dimen name="layout_x_306">512.0px</dimen>
<dimen name="layout_x_307">514.0px</dimen>
<dimen name="layout_x_308">515.0px</dimen>
<dimen name="layout_x_309">517.0px</dimen>
<dimen name="layout_x_310">519.0px</dimen>
<dimen name="layout_x_311">520.0px</dimen>
<dimen name="layout_x_312">522.0px</dimen>
<dimen name="layout_x_313">524.0px</dimen>
<dimen name="layout_x_314">525.0px</dimen>
<dimen name="layout_x_315">527.0px</dimen>
<dimen name="layout_x_316">529.0px</dimen>
<dimen name="layout_x_317">530.0px</dimen>
<dimen name="layout_x_318">532.0px</dimen>
<dimen name="layout_x_319">534.0px</dimen>
<dimen name="layout_x_320">536.0px</dimen>
<dimen name="layout_x_321">537.0px</dimen>
<dimen name="layout_x_322">539.0px</dimen>
<dimen name="layout_x_323">541.0px</dimen>
<dimen name="layout_x_324">542.0px</dimen>
<dimen name="layout_x_325">544.0px</dimen>
<dimen name="layout_x_326">546.0px</dimen>
<dimen name="layout_x_327">547.0px</dimen>
<dimen name="layout_x_328">549.0px</dimen>
<dimen name="layout_x_329">551.0px</dimen>
<dimen name="layout_x_330">552.0px</dimen>
<dimen name="layout_x_331">554.0px</dimen>
<dimen name="layout_x_332">556.0px</dimen>
<dimen name="layout_x_333">557.0px</dimen>
<dimen name="layout_x_334">559.0px</dimen>
<dimen name="layout_x_335">561.0px</dimen>
<dimen name="layout_x_336">562.0px</dimen>
<dimen name="layout_x_337">564.0px</dimen>
<dimen name="layout_x_338">566.0px</dimen>
<dimen name="layout_x_339">567.0px</dimen>
<dimen name="layout_x_340">569.0px</dimen>
<dimen name="layout_x_341">571.0px</dimen>
<dimen name="layout_x_342">572.0px</dimen>
<dimen name="layout_x_343">574.0px</dimen>
<dimen name="layout_x_344">576.0px</dimen>
<dimen name="layout_x_345">577.0px</dimen>
<dimen name="layout_x_346">579.0px</dimen>
<dimen name="layout_x_347">581.0px</dimen>
<dimen name="layout_x_348">582.0px</dimen>
<dimen name="layout_x_349">584.0px</dimen>
<dimen name="layout_x_350">586.0px</dimen>
<dimen name="layout_x_351">587.0px</dimen>
<dimen name="layout_x_352">589.0px</dimen>
<dimen name="layout_x_353">591.0px</dimen>
<dimen name="layout_x_354">592.0px</dimen>
<dimen name="layout_x_355">594.0px</dimen>
<dimen name="layout_x_356">596.0px</dimen>
<dimen name="layout_x_357">597.0px</dimen>
<dimen name="layout_x_358">599.0px</dimen>
<dimen name="layout_x_359">601.0px</dimen>
<dimen name="layout_x_360">603.0px</dimen>
<dimen name="layout_x_361">604.0px</dimen>
<dimen name="layout_x_362">606.0px</dimen>
<dimen name="layout_x_363">608.0px</dimen>
<dimen name="layout_x_364">609.0px</dimen>
<dimen name="layout_x_365">611.0px</dimen>
<dimen name="layout_x_366">613.0px</dimen>
<dimen name="layout_x_367">614.0px</dimen>
<dimen name="layout_x_368">616.0px</dimen>
<dimen name="layout_x_369">618.0px</dimen>
<dimen name="layout_x_370">619.0px</dimen>
<dimen name="layout_x_371">621.0px</dimen>
<dimen name="layout_x_372">623.0px</dimen>
<dimen name="layout_x_373">624.0px</dimen>
<dimen name="layout_x_374">626.0px</dimen>
<dimen name="layout_x_375">628.0px</dimen>
<dimen name="layout_x_376">629.0px</dimen>
<dimen name="layout_x_377">631.0px</dimen>
<dimen name="layout_x_378">633.0px</dimen>
<dimen name="layout_x_379">634.0px</dimen>
<dimen name="layout_x_380">636.0px</dimen>
<dimen name="layout_x_381">638.0px</dimen>
<dimen name="layout_x_382">639.0px</dimen>
<dimen name="layout_x_383">641.0px</dimen>
<dimen name="layout_x_384">643.0px</dimen>
<dimen name="layout_x_385">644.0px</dimen>
<dimen name="layout_x_386">646.0px</dimen>
<dimen name="layout_x_387">648.0px</dimen>
<dimen name="layout_x_388">649.0px</dimen>
<dimen name="layout_x_389">651.0px</dimen>
<dimen name="layout_x_390">653.0px</dimen>
<dimen name="layout_x_391">654.0px</dimen>
<dimen name="layout_x_392">656.0px</dimen>
<dimen name="layout_x_393">658.0px</dimen>
<dimen name="layout_x_394">659.0px</dimen>
<dimen name="layout_x_395">661.0px</dimen>
<dimen name="layout_x_396">663.0px</dimen>
<dimen name="layout_x_397">664.0px</dimen>
<dimen name="layout_x_398">666.0px</dimen>
<dimen name="layout_x_399">668.0px</dimen>
<dimen name="layout_x_400">670.0px</dimen>
<dimen name="layout_x_401">671.0px</dimen>
<dimen name="layout_x_402">673.0px</dimen>
<dimen name="layout_x_403">675.0px</dimen>
<dimen name="layout_x_404">676.0px</dimen>
<dimen name="layout_x_405">678.0px</dimen>
<dimen name="layout_x_406">680.0px</dimen>
<dimen name="layout_x_407">681.0px</dimen>
<dimen name="layout_x_408">683.0px</dimen>
<dimen name="layout_x_409">685.0px</dimen>
<dimen name="layout_x_410">686.0px</dimen>
<dimen name="layout_x_411">688.0px</dimen>
<dimen name="layout_x_412">690.0px</dimen>
<dimen name="layout_x_413">691.0px</dimen>
<dimen name="layout_x_414">693.0px</dimen>
<dimen name="layout_x_415">695.0px</dimen>
<dimen name="layout_x_416">696.0px</dimen>
<dimen name="layout_x_417">698.0px</dimen>
<dimen name="layout_x_418">700.0px</dimen>
<dimen name="layout_x_419">701.0px</dimen>
<dimen name="layout_x_420">703.0px</dimen>
<dimen name="layout_x_421">705.0px</dimen>
<dimen name="layout_x_422">706.0px</dimen>
<dimen name="layout_x_423">708.0px</dimen>
<dimen name="layout_x_424">710.0px</dimen>
<dimen name="layout_x_425">711.0px</dimen>
<dimen name="layout_x_426">713.0px</dimen>
<dimen name="layout_x_427">715.0px</dimen>
<dimen name="layout_x_428">716.0px</dimen>
<dimen name="layout_x_429">718.0px</dimen>
<dimen name="layout_x_430">720.0px</dimen>
<dimen name="layout_x_431">721.0px</dimen>
<dimen name="layout_x_432">723.0px</dimen>
<dimen name="layout_x_433">725.0px</dimen>
<dimen name="layout_x_434">726.0px</dimen>
<dimen name="layout_x_435">728.0px</dimen>
<dimen name="layout_x_436">730.0px</dimen>
<dimen name="layout_x_437">731.0px</dimen>
<dimen name="layout_x_438">733.0px</dimen>
<dimen name="layout_x_439">735.0px</dimen>
<dimen name="layout_x_440">737.0px</dimen>
<dimen name="layout_x_441">738.0px</dimen>
<dimen name="layout_x_442">740.0px</dimen>
<dimen name="layout_x_443">742.0px</dimen>
<dimen name="layout_x_444">743.0px</dimen>
<dimen name="layout_x_445">745.0px</dimen>
<dimen name="layout_x_446">747.0px</dimen>
<dimen name="layout_x_447">748.0px</dimen>
<dimen name="layout_x_448">750.0px</dimen>
<dimen name="layout_x_449">752.0px</dimen>
<dimen name="layout_x_450">753.0px</dimen>
<dimen name="layout_x_451">755.0px</dimen>
<dimen name="layout_x_452">757.0px</dimen>
<dimen name="layout_x_453">758.0px</dimen>
<dimen name="layout_x_454">760.0px</dimen>
<dimen name="layout_x_455">762.0px</dimen>
<dimen name="layout_x_456">763.0px</dimen>
<dimen name="layout_x_457">765.0px</dimen>
<dimen name="layout_x_458">767.0px</dimen>
<dimen name="layout_x_459">768.0px</dimen>
<dimen name="layout_x_460">770.0px</dimen>
<dimen name="layout_x_461">772.0px</dimen>
<dimen name="layout_x_462">773.0px</dimen>
<dimen name="layout_x_463">775.0px</dimen>
<dimen name="layout_x_464">777.0px</dimen>
<dimen name="layout_x_465">778.0px</dimen>
<dimen name="layout_x_466">780.0px</dimen>
<dimen name="layout_x_467">782.0px</dimen>
<dimen name="layout_x_468">783.0px</dimen>
<dimen name="layout_x_469">785.0px</dimen>
<dimen name="layout_x_470">787.0px</dimen>
<dimen name="layout_x_471">788.0px</dimen>
<dimen name="layout_x_472">790.0px</dimen>
<dimen name="layout_x_473">792.0px</dimen>
<dimen name="layout_x_474">793.0px</dimen>
<dimen name="layout_x_475">795.0px</dimen>
<dimen name="layout_x_476">797.0px</dimen>
<dimen name="layout_x_477">798.0px</dimen>
<dimen name="layout_x_478">800.0px</dimen>
<dimen name="layout_x_479">802.0px</dimen>
<dimen name="layout_x_480">800px</dimen>
</resources>