<?xml version="1.0" encoding="utf-8"?>
<resources><dimen name="layout_y_0">0.0px</dimen>
<dimen name="layout_y_1">1.0px</dimen>
<dimen name="layout_y_2">2.0px</dimen>
<dimen name="layout_y_3">3.0px</dimen>
<dimen name="layout_y_4">4.0px</dimen>
<dimen name="layout_y_5">5.0px</dimen>
<dimen name="layout_y_6">6.0px</dimen>
<dimen name="layout_y_7">7.0px</dimen>
<dimen name="layout_y_8">8.0px</dimen>
<dimen name="layout_y_9">9.0px</dimen>
<dimen name="layout_y_10">10.0px</dimen>
<dimen name="layout_y_11">11.0px</dimen>
<dimen name="layout_y_12">12.0px</dimen>
<dimen name="layout_y_13">13.0px</dimen>
<dimen name="layout_y_14">15.0px</dimen>
<dimen name="layout_y_15">16.0px</dimen>
<dimen name="layout_y_16">17.0px</dimen>
<dimen name="layout_y_17">18.0px</dimen>
<dimen name="layout_y_18">19.0px</dimen>
<dimen name="layout_y_19">20.0px</dimen>
<dimen name="layout_y_20">21.0px</dimen>
<dimen name="layout_y_21">22.0px</dimen>
<dimen name="layout_y_22">23.0px</dimen>
<dimen name="layout_y_23">24.0px</dimen>
<dimen name="layout_y_24">25.0px</dimen>
<dimen name="layout_y_25">26.0px</dimen>
<dimen name="layout_y_26">27.0px</dimen>
<dimen name="layout_y_27">28.0px</dimen>
<dimen name="layout_y_28">30.0px</dimen>
<dimen name="layout_y_29">31.0px</dimen>
<dimen name="layout_y_30">32.0px</dimen>
<dimen name="layout_y_31">33.0px</dimen>
<dimen name="layout_y_32">34.0px</dimen>
<dimen name="layout_y_33">35.0px</dimen>
<dimen name="layout_y_34">36.0px</dimen>
<dimen name="layout_y_35">37.0px</dimen>
<dimen name="layout_y_36">38.0px</dimen>
<dimen name="layout_y_37">39.0px</dimen>
<dimen name="layout_y_38">40.0px</dimen>
<dimen name="layout_y_39">41.0px</dimen>
<dimen name="layout_y_40">42.0px</dimen>
<dimen name="layout_y_41">43.0px</dimen>
<dimen name="layout_y_42">45.0px</dimen>
<dimen name="layout_y_43">46.0px</dimen>
<dimen name="layout_y_44">47.0px</dimen>
<dimen name="layout_y_45">48.0px</dimen>
<dimen name="layout_y_46">49.0px</dimen>
<dimen name="layout_y_47">50.0px</dimen>
<dimen name="layout_y_48">51.0px</dimen>
<dimen name="layout_y_49">52.0px</dimen>
<dimen name="layout_y_50">53.0px</dimen>
<dimen name="layout_y_51">54.0px</dimen>
<dimen name="layout_y_52">55.0px</dimen>
<dimen name="layout_y_53">56.0px</dimen>
<dimen name="layout_y_54">57.0px</dimen>
<dimen name="layout_y_55">58.0px</dimen>
<dimen name="layout_y_56">60.0px</dimen>
<dimen name="layout_y_57">61.0px</dimen>
<dimen name="layout_y_58">62.0px</dimen>
<dimen name="layout_y_59">63.0px</dimen>
<dimen name="layout_y_60">64.0px</dimen>
<dimen name="layout_y_61">65.0px</dimen>
<dimen name="layout_y_62">66.0px</dimen>
<dimen name="layout_y_63">67.0px</dimen>
<dimen name="layout_y_64">68.0px</dimen>
<dimen name="layout_y_65">69.0px</dimen>
<dimen name="layout_y_66">70.0px</dimen>
<dimen name="layout_y_67">71.0px</dimen>
<dimen name="layout_y_68">72.0px</dimen>
<dimen name="layout_y_69">73.0px</dimen>
<dimen name="layout_y_70">75.0px</dimen>
<dimen name="layout_y_71">76.0px</dimen>
<dimen name="layout_y_72">77.0px</dimen>
<dimen name="layout_y_73">78.0px</dimen>
<dimen name="layout_y_74">79.0px</dimen>
<dimen name="layout_y_75">80.0px</dimen>
<dimen name="layout_y_76">81.0px</dimen>
<dimen name="layout_y_77">82.0px</dimen>
<dimen name="layout_y_78">83.0px</dimen>
<dimen name="layout_y_79">84.0px</dimen>
<dimen name="layout_y_80">85.0px</dimen>
<dimen name="layout_y_81">86.0px</dimen>
<dimen name="layout_y_82">87.0px</dimen>
<dimen name="layout_y_83">88.0px</dimen>
<dimen name="layout_y_84">90.0px</dimen>
<dimen name="layout_y_85">91.0px</dimen>
<dimen name="layout_y_86">92.0px</dimen>
<dimen name="layout_y_87">93.0px</dimen>
<dimen name="layout_y_88">94.0px</dimen>
<dimen name="layout_y_89">95.0px</dimen>
<dimen name="layout_y_90">96.0px</dimen>
<dimen name="layout_y_91">97.0px</dimen>
<dimen name="layout_y_92">98.0px</dimen>
<dimen name="layout_y_93">99.0px</dimen>
<dimen name="layout_y_94">100.0px</dimen>
<dimen name="layout_y_95">101.0px</dimen>
<dimen name="layout_y_96">102.0px</dimen>
<dimen name="layout_y_97">103.0px</dimen>
<dimen name="layout_y_98">105.0px</dimen>
<dimen name="layout_y_99">106.0px</dimen>
<dimen name="layout_y_100">107.0px</dimen>
<dimen name="layout_y_101">108.0px</dimen>
<dimen name="layout_y_102">109.0px</dimen>
<dimen name="layout_y_103">110.0px</dimen>
<dimen name="layout_y_104">111.0px</dimen>
<dimen name="layout_y_105">112.0px</dimen>
<dimen name="layout_y_106">113.0px</dimen>
<dimen name="layout_y_107">114.0px</dimen>
<dimen name="layout_y_108">115.0px</dimen>
<dimen name="layout_y_109">116.0px</dimen>
<dimen name="layout_y_110">117.0px</dimen>
<dimen name="layout_y_111">118.0px</dimen>
<dimen name="layout_y_112">120.0px</dimen>
<dimen name="layout_y_113">121.0px</dimen>
<dimen name="layout_y_114">122.0px</dimen>
<dimen name="layout_y_115">123.0px</dimen>
<dimen name="layout_y_116">124.0px</dimen>
<dimen name="layout_y_117">125.0px</dimen>
<dimen name="layout_y_118">126.0px</dimen>
<dimen name="layout_y_119">127.0px</dimen>
<dimen name="layout_y_120">128.0px</dimen>
<dimen name="layout_y_121">129.0px</dimen>
<dimen name="layout_y_122">130.0px</dimen>
<dimen name="layout_y_123">131.0px</dimen>
<dimen name="layout_y_124">132.0px</dimen>
<dimen name="layout_y_125">134.0px</dimen>
<dimen name="layout_y_126">135.0px</dimen>
<dimen name="layout_y_127">136.0px</dimen>
<dimen name="layout_y_128">137.0px</dimen>
<dimen name="layout_y_129">138.0px</dimen>
<dimen name="layout_y_130">139.0px</dimen>
<dimen name="layout_y_131">140.0px</dimen>
<dimen name="layout_y_132">141.0px</dimen>
<dimen name="layout_y_133">142.0px</dimen>
<dimen name="layout_y_134">143.0px</dimen>
<dimen name="layout_y_135">144.0px</dimen>
<dimen name="layout_y_136">145.0px</dimen>
<dimen name="layout_y_137">146.0px</dimen>
<dimen name="layout_y_138">147.0px</dimen>
<dimen name="layout_y_139">149.0px</dimen>
<dimen name="layout_y_140">150.0px</dimen>
<dimen name="layout_y_141">151.0px</dimen>
<dimen name="layout_y_142">152.0px</dimen>
<dimen name="layout_y_143">153.0px</dimen>
<dimen name="layout_y_144">154.0px</dimen>
<dimen name="layout_y_145">155.0px</dimen>
<dimen name="layout_y_146">156.0px</dimen>
<dimen name="layout_y_147">157.0px</dimen>
<dimen name="layout_y_148">158.0px</dimen>
<dimen name="layout_y_149">159.0px</dimen>
<dimen name="layout_y_150">160.0px</dimen>
<dimen name="layout_y_151">161.0px</dimen>
<dimen name="layout_y_152">162.0px</dimen>
<dimen name="layout_y_153">164.0px</dimen>
<dimen name="layout_y_154">165.0px</dimen>
<dimen name="layout_y_155">166.0px</dimen>
<dimen name="layout_y_156">167.0px</dimen>
<dimen name="layout_y_157">168.0px</dimen>
<dimen name="layout_y_158">169.0px</dimen>
<dimen name="layout_y_159">170.0px</dimen>
<dimen name="layout_y_160">171.0px</dimen>
<dimen name="layout_y_161">172.0px</dimen>
<dimen name="layout_y_162">173.0px</dimen>
<dimen name="layout_y_163">174.0px</dimen>
<dimen name="layout_y_164">175.0px</dimen>
<dimen name="layout_y_165">176.0px</dimen>
<dimen name="layout_y_166">177.0px</dimen>
<dimen name="layout_y_167">179.0px</dimen>
<dimen name="layout_y_168">180.0px</dimen>
<dimen name="layout_y_169">181.0px</dimen>
<dimen name="layout_y_170">182.0px</dimen>
<dimen name="layout_y_171">183.0px</dimen>
<dimen name="layout_y_172">184.0px</dimen>
<dimen name="layout_y_173">185.0px</dimen>
<dimen name="layout_y_174">186.0px</dimen>
<dimen name="layout_y_175">187.0px</dimen>
<dimen name="layout_y_176">188.0px</dimen>
<dimen name="layout_y_177">189.0px</dimen>
<dimen name="layout_y_178">190.0px</dimen>
<dimen name="layout_y_179">191.0px</dimen>
<dimen name="layout_y_180">192.0px</dimen>
<dimen name="layout_y_181">194.0px</dimen>
<dimen name="layout_y_182">195.0px</dimen>
<dimen name="layout_y_183">196.0px</dimen>
<dimen name="layout_y_184">197.0px</dimen>
<dimen name="layout_y_185">198.0px</dimen>
<dimen name="layout_y_186">199.0px</dimen>
<dimen name="layout_y_187">200.0px</dimen>
<dimen name="layout_y_188">201.0px</dimen>
<dimen name="layout_y_189">202.0px</dimen>
<dimen name="layout_y_190">203.0px</dimen>
<dimen name="layout_y_191">204.0px</dimen>
<dimen name="layout_y_192">205.0px</dimen>
<dimen name="layout_y_193">206.0px</dimen>
<dimen name="layout_y_194">207.0px</dimen>
<dimen name="layout_y_195">209.0px</dimen>
<dimen name="layout_y_196">210.0px</dimen>
<dimen name="layout_y_197">211.0px</dimen>
<dimen name="layout_y_198">212.0px</dimen>
<dimen name="layout_y_199">213.0px</dimen>
<dimen name="layout_y_200">214.0px</dimen>
<dimen name="layout_y_201">215.0px</dimen>
<dimen name="layout_y_202">216.0px</dimen>
<dimen name="layout_y_203">217.0px</dimen>
<dimen name="layout_y_204">218.0px</dimen>
<dimen name="layout_y_205">219.0px</dimen>
<dimen name="layout_y_206">220.0px</dimen>
<dimen name="layout_y_207">221.0px</dimen>
<dimen name="layout_y_208">222.0px</dimen>
<dimen name="layout_y_209">224.0px</dimen>
<dimen name="layout_y_210">225.0px</dimen>
<dimen name="layout_y_211">226.0px</dimen>
<dimen name="layout_y_212">227.0px</dimen>
<dimen name="layout_y_213">228.0px</dimen>
<dimen name="layout_y_214">229.0px</dimen>
<dimen name="layout_y_215">230.0px</dimen>
<dimen name="layout_y_216">231.0px</dimen>
<dimen name="layout_y_217">232.0px</dimen>
<dimen name="layout_y_218">233.0px</dimen>
<dimen name="layout_y_219">234.0px</dimen>
<dimen name="layout_y_220">235.0px</dimen>
<dimen name="layout_y_221">236.0px</dimen>
<dimen name="layout_y_222">237.0px</dimen>
<dimen name="layout_y_223">239.0px</dimen>
<dimen name="layout_y_224">240.0px</dimen>
<dimen name="layout_y_225">241.0px</dimen>
<dimen name="layout_y_226">242.0px</dimen>
<dimen name="layout_y_227">243.0px</dimen>
<dimen name="layout_y_228">244.0px</dimen>
<dimen name="layout_y_229">245.0px</dimen>
<dimen name="layout_y_230">246.0px</dimen>
<dimen name="layout_y_231">247.0px</dimen>
<dimen name="layout_y_232">248.0px</dimen>
<dimen name="layout_y_233">249.0px</dimen>
<dimen name="layout_y_234">250.0px</dimen>
<dimen name="layout_y_235">251.0px</dimen>
<dimen name="layout_y_236">252.0px</dimen>
<dimen name="layout_y_237">254.0px</dimen>
<dimen name="layout_y_238">255.0px</dimen>
<dimen name="layout_y_239">256.0px</dimen>
<dimen name="layout_y_240">257.0px</dimen>
<dimen name="layout_y_241">258.0px</dimen>
<dimen name="layout_y_242">259.0px</dimen>
<dimen name="layout_y_243">260.0px</dimen>
<dimen name="layout_y_244">261.0px</dimen>
<dimen name="layout_y_245">262.0px</dimen>
<dimen name="layout_y_246">263.0px</dimen>
<dimen name="layout_y_247">264.0px</dimen>
<dimen name="layout_y_248">265.0px</dimen>
<dimen name="layout_y_249">266.0px</dimen>
<dimen name="layout_y_250">268.0px</dimen>
<dimen name="layout_y_251">269.0px</dimen>
<dimen name="layout_y_252">270.0px</dimen>
<dimen name="layout_y_253">271.0px</dimen>
<dimen name="layout_y_254">272.0px</dimen>
<dimen name="layout_y_255">273.0px</dimen>
<dimen name="layout_y_256">274.0px</dimen>
<dimen name="layout_y_257">275.0px</dimen>
<dimen name="layout_y_258">276.0px</dimen>
<dimen name="layout_y_259">277.0px</dimen>
<dimen name="layout_y_260">278.0px</dimen>
<dimen name="layout_y_261">279.0px</dimen>
<dimen name="layout_y_262">280.0px</dimen>
<dimen name="layout_y_263">281.0px</dimen>
<dimen name="layout_y_264">283.0px</dimen>
<dimen name="layout_y_265">284.0px</dimen>
<dimen name="layout_y_266">285.0px</dimen>
<dimen name="layout_y_267">286.0px</dimen>
<dimen name="layout_y_268">287.0px</dimen>
<dimen name="layout_y_269">288.0px</dimen>
<dimen name="layout_y_270">289.0px</dimen>
<dimen name="layout_y_271">290.0px</dimen>
<dimen name="layout_y_272">291.0px</dimen>
<dimen name="layout_y_273">292.0px</dimen>
<dimen name="layout_y_274">293.0px</dimen>
<dimen name="layout_y_275">294.0px</dimen>
<dimen name="layout_y_276">295.0px</dimen>
<dimen name="layout_y_277">296.0px</dimen>
<dimen name="layout_y_278">298.0px</dimen>
<dimen name="layout_y_279">299.0px</dimen>
<dimen name="layout_y_280">300.0px</dimen>
<dimen name="layout_y_281">301.0px</dimen>
<dimen name="layout_y_282">302.0px</dimen>
<dimen name="layout_y_283">303.0px</dimen>
<dimen name="layout_y_284">304.0px</dimen>
<dimen name="layout_y_285">305.0px</dimen>
<dimen name="layout_y_286">306.0px</dimen>
<dimen name="layout_y_287">307.0px</dimen>
<dimen name="layout_y_288">308.0px</dimen>
<dimen name="layout_y_289">309.0px</dimen>
<dimen name="layout_y_290">310.0px</dimen>
<dimen name="layout_y_291">311.0px</dimen>
<dimen name="layout_y_292">313.0px</dimen>
<dimen name="layout_y_293">314.0px</dimen>
<dimen name="layout_y_294">315.0px</dimen>
<dimen name="layout_y_295">316.0px</dimen>
<dimen name="layout_y_296">317.0px</dimen>
<dimen name="layout_y_297">318.0px</dimen>
<dimen name="layout_y_298">319.0px</dimen>
<dimen name="layout_y_299">320.0px</dimen>
<dimen name="layout_y_300">321.0px</dimen>
<dimen name="layout_y_301">322.0px</dimen>
<dimen name="layout_y_302">323.0px</dimen>
<dimen name="layout_y_303">324.0px</dimen>
<dimen name="layout_y_304">325.0px</dimen>
<dimen name="layout_y_305">326.0px</dimen>
<dimen name="layout_y_306">328.0px</dimen>
<dimen name="layout_y_307">329.0px</dimen>
<dimen name="layout_y_308">330.0px</dimen>
<dimen name="layout_y_309">331.0px</dimen>
<dimen name="layout_y_310">332.0px</dimen>
<dimen name="layout_y_311">333.0px</dimen>
<dimen name="layout_y_312">334.0px</dimen>
<dimen name="layout_y_313">335.0px</dimen>
<dimen name="layout_y_314">336.0px</dimen>
<dimen name="layout_y_315">337.0px</dimen>
<dimen name="layout_y_316">338.0px</dimen>
<dimen name="layout_y_317">339.0px</dimen>
<dimen name="layout_y_318">340.0px</dimen>
<dimen name="layout_y_319">341.0px</dimen>
<dimen name="layout_y_320">343.0px</dimen>
<dimen name="layout_y_321">344.0px</dimen>
<dimen name="layout_y_322">345.0px</dimen>
<dimen name="layout_y_323">346.0px</dimen>
<dimen name="layout_y_324">347.0px</dimen>
<dimen name="layout_y_325">348.0px</dimen>
<dimen name="layout_y_326">349.0px</dimen>
<dimen name="layout_y_327">350.0px</dimen>
<dimen name="layout_y_328">351.0px</dimen>
<dimen name="layout_y_329">352.0px</dimen>
<dimen name="layout_y_330">353.0px</dimen>
<dimen name="layout_y_331">354.0px</dimen>
<dimen name="layout_y_332">355.0px</dimen>
<dimen name="layout_y_333">356.0px</dimen>
<dimen name="layout_y_334">358.0px</dimen>
<dimen name="layout_y_335">359.0px</dimen>
<dimen name="layout_y_336">360.0px</dimen>
<dimen name="layout_y_337">361.0px</dimen>
<dimen name="layout_y_338">362.0px</dimen>
<dimen name="layout_y_339">363.0px</dimen>
<dimen name="layout_y_340">364.0px</dimen>
<dimen name="layout_y_341">365.0px</dimen>
<dimen name="layout_y_342">366.0px</dimen>
<dimen name="layout_y_343">367.0px</dimen>
<dimen name="layout_y_344">368.0px</dimen>
<dimen name="layout_y_345">369.0px</dimen>
<dimen name="layout_y_346">370.0px</dimen>
<dimen name="layout_y_347">371.0px</dimen>
<dimen name="layout_y_348">373.0px</dimen>
<dimen name="layout_y_349">374.0px</dimen>
<dimen name="layout_y_350">375.0px</dimen>
<dimen name="layout_y_351">376.0px</dimen>
<dimen name="layout_y_352">377.0px</dimen>
<dimen name="layout_y_353">378.0px</dimen>
<dimen name="layout_y_354">379.0px</dimen>
<dimen name="layout_y_355">380.0px</dimen>
<dimen name="layout_y_356">381.0px</dimen>
<dimen name="layout_y_357">382.0px</dimen>
<dimen name="layout_y_358">383.0px</dimen>
<dimen name="layout_y_359">384.0px</dimen>
<dimen name="layout_y_360">385.0px</dimen>
<dimen name="layout_y_361">386.0px</dimen>
<dimen name="layout_y_362">388.0px</dimen>
<dimen name="layout_y_363">389.0px</dimen>
<dimen name="layout_y_364">390.0px</dimen>
<dimen name="layout_y_365">391.0px</dimen>
<dimen name="layout_y_366">392.0px</dimen>
<dimen name="layout_y_367">393.0px</dimen>
<dimen name="layout_y_368">394.0px</dimen>
<dimen name="layout_y_369">395.0px</dimen>
<dimen name="layout_y_370">396.0px</dimen>
<dimen name="layout_y_371">397.0px</dimen>
<dimen name="layout_y_372">398.0px</dimen>
<dimen name="layout_y_373">399.0px</dimen>
<dimen name="layout_y_374">400.0px</dimen>
<dimen name="layout_y_375">402.0px</dimen>
<dimen name="layout_y_376">403.0px</dimen>
<dimen name="layout_y_377">404.0px</dimen>
<dimen name="layout_y_378">405.0px</dimen>
<dimen name="layout_y_379">406.0px</dimen>
<dimen name="layout_y_380">407.0px</dimen>
<dimen name="layout_y_381">408.0px</dimen>
<dimen name="layout_y_382">409.0px</dimen>
<dimen name="layout_y_383">410.0px</dimen>
<dimen name="layout_y_384">411.0px</dimen>
<dimen name="layout_y_385">412.0px</dimen>
<dimen name="layout_y_386">413.0px</dimen>
<dimen name="layout_y_387">414.0px</dimen>
<dimen name="layout_y_388">415.0px</dimen>
<dimen name="layout_y_389">417.0px</dimen>
<dimen name="layout_y_390">418.0px</dimen>
<dimen name="layout_y_391">419.0px</dimen>
<dimen name="layout_y_392">420.0px</dimen>
<dimen name="layout_y_393">421.0px</dimen>
<dimen name="layout_y_394">422.0px</dimen>
<dimen name="layout_y_395">423.0px</dimen>
<dimen name="layout_y_396">424.0px</dimen>
<dimen name="layout_y_397">425.0px</dimen>
<dimen name="layout_y_398">426.0px</dimen>
<dimen name="layout_y_399">427.0px</dimen>
<dimen name="layout_y_400">428.0px</dimen>
<dimen name="layout_y_401">429.0px</dimen>
<dimen name="layout_y_402">430.0px</dimen>
<dimen name="layout_y_403">432.0px</dimen>
<dimen name="layout_y_404">433.0px</dimen>
<dimen name="layout_y_405">434.0px</dimen>
<dimen name="layout_y_406">435.0px</dimen>
<dimen name="layout_y_407">436.0px</dimen>
<dimen name="layout_y_408">437.0px</dimen>
<dimen name="layout_y_409">438.0px</dimen>
<dimen name="layout_y_410">439.0px</dimen>
<dimen name="layout_y_411">440.0px</dimen>
<dimen name="layout_y_412">441.0px</dimen>
<dimen name="layout_y_413">442.0px</dimen>
<dimen name="layout_y_414">443.0px</dimen>
<dimen name="layout_y_415">444.0px</dimen>
<dimen name="layout_y_416">445.0px</dimen>
<dimen name="layout_y_417">447.0px</dimen>
<dimen name="layout_y_418">448.0px</dimen>
<dimen name="layout_y_419">449.0px</dimen>
<dimen name="layout_y_420">450.0px</dimen>
<dimen name="layout_y_421">451.0px</dimen>
<dimen name="layout_y_422">452.0px</dimen>
<dimen name="layout_y_423">453.0px</dimen>
<dimen name="layout_y_424">454.0px</dimen>
<dimen name="layout_y_425">455.0px</dimen>
<dimen name="layout_y_426">456.0px</dimen>
<dimen name="layout_y_427">457.0px</dimen>
<dimen name="layout_y_428">458.0px</dimen>
<dimen name="layout_y_429">459.0px</dimen>
<dimen name="layout_y_430">460.0px</dimen>
<dimen name="layout_y_431">462.0px</dimen>
<dimen name="layout_y_432">463.0px</dimen>
<dimen name="layout_y_433">464.0px</dimen>
<dimen name="layout_y_434">465.0px</dimen>
<dimen name="layout_y_435">466.0px</dimen>
<dimen name="layout_y_436">467.0px</dimen>
<dimen name="layout_y_437">468.0px</dimen>
<dimen name="layout_y_438">469.0px</dimen>
<dimen name="layout_y_439">470.0px</dimen>
<dimen name="layout_y_440">471.0px</dimen>
<dimen name="layout_y_441">472.0px</dimen>
<dimen name="layout_y_442">473.0px</dimen>
<dimen name="layout_y_443">474.0px</dimen>
<dimen name="layout_y_444">475.0px</dimen>
<dimen name="layout_y_445">477.0px</dimen>
<dimen name="layout_y_446">478.0px</dimen>
<dimen name="layout_y_447">479.0px</dimen>
<dimen name="layout_y_448">480.0px</dimen>
<dimen name="layout_y_449">481.0px</dimen>
<dimen name="layout_y_450">482.0px</dimen>
<dimen name="layout_y_451">483.0px</dimen>
<dimen name="layout_y_452">484.0px</dimen>
<dimen name="layout_y_453">485.0px</dimen>
<dimen name="layout_y_454">486.0px</dimen>
<dimen name="layout_y_455">487.0px</dimen>
<dimen name="layout_y_456">488.0px</dimen>
<dimen name="layout_y_457">489.0px</dimen>
<dimen name="layout_y_458">490.0px</dimen>
<dimen name="layout_y_459">492.0px</dimen>
<dimen name="layout_y_460">493.0px</dimen>
<dimen name="layout_y_461">494.0px</dimen>
<dimen name="layout_y_462">495.0px</dimen>
<dimen name="layout_y_463">496.0px</dimen>
<dimen name="layout_y_464">497.0px</dimen>
<dimen name="layout_y_465">498.0px</dimen>
<dimen name="layout_y_466">499.0px</dimen>
<dimen name="layout_y_467">500.0px</dimen>
<dimen name="layout_y_468">501.0px</dimen>
<dimen name="layout_y_469">502.0px</dimen>
<dimen name="layout_y_470">503.0px</dimen>
<dimen name="layout_y_471">504.0px</dimen>
<dimen name="layout_y_472">505.0px</dimen>
<dimen name="layout_y_473">507.0px</dimen>
<dimen name="layout_y_474">508.0px</dimen>
<dimen name="layout_y_475">509.0px</dimen>
<dimen name="layout_y_476">510.0px</dimen>
<dimen name="layout_y_477">511.0px</dimen>
<dimen name="layout_y_478">512.0px</dimen>
<dimen name="layout_y_479">513.0px</dimen>
<dimen name="layout_y_480">514.0px</dimen>
<dimen name="layout_y_481">515.0px</dimen>
<dimen name="layout_y_482">516.0px</dimen>
<dimen name="layout_y_483">517.0px</dimen>
<dimen name="layout_y_484">518.0px</dimen>
<dimen name="layout_y_485">519.0px</dimen>
<dimen name="layout_y_486">520.0px</dimen>
<dimen name="layout_y_487">522.0px</dimen>
<dimen name="layout_y_488">523.0px</dimen>
<dimen name="layout_y_489">524.0px</dimen>
<dimen name="layout_y_490">525.0px</dimen>
<dimen name="layout_y_491">526.0px</dimen>
<dimen name="layout_y_492">527.0px</dimen>
<dimen name="layout_y_493">528.0px</dimen>
<dimen name="layout_y_494">529.0px</dimen>
<dimen name="layout_y_495">530.0px</dimen>
<dimen name="layout_y_496">531.0px</dimen>
<dimen name="layout_y_497">532.0px</dimen>
<dimen name="layout_y_498">533.0px</dimen>
<dimen name="layout_y_499">534.0px</dimen>
<dimen name="layout_y_500">536.0px</dimen>
<dimen name="layout_y_501">537.0px</dimen>
<dimen name="layout_y_502">538.0px</dimen>
<dimen name="layout_y_503">539.0px</dimen>
<dimen name="layout_y_504">540.0px</dimen>
<dimen name="layout_y_505">541.0px</dimen>
<dimen name="layout_y_506">542.0px</dimen>
<dimen name="layout_y_507">543.0px</dimen>
<dimen name="layout_y_508">544.0px</dimen>
<dimen name="layout_y_509">545.0px</dimen>
<dimen name="layout_y_510">546.0px</dimen>
<dimen name="layout_y_511">547.0px</dimen>
<dimen name="layout_y_512">548.0px</dimen>
<dimen name="layout_y_513">549.0px</dimen>
<dimen name="layout_y_514">551.0px</dimen>
<dimen name="layout_y_515">552.0px</dimen>
<dimen name="layout_y_516">553.0px</dimen>
<dimen name="layout_y_517">554.0px</dimen>
<dimen name="layout_y_518">555.0px</dimen>
<dimen name="layout_y_519">556.0px</dimen>
<dimen name="layout_y_520">557.0px</dimen>
<dimen name="layout_y_521">558.0px</dimen>
<dimen name="layout_y_522">559.0px</dimen>
<dimen name="layout_y_523">560.0px</dimen>
<dimen name="layout_y_524">561.0px</dimen>
<dimen name="layout_y_525">562.0px</dimen>
<dimen name="layout_y_526">563.0px</dimen>
<dimen name="layout_y_527">564.0px</dimen>
<dimen name="layout_y_528">566.0px</dimen>
<dimen name="layout_y_529">567.0px</dimen>
<dimen name="layout_y_530">568.0px</dimen>
<dimen name="layout_y_531">569.0px</dimen>
<dimen name="layout_y_532">570.0px</dimen>
<dimen name="layout_y_533">571.0px</dimen>
<dimen name="layout_y_534">572.0px</dimen>
<dimen name="layout_y_535">573.0px</dimen>
<dimen name="layout_y_536">574.0px</dimen>
<dimen name="layout_y_537">575.0px</dimen>
<dimen name="layout_y_538">576.0px</dimen>
<dimen name="layout_y_539">577.0px</dimen>
<dimen name="layout_y_540">578.0px</dimen>
<dimen name="layout_y_541">579.0px</dimen>
<dimen name="layout_y_542">581.0px</dimen>
<dimen name="layout_y_543">582.0px</dimen>
<dimen name="layout_y_544">583.0px</dimen>
<dimen name="layout_y_545">584.0px</dimen>
<dimen name="layout_y_546">585.0px</dimen>
<dimen name="layout_y_547">586.0px</dimen>
<dimen name="layout_y_548">587.0px</dimen>
<dimen name="layout_y_549">588.0px</dimen>
<dimen name="layout_y_550">589.0px</dimen>
<dimen name="layout_y_551">590.0px</dimen>
<dimen name="layout_y_552">591.0px</dimen>
<dimen name="layout_y_553">592.0px</dimen>
<dimen name="layout_y_554">593.0px</dimen>
<dimen name="layout_y_555">594.0px</dimen>
<dimen name="layout_y_556">596.0px</dimen>
<dimen name="layout_y_557">597.0px</dimen>
<dimen name="layout_y_558">598.0px</dimen>
<dimen name="layout_y_559">599.0px</dimen>
<dimen name="layout_y_560">600.0px</dimen>
<dimen name="layout_y_561">601.0px</dimen>
<dimen name="layout_y_562">602.0px</dimen>
<dimen name="layout_y_563">603.0px</dimen>
<dimen name="layout_y_564">604.0px</dimen>
<dimen name="layout_y_565">605.0px</dimen>
<dimen name="layout_y_566">606.0px</dimen>
<dimen name="layout_y_567">607.0px</dimen>
<dimen name="layout_y_568">608.0px</dimen>
<dimen name="layout_y_569">609.0px</dimen>
<dimen name="layout_y_570">611.0px</dimen>
<dimen name="layout_y_571">612.0px</dimen>
<dimen name="layout_y_572">613.0px</dimen>
<dimen name="layout_y_573">614.0px</dimen>
<dimen name="layout_y_574">615.0px</dimen>
<dimen name="layout_y_575">616.0px</dimen>
<dimen name="layout_y_576">617.0px</dimen>
<dimen name="layout_y_577">618.0px</dimen>
<dimen name="layout_y_578">619.0px</dimen>
<dimen name="layout_y_579">620.0px</dimen>
<dimen name="layout_y_580">621.0px</dimen>
<dimen name="layout_y_581">622.0px</dimen>
<dimen name="layout_y_582">623.0px</dimen>
<dimen name="layout_y_583">624.0px</dimen>
<dimen name="layout_y_584">626.0px</dimen>
<dimen name="layout_y_585">627.0px</dimen>
<dimen name="layout_y_586">628.0px</dimen>
<dimen name="layout_y_587">629.0px</dimen>
<dimen name="layout_y_588">630.0px</dimen>
<dimen name="layout_y_589">631.0px</dimen>
<dimen name="layout_y_590">632.0px</dimen>
<dimen name="layout_y_591">633.0px</dimen>
<dimen name="layout_y_592">634.0px</dimen>
<dimen name="layout_y_593">635.0px</dimen>
<dimen name="layout_y_594">636.0px</dimen>
<dimen name="layout_y_595">637.0px</dimen>
<dimen name="layout_y_596">638.0px</dimen>
<dimen name="layout_y_597">639.0px</dimen>
<dimen name="layout_y_598">641.0px</dimen>
<dimen name="layout_y_599">642.0px</dimen>
<dimen name="layout_y_600">643.0px</dimen>
<dimen name="layout_y_601">644.0px</dimen>
<dimen name="layout_y_602">645.0px</dimen>
<dimen name="layout_y_603">646.0px</dimen>
<dimen name="layout_y_604">647.0px</dimen>
<dimen name="layout_y_605">648.0px</dimen>
<dimen name="layout_y_606">649.0px</dimen>
<dimen name="layout_y_607">650.0px</dimen>
<dimen name="layout_y_608">651.0px</dimen>
<dimen name="layout_y_609">652.0px</dimen>
<dimen name="layout_y_610">653.0px</dimen>
<dimen name="layout_y_611">654.0px</dimen>
<dimen name="layout_y_612">656.0px</dimen>
<dimen name="layout_y_613">657.0px</dimen>
<dimen name="layout_y_614">658.0px</dimen>
<dimen name="layout_y_615">659.0px</dimen>
<dimen name="layout_y_616">660.0px</dimen>
<dimen name="layout_y_617">661.0px</dimen>
<dimen name="layout_y_618">662.0px</dimen>
<dimen name="layout_y_619">663.0px</dimen>
<dimen name="layout_y_620">664.0px</dimen>
<dimen name="layout_y_621">665.0px</dimen>
<dimen name="layout_y_622">666.0px</dimen>
<dimen name="layout_y_623">667.0px</dimen>
<dimen name="layout_y_624">668.0px</dimen>
<dimen name="layout_y_625">670.0px</dimen>
<dimen name="layout_y_626">671.0px</dimen>
<dimen name="layout_y_627">672.0px</dimen>
<dimen name="layout_y_628">673.0px</dimen>
<dimen name="layout_y_629">674.0px</dimen>
<dimen name="layout_y_630">675.0px</dimen>
<dimen name="layout_y_631">676.0px</dimen>
<dimen name="layout_y_632">677.0px</dimen>
<dimen name="layout_y_633">678.0px</dimen>
<dimen name="layout_y_634">679.0px</dimen>
<dimen name="layout_y_635">680.0px</dimen>
<dimen name="layout_y_636">681.0px</dimen>
<dimen name="layout_y_637">682.0px</dimen>
<dimen name="layout_y_638">683.0px</dimen>
<dimen name="layout_y_639">685.0px</dimen>
<dimen name="layout_y_640">686.0px</dimen>
<dimen name="layout_y_641">687.0px</dimen>
<dimen name="layout_y_642">688.0px</dimen>
<dimen name="layout_y_643">689.0px</dimen>
<dimen name="layout_y_644">690.0px</dimen>
<dimen name="layout_y_645">691.0px</dimen>
<dimen name="layout_y_646">692.0px</dimen>
<dimen name="layout_y_647">693.0px</dimen>
<dimen name="layout_y_648">694.0px</dimen>
<dimen name="layout_y_649">695.0px</dimen>
<dimen name="layout_y_650">696.0px</dimen>
<dimen name="layout_y_651">697.0px</dimen>
<dimen name="layout_y_652">698.0px</dimen>
<dimen name="layout_y_653">700.0px</dimen>
<dimen name="layout_y_654">701.0px</dimen>
<dimen name="layout_y_655">702.0px</dimen>
<dimen name="layout_y_656">703.0px</dimen>
<dimen name="layout_y_657">704.0px</dimen>
<dimen name="layout_y_658">705.0px</dimen>
<dimen name="layout_y_659">706.0px</dimen>
<dimen name="layout_y_660">707.0px</dimen>
<dimen name="layout_y_661">708.0px</dimen>
<dimen name="layout_y_662">709.0px</dimen>
<dimen name="layout_y_663">710.0px</dimen>
<dimen name="layout_y_664">711.0px</dimen>
<dimen name="layout_y_665">712.0px</dimen>
<dimen name="layout_y_666">713.0px</dimen>
<dimen name="layout_y_667">715.0px</dimen>
<dimen name="layout_y_668">716.0px</dimen>
<dimen name="layout_y_669">717.0px</dimen>
<dimen name="layout_y_670">718.0px</dimen>
<dimen name="layout_y_671">719.0px</dimen>
<dimen name="layout_y_672">720.0px</dimen>
<dimen name="layout_y_673">721.0px</dimen>
<dimen name="layout_y_674">722.0px</dimen>
<dimen name="layout_y_675">723.0px</dimen>
<dimen name="layout_y_676">724.0px</dimen>
<dimen name="layout_y_677">725.0px</dimen>
<dimen name="layout_y_678">726.0px</dimen>
<dimen name="layout_y_679">727.0px</dimen>
<dimen name="layout_y_680">728.0px</dimen>
<dimen name="layout_y_681">730.0px</dimen>
<dimen name="layout_y_682">731.0px</dimen>
<dimen name="layout_y_683">732.0px</dimen>
<dimen name="layout_y_684">733.0px</dimen>
<dimen name="layout_y_685">734.0px</dimen>
<dimen name="layout_y_686">735.0px</dimen>
<dimen name="layout_y_687">736.0px</dimen>
<dimen name="layout_y_688">737.0px</dimen>
<dimen name="layout_y_689">738.0px</dimen>
<dimen name="layout_y_690">739.0px</dimen>
<dimen name="layout_y_691">740.0px</dimen>
<dimen name="layout_y_692">741.0px</dimen>
<dimen name="layout_y_693">742.0px</dimen>
<dimen name="layout_y_694">743.0px</dimen>
<dimen name="layout_y_695">745.0px</dimen>
<dimen name="layout_y_696">746.0px</dimen>
<dimen name="layout_y_697">747.0px</dimen>
<dimen name="layout_y_698">748.0px</dimen>
<dimen name="layout_y_699">749.0px</dimen>
<dimen name="layout_y_700">750.0px</dimen>
<dimen name="layout_y_701">751.0px</dimen>
<dimen name="layout_y_702">752.0px</dimen>
<dimen name="layout_y_703">753.0px</dimen>
<dimen name="layout_y_704">754.0px</dimen>
<dimen name="layout_y_705">755.0px</dimen>
<dimen name="layout_y_706">756.0px</dimen>
<dimen name="layout_y_707">757.0px</dimen>
<dimen name="layout_y_708">758.0px</dimen>
<dimen name="layout_y_709">760.0px</dimen>
<dimen name="layout_y_710">761.0px</dimen>
<dimen name="layout_y_711">762.0px</dimen>
<dimen name="layout_y_712">763.0px</dimen>
<dimen name="layout_y_713">764.0px</dimen>
<dimen name="layout_y_714">765.0px</dimen>
<dimen name="layout_y_715">766.0px</dimen>
<dimen name="layout_y_716">767.0px</dimen>
<dimen name="layout_y_717">768.0px</dimen>
<dimen name="layout_y_718">769.0px</dimen>
<dimen name="layout_y_719">770.0px</dimen>
<dimen name="layout_y_720">771.0px</dimen>
<dimen name="layout_y_721">772.0px</dimen>
<dimen name="layout_y_722">773.0px</dimen>
<dimen name="layout_y_723">775.0px</dimen>
<dimen name="layout_y_724">776.0px</dimen>
<dimen name="layout_y_725">777.0px</dimen>
<dimen name="layout_y_726">778.0px</dimen>
<dimen name="layout_y_727">779.0px</dimen>
<dimen name="layout_y_728">780.0px</dimen>
<dimen name="layout_y_729">781.0px</dimen>
<dimen name="layout_y_730">782.0px</dimen>
<dimen name="layout_y_731">783.0px</dimen>
<dimen name="layout_y_732">784.0px</dimen>
<dimen name="layout_y_733">785.0px</dimen>
<dimen name="layout_y_734">786.0px</dimen>
<dimen name="layout_y_735">787.0px</dimen>
<dimen name="layout_y_736">788.0px</dimen>
<dimen name="layout_y_737">790.0px</dimen>
<dimen name="layout_y_738">791.0px</dimen>
<dimen name="layout_y_739">792.0px</dimen>
<dimen name="layout_y_740">793.0px</dimen>
<dimen name="layout_y_741">794.0px</dimen>
<dimen name="layout_y_742">795.0px</dimen>
<dimen name="layout_y_743">796.0px</dimen>
<dimen name="layout_y_744">797.0px</dimen>
<dimen name="layout_y_745">798.0px</dimen>
<dimen name="layout_y_746">799.0px</dimen>
<dimen name="layout_y_747">800.0px</dimen>
<dimen name="layout_y_748">801.0px</dimen>
<dimen name="layout_y_749">802.0px</dimen>
<dimen name="layout_y_750">804.0px</dimen>
<dimen name="layout_y_751">805.0px</dimen>
<dimen name="layout_y_752">806.0px</dimen>
<dimen name="layout_y_753">807.0px</dimen>
<dimen name="layout_y_754">808.0px</dimen>
<dimen name="layout_y_755">809.0px</dimen>
<dimen name="layout_y_756">810.0px</dimen>
<dimen name="layout_y_757">811.0px</dimen>
<dimen name="layout_y_758">812.0px</dimen>
<dimen name="layout_y_759">813.0px</dimen>
<dimen name="layout_y_760">814.0px</dimen>
<dimen name="layout_y_761">815.0px</dimen>
<dimen name="layout_y_762">816.0px</dimen>
<dimen name="layout_y_763">817.0px</dimen>
<dimen name="layout_y_764">819.0px</dimen>
<dimen name="layout_y_765">820.0px</dimen>
<dimen name="layout_y_766">821.0px</dimen>
<dimen name="layout_y_767">822.0px</dimen>
<dimen name="layout_y_768">823.0px</dimen>
<dimen name="layout_y_769">824.0px</dimen>
<dimen name="layout_y_770">825.0px</dimen>
<dimen name="layout_y_771">826.0px</dimen>
<dimen name="layout_y_772">827.0px</dimen>
<dimen name="layout_y_773">828.0px</dimen>
<dimen name="layout_y_774">829.0px</dimen>
<dimen name="layout_y_775">830.0px</dimen>
<dimen name="layout_y_776">831.0px</dimen>
<dimen name="layout_y_777">832.0px</dimen>
<dimen name="layout_y_778">834.0px</dimen>
<dimen name="layout_y_779">835.0px</dimen>
<dimen name="layout_y_780">836.0px</dimen>
<dimen name="layout_y_781">837.0px</dimen>
<dimen name="layout_y_782">838.0px</dimen>
<dimen name="layout_y_783">839.0px</dimen>
<dimen name="layout_y_784">840.0px</dimen>
<dimen name="layout_y_785">841.0px</dimen>
<dimen name="layout_y_786">842.0px</dimen>
<dimen name="layout_y_787">843.0px</dimen>
<dimen name="layout_y_788">844.0px</dimen>
<dimen name="layout_y_789">845.0px</dimen>
<dimen name="layout_y_790">846.0px</dimen>
<dimen name="layout_y_791">847.0px</dimen>
<dimen name="layout_y_792">849.0px</dimen>
<dimen name="layout_y_793">850.0px</dimen>
<dimen name="layout_y_794">851.0px</dimen>
<dimen name="layout_y_795">852.0px</dimen>
<dimen name="layout_y_796">853.0px</dimen>
<dimen name="layout_y_797">854.0px</dimen>
<dimen name="layout_y_798">855.0px</dimen>
<dimen name="layout_y_799">856.0px</dimen>
<dimen name="layout_y_800">768px</dimen>
</resources>