<?xml version="1.0" encoding="utf-8"?>
<resources><dimen name="layout_y_0">0.0px</dimen>
<dimen name="layout_y_1">3.0px</dimen>
<dimen name="layout_y_2">7.0px</dimen>
<dimen name="layout_y_3">10.0px</dimen>
<dimen name="layout_y_4">14.0px</dimen>
<dimen name="layout_y_5">17.0px</dimen>
<dimen name="layout_y_6">21.0px</dimen>
<dimen name="layout_y_7">25.0px</dimen>
<dimen name="layout_y_8">28.0px</dimen>
<dimen name="layout_y_9">32.0px</dimen>
<dimen name="layout_y_10">35.0px</dimen>
<dimen name="layout_y_11">39.0px</dimen>
<dimen name="layout_y_12">42.0px</dimen>
<dimen name="layout_y_13">46.0px</dimen>
<dimen name="layout_y_14">50.0px</dimen>
<dimen name="layout_y_15">53.0px</dimen>
<dimen name="layout_y_16">57.0px</dimen>
<dimen name="layout_y_17">60.0px</dimen>
<dimen name="layout_y_18">64.0px</dimen>
<dimen name="layout_y_19">67.0px</dimen>
<dimen name="layout_y_20">71.0px</dimen>
<dimen name="layout_y_21">75.0px</dimen>
<dimen name="layout_y_22">78.0px</dimen>
<dimen name="layout_y_23">82.0px</dimen>
<dimen name="layout_y_24">85.0px</dimen>
<dimen name="layout_y_25">89.0px</dimen>
<dimen name="layout_y_26">92.0px</dimen>
<dimen name="layout_y_27">96.0px</dimen>
<dimen name="layout_y_28">100.0px</dimen>
<dimen name="layout_y_29">103.0px</dimen>
<dimen name="layout_y_30">107.0px</dimen>
<dimen name="layout_y_31">110.0px</dimen>
<dimen name="layout_y_32">114.0px</dimen>
<dimen name="layout_y_33">117.0px</dimen>
<dimen name="layout_y_34">121.0px</dimen>
<dimen name="layout_y_35">125.0px</dimen>
<dimen name="layout_y_36">128.0px</dimen>
<dimen name="layout_y_37">132.0px</dimen>
<dimen name="layout_y_38">135.0px</dimen>
<dimen name="layout_y_39">139.0px</dimen>
<dimen name="layout_y_40">142.0px</dimen>
<dimen name="layout_y_41">146.0px</dimen>
<dimen name="layout_y_42">150.0px</dimen>
<dimen name="layout_y_43">153.0px</dimen>
<dimen name="layout_y_44">157.0px</dimen>
<dimen name="layout_y_45">160.0px</dimen>
<dimen name="layout_y_46">164.0px</dimen>
<dimen name="layout_y_47">167.0px</dimen>
<dimen name="layout_y_48">171.0px</dimen>
<dimen name="layout_y_49">175.0px</dimen>
<dimen name="layout_y_50">178.0px</dimen>
<dimen name="layout_y_51">182.0px</dimen>
<dimen name="layout_y_52">185.0px</dimen>
<dimen name="layout_y_53">189.0px</dimen>
<dimen name="layout_y_54">192.0px</dimen>
<dimen name="layout_y_55">196.0px</dimen>
<dimen name="layout_y_56">200.0px</dimen>
<dimen name="layout_y_57">203.0px</dimen>
<dimen name="layout_y_58">207.0px</dimen>
<dimen name="layout_y_59">210.0px</dimen>
<dimen name="layout_y_60">214.0px</dimen>
<dimen name="layout_y_61">217.0px</dimen>
<dimen name="layout_y_62">221.0px</dimen>
<dimen name="layout_y_63">225.0px</dimen>
<dimen name="layout_y_64">228.0px</dimen>
<dimen name="layout_y_65">232.0px</dimen>
<dimen name="layout_y_66">235.0px</dimen>
<dimen name="layout_y_67">239.0px</dimen>
<dimen name="layout_y_68">242.0px</dimen>
<dimen name="layout_y_69">246.0px</dimen>
<dimen name="layout_y_70">250.0px</dimen>
<dimen name="layout_y_71">253.0px</dimen>
<dimen name="layout_y_72">257.0px</dimen>
<dimen name="layout_y_73">260.0px</dimen>
<dimen name="layout_y_74">264.0px</dimen>
<dimen name="layout_y_75">268.0px</dimen>
<dimen name="layout_y_76">271.0px</dimen>
<dimen name="layout_y_77">275.0px</dimen>
<dimen name="layout_y_78">278.0px</dimen>
<dimen name="layout_y_79">282.0px</dimen>
<dimen name="layout_y_80">285.0px</dimen>
<dimen name="layout_y_81">289.0px</dimen>
<dimen name="layout_y_82">293.0px</dimen>
<dimen name="layout_y_83">296.0px</dimen>
<dimen name="layout_y_84">300.0px</dimen>
<dimen name="layout_y_85">303.0px</dimen>
<dimen name="layout_y_86">307.0px</dimen>
<dimen name="layout_y_87">310.0px</dimen>
<dimen name="layout_y_88">314.0px</dimen>
<dimen name="layout_y_89">318.0px</dimen>
<dimen name="layout_y_90">321.0px</dimen>
<dimen name="layout_y_91">325.0px</dimen>
<dimen name="layout_y_92">328.0px</dimen>
<dimen name="layout_y_93">332.0px</dimen>
<dimen name="layout_y_94">335.0px</dimen>
<dimen name="layout_y_95">339.0px</dimen>
<dimen name="layout_y_96">343.0px</dimen>
<dimen name="layout_y_97">346.0px</dimen>
<dimen name="layout_y_98">350.0px</dimen>
<dimen name="layout_y_99">353.0px</dimen>
<dimen name="layout_y_100">357.0px</dimen>
<dimen name="layout_y_101">360.0px</dimen>
<dimen name="layout_y_102">364.0px</dimen>
<dimen name="layout_y_103">368.0px</dimen>
<dimen name="layout_y_104">371.0px</dimen>
<dimen name="layout_y_105">375.0px</dimen>
<dimen name="layout_y_106">378.0px</dimen>
<dimen name="layout_y_107">382.0px</dimen>
<dimen name="layout_y_108">385.0px</dimen>
<dimen name="layout_y_109">389.0px</dimen>
<dimen name="layout_y_110">393.0px</dimen>
<dimen name="layout_y_111">396.0px</dimen>
<dimen name="layout_y_112">400.0px</dimen>
<dimen name="layout_y_113">403.0px</dimen>
<dimen name="layout_y_114">407.0px</dimen>
<dimen name="layout_y_115">410.0px</dimen>
<dimen name="layout_y_116">414.0px</dimen>
<dimen name="layout_y_117">418.0px</dimen>
<dimen name="layout_y_118">421.0px</dimen>
<dimen name="layout_y_119">425.0px</dimen>
<dimen name="layout_y_120">428.0px</dimen>
<dimen name="layout_y_121">432.0px</dimen>
<dimen name="layout_y_122">435.0px</dimen>
<dimen name="layout_y_123">439.0px</dimen>
<dimen name="layout_y_124">443.0px</dimen>
<dimen name="layout_y_125">446.0px</dimen>
<dimen name="layout_y_126">450.0px</dimen>
<dimen name="layout_y_127">453.0px</dimen>
<dimen name="layout_y_128">457.0px</dimen>
<dimen name="layout_y_129">460.0px</dimen>
<dimen name="layout_y_130">464.0px</dimen>
<dimen name="layout_y_131">468.0px</dimen>
<dimen name="layout_y_132">471.0px</dimen>
<dimen name="layout_y_133">475.0px</dimen>
<dimen name="layout_y_134">478.0px</dimen>
<dimen name="layout_y_135">482.0px</dimen>
<dimen name="layout_y_136">485.0px</dimen>
<dimen name="layout_y_137">489.0px</dimen>
<dimen name="layout_y_138">493.0px</dimen>
<dimen name="layout_y_139">496.0px</dimen>
<dimen name="layout_y_140">500.0px</dimen>
<dimen name="layout_y_141">503.0px</dimen>
<dimen name="layout_y_142">507.0px</dimen>
<dimen name="layout_y_143">510.0px</dimen>
<dimen name="layout_y_144">514.0px</dimen>
<dimen name="layout_y_145">518.0px</dimen>
<dimen name="layout_y_146">521.0px</dimen>
<dimen name="layout_y_147">525.0px</dimen>
<dimen name="layout_y_148">528.0px</dimen>
<dimen name="layout_y_149">532.0px</dimen>
<dimen name="layout_y_150">536.0px</dimen>
<dimen name="layout_y_151">539.0px</dimen>
<dimen name="layout_y_152">543.0px</dimen>
<dimen name="layout_y_153">546.0px</dimen>
<dimen name="layout_y_154">550.0px</dimen>
<dimen name="layout_y_155">553.0px</dimen>
<dimen name="layout_y_156">557.0px</dimen>
<dimen name="layout_y_157">561.0px</dimen>
<dimen name="layout_y_158">564.0px</dimen>
<dimen name="layout_y_159">568.0px</dimen>
<dimen name="layout_y_160">571.0px</dimen>
<dimen name="layout_y_161">575.0px</dimen>
<dimen name="layout_y_162">578.0px</dimen>
<dimen name="layout_y_163">582.0px</dimen>
<dimen name="layout_y_164">586.0px</dimen>
<dimen name="layout_y_165">589.0px</dimen>
<dimen name="layout_y_166">593.0px</dimen>
<dimen name="layout_y_167">596.0px</dimen>
<dimen name="layout_y_168">600.0px</dimen>
<dimen name="layout_y_169">603.0px</dimen>
<dimen name="layout_y_170">607.0px</dimen>
<dimen name="layout_y_171">611.0px</dimen>
<dimen name="layout_y_172">614.0px</dimen>
<dimen name="layout_y_173">618.0px</dimen>
<dimen name="layout_y_174">621.0px</dimen>
<dimen name="layout_y_175">625.0px</dimen>
<dimen name="layout_y_176">628.0px</dimen>
<dimen name="layout_y_177">632.0px</dimen>
<dimen name="layout_y_178">636.0px</dimen>
<dimen name="layout_y_179">639.0px</dimen>
<dimen name="layout_y_180">643.0px</dimen>
<dimen name="layout_y_181">646.0px</dimen>
<dimen name="layout_y_182">650.0px</dimen>
<dimen name="layout_y_183">653.0px</dimen>
<dimen name="layout_y_184">657.0px</dimen>
<dimen name="layout_y_185">661.0px</dimen>
<dimen name="layout_y_186">664.0px</dimen>
<dimen name="layout_y_187">668.0px</dimen>
<dimen name="layout_y_188">671.0px</dimen>
<dimen name="layout_y_189">675.0px</dimen>
<dimen name="layout_y_190">678.0px</dimen>
<dimen name="layout_y_191">682.0px</dimen>
<dimen name="layout_y_192">686.0px</dimen>
<dimen name="layout_y_193">689.0px</dimen>
<dimen name="layout_y_194">693.0px</dimen>
<dimen name="layout_y_195">696.0px</dimen>
<dimen name="layout_y_196">700.0px</dimen>
<dimen name="layout_y_197">703.0px</dimen>
<dimen name="layout_y_198">707.0px</dimen>
<dimen name="layout_y_199">711.0px</dimen>
<dimen name="layout_y_200">714.0px</dimen>
<dimen name="layout_y_201">718.0px</dimen>
<dimen name="layout_y_202">721.0px</dimen>
<dimen name="layout_y_203">725.0px</dimen>
<dimen name="layout_y_204">728.0px</dimen>
<dimen name="layout_y_205">732.0px</dimen>
<dimen name="layout_y_206">736.0px</dimen>
<dimen name="layout_y_207">739.0px</dimen>
<dimen name="layout_y_208">743.0px</dimen>
<dimen name="layout_y_209">746.0px</dimen>
<dimen name="layout_y_210">750.0px</dimen>
<dimen name="layout_y_211">753.0px</dimen>
<dimen name="layout_y_212">757.0px</dimen>
<dimen name="layout_y_213">761.0px</dimen>
<dimen name="layout_y_214">764.0px</dimen>
<dimen name="layout_y_215">768.0px</dimen>
<dimen name="layout_y_216">771.0px</dimen>
<dimen name="layout_y_217">775.0px</dimen>
<dimen name="layout_y_218">778.0px</dimen>
<dimen name="layout_y_219">782.0px</dimen>
<dimen name="layout_y_220">786.0px</dimen>
<dimen name="layout_y_221">789.0px</dimen>
<dimen name="layout_y_222">793.0px</dimen>
<dimen name="layout_y_223">796.0px</dimen>
<dimen name="layout_y_224">800.0px</dimen>
<dimen name="layout_y_225">804.0px</dimen>
<dimen name="layout_y_226">807.0px</dimen>
<dimen name="layout_y_227">811.0px</dimen>
<dimen name="layout_y_228">814.0px</dimen>
<dimen name="layout_y_229">818.0px</dimen>
<dimen name="layout_y_230">821.0px</dimen>
<dimen name="layout_y_231">825.0px</dimen>
<dimen name="layout_y_232">829.0px</dimen>
<dimen name="layout_y_233">832.0px</dimen>
<dimen name="layout_y_234">836.0px</dimen>
<dimen name="layout_y_235">839.0px</dimen>
<dimen name="layout_y_236">843.0px</dimen>
<dimen name="layout_y_237">846.0px</dimen>
<dimen name="layout_y_238">850.0px</dimen>
<dimen name="layout_y_239">854.0px</dimen>
<dimen name="layout_y_240">857.0px</dimen>
<dimen name="layout_y_241">861.0px</dimen>
<dimen name="layout_y_242">864.0px</dimen>
<dimen name="layout_y_243">868.0px</dimen>
<dimen name="layout_y_244">871.0px</dimen>
<dimen name="layout_y_245">875.0px</dimen>
<dimen name="layout_y_246">879.0px</dimen>
<dimen name="layout_y_247">882.0px</dimen>
<dimen name="layout_y_248">886.0px</dimen>
<dimen name="layout_y_249">889.0px</dimen>
<dimen name="layout_y_250">893.0px</dimen>
<dimen name="layout_y_251">896.0px</dimen>
<dimen name="layout_y_252">900.0px</dimen>
<dimen name="layout_y_253">904.0px</dimen>
<dimen name="layout_y_254">907.0px</dimen>
<dimen name="layout_y_255">911.0px</dimen>
<dimen name="layout_y_256">914.0px</dimen>
<dimen name="layout_y_257">918.0px</dimen>
<dimen name="layout_y_258">921.0px</dimen>
<dimen name="layout_y_259">925.0px</dimen>
<dimen name="layout_y_260">929.0px</dimen>
<dimen name="layout_y_261">932.0px</dimen>
<dimen name="layout_y_262">936.0px</dimen>
<dimen name="layout_y_263">939.0px</dimen>
<dimen name="layout_y_264">943.0px</dimen>
<dimen name="layout_y_265">946.0px</dimen>
<dimen name="layout_y_266">950.0px</dimen>
<dimen name="layout_y_267">954.0px</dimen>
<dimen name="layout_y_268">957.0px</dimen>
<dimen name="layout_y_269">961.0px</dimen>
<dimen name="layout_y_270">964.0px</dimen>
<dimen name="layout_y_271">968.0px</dimen>
<dimen name="layout_y_272">971.0px</dimen>
<dimen name="layout_y_273">975.0px</dimen>
<dimen name="layout_y_274">979.0px</dimen>
<dimen name="layout_y_275">982.0px</dimen>
<dimen name="layout_y_276">986.0px</dimen>
<dimen name="layout_y_277">989.0px</dimen>
<dimen name="layout_y_278">993.0px</dimen>
<dimen name="layout_y_279">996.0px</dimen>
<dimen name="layout_y_280">1000.0px</dimen>
<dimen name="layout_y_281">1004.0px</dimen>
<dimen name="layout_y_282">1007.0px</dimen>
<dimen name="layout_y_283">1011.0px</dimen>
<dimen name="layout_y_284">1014.0px</dimen>
<dimen name="layout_y_285">1018.0px</dimen>
<dimen name="layout_y_286">1021.0px</dimen>
<dimen name="layout_y_287">1025.0px</dimen>
<dimen name="layout_y_288">1029.0px</dimen>
<dimen name="layout_y_289">1032.0px</dimen>
<dimen name="layout_y_290">1036.0px</dimen>
<dimen name="layout_y_291">1039.0px</dimen>
<dimen name="layout_y_292">1043.0px</dimen>
<dimen name="layout_y_293">1046.0px</dimen>
<dimen name="layout_y_294">1050.0px</dimen>
<dimen name="layout_y_295">1054.0px</dimen>
<dimen name="layout_y_296">1057.0px</dimen>
<dimen name="layout_y_297">1061.0px</dimen>
<dimen name="layout_y_298">1064.0px</dimen>
<dimen name="layout_y_299">1068.0px</dimen>
<dimen name="layout_y_300">1072.0px</dimen>
<dimen name="layout_y_301">1075.0px</dimen>
<dimen name="layout_y_302">1079.0px</dimen>
<dimen name="layout_y_303">1082.0px</dimen>
<dimen name="layout_y_304">1086.0px</dimen>
<dimen name="layout_y_305">1089.0px</dimen>
<dimen name="layout_y_306">1093.0px</dimen>
<dimen name="layout_y_307">1097.0px</dimen>
<dimen name="layout_y_308">1100.0px</dimen>
<dimen name="layout_y_309">1104.0px</dimen>
<dimen name="layout_y_310">1107.0px</dimen>
<dimen name="layout_y_311">1111.0px</dimen>
<dimen name="layout_y_312">1114.0px</dimen>
<dimen name="layout_y_313">1118.0px</dimen>
<dimen name="layout_y_314">1122.0px</dimen>
<dimen name="layout_y_315">1125.0px</dimen>
<dimen name="layout_y_316">1129.0px</dimen>
<dimen name="layout_y_317">1132.0px</dimen>
<dimen name="layout_y_318">1136.0px</dimen>
<dimen name="layout_y_319">1139.0px</dimen>
<dimen name="layout_y_320">1143.0px</dimen>
<dimen name="layout_y_321">1147.0px</dimen>
<dimen name="layout_y_322">1150.0px</dimen>
<dimen name="layout_y_323">1154.0px</dimen>
<dimen name="layout_y_324">1157.0px</dimen>
<dimen name="layout_y_325">1161.0px</dimen>
<dimen name="layout_y_326">1164.0px</dimen>
<dimen name="layout_y_327">1168.0px</dimen>
<dimen name="layout_y_328">1172.0px</dimen>
<dimen name="layout_y_329">1175.0px</dimen>
<dimen name="layout_y_330">1179.0px</dimen>
<dimen name="layout_y_331">1182.0px</dimen>
<dimen name="layout_y_332">1186.0px</dimen>
<dimen name="layout_y_333">1189.0px</dimen>
<dimen name="layout_y_334">1193.0px</dimen>
<dimen name="layout_y_335">1197.0px</dimen>
<dimen name="layout_y_336">1200.0px</dimen>
<dimen name="layout_y_337">1204.0px</dimen>
<dimen name="layout_y_338">1207.0px</dimen>
<dimen name="layout_y_339">1211.0px</dimen>
<dimen name="layout_y_340">1214.0px</dimen>
<dimen name="layout_y_341">1218.0px</dimen>
<dimen name="layout_y_342">1222.0px</dimen>
<dimen name="layout_y_343">1225.0px</dimen>
<dimen name="layout_y_344">1229.0px</dimen>
<dimen name="layout_y_345">1232.0px</dimen>
<dimen name="layout_y_346">1236.0px</dimen>
<dimen name="layout_y_347">1239.0px</dimen>
<dimen name="layout_y_348">1243.0px</dimen>
<dimen name="layout_y_349">1247.0px</dimen>
<dimen name="layout_y_350">1250.0px</dimen>
<dimen name="layout_y_351">1254.0px</dimen>
<dimen name="layout_y_352">1257.0px</dimen>
<dimen name="layout_y_353">1261.0px</dimen>
<dimen name="layout_y_354">1264.0px</dimen>
<dimen name="layout_y_355">1268.0px</dimen>
<dimen name="layout_y_356">1272.0px</dimen>
<dimen name="layout_y_357">1275.0px</dimen>
<dimen name="layout_y_358">1279.0px</dimen>
<dimen name="layout_y_359">1282.0px</dimen>
<dimen name="layout_y_360">1286.0px</dimen>
<dimen name="layout_y_361">1289.0px</dimen>
<dimen name="layout_y_362">1293.0px</dimen>
<dimen name="layout_y_363">1297.0px</dimen>
<dimen name="layout_y_364">1300.0px</dimen>
<dimen name="layout_y_365">1304.0px</dimen>
<dimen name="layout_y_366">1307.0px</dimen>
<dimen name="layout_y_367">1311.0px</dimen>
<dimen name="layout_y_368">1314.0px</dimen>
<dimen name="layout_y_369">1318.0px</dimen>
<dimen name="layout_y_370">1322.0px</dimen>
<dimen name="layout_y_371">1325.0px</dimen>
<dimen name="layout_y_372">1329.0px</dimen>
<dimen name="layout_y_373">1332.0px</dimen>
<dimen name="layout_y_374">1336.0px</dimen>
<dimen name="layout_y_375">1340.0px</dimen>
<dimen name="layout_y_376">1343.0px</dimen>
<dimen name="layout_y_377">1347.0px</dimen>
<dimen name="layout_y_378">1350.0px</dimen>
<dimen name="layout_y_379">1354.0px</dimen>
<dimen name="layout_y_380">1357.0px</dimen>
<dimen name="layout_y_381">1361.0px</dimen>
<dimen name="layout_y_382">1365.0px</dimen>
<dimen name="layout_y_383">1368.0px</dimen>
<dimen name="layout_y_384">1372.0px</dimen>
<dimen name="layout_y_385">1375.0px</dimen>
<dimen name="layout_y_386">1379.0px</dimen>
<dimen name="layout_y_387">1382.0px</dimen>
<dimen name="layout_y_388">1386.0px</dimen>
<dimen name="layout_y_389">1390.0px</dimen>
<dimen name="layout_y_390">1393.0px</dimen>
<dimen name="layout_y_391">1397.0px</dimen>
<dimen name="layout_y_392">1400.0px</dimen>
<dimen name="layout_y_393">1404.0px</dimen>
<dimen name="layout_y_394">1407.0px</dimen>
<dimen name="layout_y_395">1411.0px</dimen>
<dimen name="layout_y_396">1415.0px</dimen>
<dimen name="layout_y_397">1418.0px</dimen>
<dimen name="layout_y_398">1422.0px</dimen>
<dimen name="layout_y_399">1425.0px</dimen>
<dimen name="layout_y_400">1429.0px</dimen>
<dimen name="layout_y_401">1432.0px</dimen>
<dimen name="layout_y_402">1436.0px</dimen>
<dimen name="layout_y_403">1440.0px</dimen>
<dimen name="layout_y_404">1443.0px</dimen>
<dimen name="layout_y_405">1447.0px</dimen>
<dimen name="layout_y_406">1450.0px</dimen>
<dimen name="layout_y_407">1454.0px</dimen>
<dimen name="layout_y_408">1457.0px</dimen>
<dimen name="layout_y_409">1461.0px</dimen>
<dimen name="layout_y_410">1465.0px</dimen>
<dimen name="layout_y_411">1468.0px</dimen>
<dimen name="layout_y_412">1472.0px</dimen>
<dimen name="layout_y_413">1475.0px</dimen>
<dimen name="layout_y_414">1479.0px</dimen>
<dimen name="layout_y_415">1482.0px</dimen>
<dimen name="layout_y_416">1486.0px</dimen>
<dimen name="layout_y_417">1490.0px</dimen>
<dimen name="layout_y_418">1493.0px</dimen>
<dimen name="layout_y_419">1497.0px</dimen>
<dimen name="layout_y_420">1500.0px</dimen>
<dimen name="layout_y_421">1504.0px</dimen>
<dimen name="layout_y_422">1507.0px</dimen>
<dimen name="layout_y_423">1511.0px</dimen>
<dimen name="layout_y_424">1515.0px</dimen>
<dimen name="layout_y_425">1518.0px</dimen>
<dimen name="layout_y_426">1522.0px</dimen>
<dimen name="layout_y_427">1525.0px</dimen>
<dimen name="layout_y_428">1529.0px</dimen>
<dimen name="layout_y_429">1532.0px</dimen>
<dimen name="layout_y_430">1536.0px</dimen>
<dimen name="layout_y_431">1540.0px</dimen>
<dimen name="layout_y_432">1543.0px</dimen>
<dimen name="layout_y_433">1547.0px</dimen>
<dimen name="layout_y_434">1550.0px</dimen>
<dimen name="layout_y_435">1554.0px</dimen>
<dimen name="layout_y_436">1557.0px</dimen>
<dimen name="layout_y_437">1561.0px</dimen>
<dimen name="layout_y_438">1565.0px</dimen>
<dimen name="layout_y_439">1568.0px</dimen>
<dimen name="layout_y_440">1572.0px</dimen>
<dimen name="layout_y_441">1575.0px</dimen>
<dimen name="layout_y_442">1579.0px</dimen>
<dimen name="layout_y_443">1582.0px</dimen>
<dimen name="layout_y_444">1586.0px</dimen>
<dimen name="layout_y_445">1590.0px</dimen>
<dimen name="layout_y_446">1593.0px</dimen>
<dimen name="layout_y_447">1597.0px</dimen>
<dimen name="layout_y_448">1600.0px</dimen>
<dimen name="layout_y_449">1604.0px</dimen>
<dimen name="layout_y_450">1608.0px</dimen>
<dimen name="layout_y_451">1611.0px</dimen>
<dimen name="layout_y_452">1615.0px</dimen>
<dimen name="layout_y_453">1618.0px</dimen>
<dimen name="layout_y_454">1622.0px</dimen>
<dimen name="layout_y_455">1625.0px</dimen>
<dimen name="layout_y_456">1629.0px</dimen>
<dimen name="layout_y_457">1633.0px</dimen>
<dimen name="layout_y_458">1636.0px</dimen>
<dimen name="layout_y_459">1640.0px</dimen>
<dimen name="layout_y_460">1643.0px</dimen>
<dimen name="layout_y_461">1647.0px</dimen>
<dimen name="layout_y_462">1650.0px</dimen>
<dimen name="layout_y_463">1654.0px</dimen>
<dimen name="layout_y_464">1658.0px</dimen>
<dimen name="layout_y_465">1661.0px</dimen>
<dimen name="layout_y_466">1665.0px</dimen>
<dimen name="layout_y_467">1668.0px</dimen>
<dimen name="layout_y_468">1672.0px</dimen>
<dimen name="layout_y_469">1675.0px</dimen>
<dimen name="layout_y_470">1679.0px</dimen>
<dimen name="layout_y_471">1683.0px</dimen>
<dimen name="layout_y_472">1686.0px</dimen>
<dimen name="layout_y_473">1690.0px</dimen>
<dimen name="layout_y_474">1693.0px</dimen>
<dimen name="layout_y_475">1697.0px</dimen>
<dimen name="layout_y_476">1700.0px</dimen>
<dimen name="layout_y_477">1704.0px</dimen>
<dimen name="layout_y_478">1708.0px</dimen>
<dimen name="layout_y_479">1711.0px</dimen>
<dimen name="layout_y_480">1715.0px</dimen>
<dimen name="layout_y_481">1718.0px</dimen>
<dimen name="layout_y_482">1722.0px</dimen>
<dimen name="layout_y_483">1725.0px</dimen>
<dimen name="layout_y_484">1729.0px</dimen>
<dimen name="layout_y_485">1733.0px</dimen>
<dimen name="layout_y_486">1736.0px</dimen>
<dimen name="layout_y_487">1740.0px</dimen>
<dimen name="layout_y_488">1743.0px</dimen>
<dimen name="layout_y_489">1747.0px</dimen>
<dimen name="layout_y_490">1750.0px</dimen>
<dimen name="layout_y_491">1754.0px</dimen>
<dimen name="layout_y_492">1758.0px</dimen>
<dimen name="layout_y_493">1761.0px</dimen>
<dimen name="layout_y_494">1765.0px</dimen>
<dimen name="layout_y_495">1768.0px</dimen>
<dimen name="layout_y_496">1772.0px</dimen>
<dimen name="layout_y_497">1775.0px</dimen>
<dimen name="layout_y_498">1779.0px</dimen>
<dimen name="layout_y_499">1783.0px</dimen>
<dimen name="layout_y_500">1786.0px</dimen>
<dimen name="layout_y_501">1790.0px</dimen>
<dimen name="layout_y_502">1793.0px</dimen>
<dimen name="layout_y_503">1797.0px</dimen>
<dimen name="layout_y_504">1800.0px</dimen>
<dimen name="layout_y_505">1804.0px</dimen>
<dimen name="layout_y_506">1808.0px</dimen>
<dimen name="layout_y_507">1811.0px</dimen>
<dimen name="layout_y_508">1815.0px</dimen>
<dimen name="layout_y_509">1818.0px</dimen>
<dimen name="layout_y_510">1822.0px</dimen>
<dimen name="layout_y_511">1825.0px</dimen>
<dimen name="layout_y_512">1829.0px</dimen>
<dimen name="layout_y_513">1833.0px</dimen>
<dimen name="layout_y_514">1836.0px</dimen>
<dimen name="layout_y_515">1840.0px</dimen>
<dimen name="layout_y_516">1843.0px</dimen>
<dimen name="layout_y_517">1847.0px</dimen>
<dimen name="layout_y_518">1850.0px</dimen>
<dimen name="layout_y_519">1854.0px</dimen>
<dimen name="layout_y_520">1858.0px</dimen>
<dimen name="layout_y_521">1861.0px</dimen>
<dimen name="layout_y_522">1865.0px</dimen>
<dimen name="layout_y_523">1868.0px</dimen>
<dimen name="layout_y_524">1872.0px</dimen>
<dimen name="layout_y_525">1876.0px</dimen>
<dimen name="layout_y_526">1879.0px</dimen>
<dimen name="layout_y_527">1883.0px</dimen>
<dimen name="layout_y_528">1886.0px</dimen>
<dimen name="layout_y_529">1890.0px</dimen>
<dimen name="layout_y_530">1893.0px</dimen>
<dimen name="layout_y_531">1897.0px</dimen>
<dimen name="layout_y_532">1901.0px</dimen>
<dimen name="layout_y_533">1904.0px</dimen>
<dimen name="layout_y_534">1908.0px</dimen>
<dimen name="layout_y_535">1911.0px</dimen>
<dimen name="layout_y_536">1915.0px</dimen>
<dimen name="layout_y_537">1918.0px</dimen>
<dimen name="layout_y_538">1922.0px</dimen>
<dimen name="layout_y_539">1926.0px</dimen>
<dimen name="layout_y_540">1929.0px</dimen>
<dimen name="layout_y_541">1933.0px</dimen>
<dimen name="layout_y_542">1936.0px</dimen>
<dimen name="layout_y_543">1940.0px</dimen>
<dimen name="layout_y_544">1943.0px</dimen>
<dimen name="layout_y_545">1947.0px</dimen>
<dimen name="layout_y_546">1951.0px</dimen>
<dimen name="layout_y_547">1954.0px</dimen>
<dimen name="layout_y_548">1958.0px</dimen>
<dimen name="layout_y_549">1961.0px</dimen>
<dimen name="layout_y_550">1965.0px</dimen>
<dimen name="layout_y_551">1968.0px</dimen>
<dimen name="layout_y_552">1972.0px</dimen>
<dimen name="layout_y_553">1976.0px</dimen>
<dimen name="layout_y_554">1979.0px</dimen>
<dimen name="layout_y_555">1983.0px</dimen>
<dimen name="layout_y_556">1986.0px</dimen>
<dimen name="layout_y_557">1990.0px</dimen>
<dimen name="layout_y_558">1993.0px</dimen>
<dimen name="layout_y_559">1997.0px</dimen>
<dimen name="layout_y_560">2001.0px</dimen>
<dimen name="layout_y_561">2004.0px</dimen>
<dimen name="layout_y_562">2008.0px</dimen>
<dimen name="layout_y_563">2011.0px</dimen>
<dimen name="layout_y_564">2015.0px</dimen>
<dimen name="layout_y_565">2018.0px</dimen>
<dimen name="layout_y_566">2022.0px</dimen>
<dimen name="layout_y_567">2026.0px</dimen>
<dimen name="layout_y_568">2029.0px</dimen>
<dimen name="layout_y_569">2033.0px</dimen>
<dimen name="layout_y_570">2036.0px</dimen>
<dimen name="layout_y_571">2040.0px</dimen>
<dimen name="layout_y_572">2043.0px</dimen>
<dimen name="layout_y_573">2047.0px</dimen>
<dimen name="layout_y_574">2051.0px</dimen>
<dimen name="layout_y_575">2054.0px</dimen>
<dimen name="layout_y_576">2058.0px</dimen>
<dimen name="layout_y_577">2061.0px</dimen>
<dimen name="layout_y_578">2065.0px</dimen>
<dimen name="layout_y_579">2068.0px</dimen>
<dimen name="layout_y_580">2072.0px</dimen>
<dimen name="layout_y_581">2076.0px</dimen>
<dimen name="layout_y_582">2079.0px</dimen>
<dimen name="layout_y_583">2083.0px</dimen>
<dimen name="layout_y_584">2086.0px</dimen>
<dimen name="layout_y_585">2090.0px</dimen>
<dimen name="layout_y_586">2093.0px</dimen>
<dimen name="layout_y_587">2097.0px</dimen>
<dimen name="layout_y_588">2101.0px</dimen>
<dimen name="layout_y_589">2104.0px</dimen>
<dimen name="layout_y_590">2108.0px</dimen>
<dimen name="layout_y_591">2111.0px</dimen>
<dimen name="layout_y_592">2115.0px</dimen>
<dimen name="layout_y_593">2118.0px</dimen>
<dimen name="layout_y_594">2122.0px</dimen>
<dimen name="layout_y_595">2126.0px</dimen>
<dimen name="layout_y_596">2129.0px</dimen>
<dimen name="layout_y_597">2133.0px</dimen>
<dimen name="layout_y_598">2136.0px</dimen>
<dimen name="layout_y_599">2140.0px</dimen>
<dimen name="layout_y_600">2144.0px</dimen>
<dimen name="layout_y_601">2147.0px</dimen>
<dimen name="layout_y_602">2151.0px</dimen>
<dimen name="layout_y_603">2154.0px</dimen>
<dimen name="layout_y_604">2158.0px</dimen>
<dimen name="layout_y_605">2161.0px</dimen>
<dimen name="layout_y_606">2165.0px</dimen>
<dimen name="layout_y_607">2169.0px</dimen>
<dimen name="layout_y_608">2172.0px</dimen>
<dimen name="layout_y_609">2176.0px</dimen>
<dimen name="layout_y_610">2179.0px</dimen>
<dimen name="layout_y_611">2183.0px</dimen>
<dimen name="layout_y_612">2186.0px</dimen>
<dimen name="layout_y_613">2190.0px</dimen>
<dimen name="layout_y_614">2194.0px</dimen>
<dimen name="layout_y_615">2197.0px</dimen>
<dimen name="layout_y_616">2201.0px</dimen>
<dimen name="layout_y_617">2204.0px</dimen>
<dimen name="layout_y_618">2208.0px</dimen>
<dimen name="layout_y_619">2211.0px</dimen>
<dimen name="layout_y_620">2215.0px</dimen>
<dimen name="layout_y_621">2219.0px</dimen>
<dimen name="layout_y_622">2222.0px</dimen>
<dimen name="layout_y_623">2226.0px</dimen>
<dimen name="layout_y_624">2229.0px</dimen>
<dimen name="layout_y_625">2233.0px</dimen>
<dimen name="layout_y_626">2236.0px</dimen>
<dimen name="layout_y_627">2240.0px</dimen>
<dimen name="layout_y_628">2244.0px</dimen>
<dimen name="layout_y_629">2247.0px</dimen>
<dimen name="layout_y_630">2251.0px</dimen>
<dimen name="layout_y_631">2254.0px</dimen>
<dimen name="layout_y_632">2258.0px</dimen>
<dimen name="layout_y_633">2261.0px</dimen>
<dimen name="layout_y_634">2265.0px</dimen>
<dimen name="layout_y_635">2269.0px</dimen>
<dimen name="layout_y_636">2272.0px</dimen>
<dimen name="layout_y_637">2276.0px</dimen>
<dimen name="layout_y_638">2279.0px</dimen>
<dimen name="layout_y_639">2283.0px</dimen>
<dimen name="layout_y_640">2286.0px</dimen>
<dimen name="layout_y_641">2290.0px</dimen>
<dimen name="layout_y_642">2294.0px</dimen>
<dimen name="layout_y_643">2297.0px</dimen>
<dimen name="layout_y_644">2301.0px</dimen>
<dimen name="layout_y_645">2304.0px</dimen>
<dimen name="layout_y_646">2308.0px</dimen>
<dimen name="layout_y_647">2311.0px</dimen>
<dimen name="layout_y_648">2315.0px</dimen>
<dimen name="layout_y_649">2319.0px</dimen>
<dimen name="layout_y_650">2322.0px</dimen>
<dimen name="layout_y_651">2326.0px</dimen>
<dimen name="layout_y_652">2329.0px</dimen>
<dimen name="layout_y_653">2333.0px</dimen>
<dimen name="layout_y_654">2336.0px</dimen>
<dimen name="layout_y_655">2340.0px</dimen>
<dimen name="layout_y_656">2344.0px</dimen>
<dimen name="layout_y_657">2347.0px</dimen>
<dimen name="layout_y_658">2351.0px</dimen>
<dimen name="layout_y_659">2354.0px</dimen>
<dimen name="layout_y_660">2358.0px</dimen>
<dimen name="layout_y_661">2361.0px</dimen>
<dimen name="layout_y_662">2365.0px</dimen>
<dimen name="layout_y_663">2369.0px</dimen>
<dimen name="layout_y_664">2372.0px</dimen>
<dimen name="layout_y_665">2376.0px</dimen>
<dimen name="layout_y_666">2379.0px</dimen>
<dimen name="layout_y_667">2383.0px</dimen>
<dimen name="layout_y_668">2386.0px</dimen>
<dimen name="layout_y_669">2390.0px</dimen>
<dimen name="layout_y_670">2394.0px</dimen>
<dimen name="layout_y_671">2397.0px</dimen>
<dimen name="layout_y_672">2401.0px</dimen>
<dimen name="layout_y_673">2404.0px</dimen>
<dimen name="layout_y_674">2408.0px</dimen>
<dimen name="layout_y_675">2412.0px</dimen>
<dimen name="layout_y_676">2415.0px</dimen>
<dimen name="layout_y_677">2419.0px</dimen>
<dimen name="layout_y_678">2422.0px</dimen>
<dimen name="layout_y_679">2426.0px</dimen>
<dimen name="layout_y_680">2429.0px</dimen>
<dimen name="layout_y_681">2433.0px</dimen>
<dimen name="layout_y_682">2437.0px</dimen>
<dimen name="layout_y_683">2440.0px</dimen>
<dimen name="layout_y_684">2444.0px</dimen>
<dimen name="layout_y_685">2447.0px</dimen>
<dimen name="layout_y_686">2451.0px</dimen>
<dimen name="layout_y_687">2454.0px</dimen>
<dimen name="layout_y_688">2458.0px</dimen>
<dimen name="layout_y_689">2462.0px</dimen>
<dimen name="layout_y_690">2465.0px</dimen>
<dimen name="layout_y_691">2469.0px</dimen>
<dimen name="layout_y_692">2472.0px</dimen>
<dimen name="layout_y_693">2476.0px</dimen>
<dimen name="layout_y_694">2479.0px</dimen>
<dimen name="layout_y_695">2483.0px</dimen>
<dimen name="layout_y_696">2487.0px</dimen>
<dimen name="layout_y_697">2490.0px</dimen>
<dimen name="layout_y_698">2494.0px</dimen>
<dimen name="layout_y_699">2497.0px</dimen>
<dimen name="layout_y_700">2501.0px</dimen>
<dimen name="layout_y_701">2504.0px</dimen>
<dimen name="layout_y_702">2508.0px</dimen>
<dimen name="layout_y_703">2512.0px</dimen>
<dimen name="layout_y_704">2515.0px</dimen>
<dimen name="layout_y_705">2519.0px</dimen>
<dimen name="layout_y_706">2522.0px</dimen>
<dimen name="layout_y_707">2526.0px</dimen>
<dimen name="layout_y_708">2529.0px</dimen>
<dimen name="layout_y_709">2533.0px</dimen>
<dimen name="layout_y_710">2537.0px</dimen>
<dimen name="layout_y_711">2540.0px</dimen>
<dimen name="layout_y_712">2544.0px</dimen>
<dimen name="layout_y_713">2547.0px</dimen>
<dimen name="layout_y_714">2551.0px</dimen>
<dimen name="layout_y_715">2554.0px</dimen>
<dimen name="layout_y_716">2558.0px</dimen>
<dimen name="layout_y_717">2562.0px</dimen>
<dimen name="layout_y_718">2565.0px</dimen>
<dimen name="layout_y_719">2569.0px</dimen>
<dimen name="layout_y_720">2572.0px</dimen>
<dimen name="layout_y_721">2576.0px</dimen>
<dimen name="layout_y_722">2579.0px</dimen>
<dimen name="layout_y_723">2583.0px</dimen>
<dimen name="layout_y_724">2587.0px</dimen>
<dimen name="layout_y_725">2590.0px</dimen>
<dimen name="layout_y_726">2594.0px</dimen>
<dimen name="layout_y_727">2597.0px</dimen>
<dimen name="layout_y_728">2601.0px</dimen>
<dimen name="layout_y_729">2604.0px</dimen>
<dimen name="layout_y_730">2608.0px</dimen>
<dimen name="layout_y_731">2612.0px</dimen>
<dimen name="layout_y_732">2615.0px</dimen>
<dimen name="layout_y_733">2619.0px</dimen>
<dimen name="layout_y_734">2622.0px</dimen>
<dimen name="layout_y_735">2626.0px</dimen>
<dimen name="layout_y_736">2629.0px</dimen>
<dimen name="layout_y_737">2633.0px</dimen>
<dimen name="layout_y_738">2637.0px</dimen>
<dimen name="layout_y_739">2640.0px</dimen>
<dimen name="layout_y_740">2644.0px</dimen>
<dimen name="layout_y_741">2647.0px</dimen>
<dimen name="layout_y_742">2651.0px</dimen>
<dimen name="layout_y_743">2654.0px</dimen>
<dimen name="layout_y_744">2658.0px</dimen>
<dimen name="layout_y_745">2662.0px</dimen>
<dimen name="layout_y_746">2665.0px</dimen>
<dimen name="layout_y_747">2669.0px</dimen>
<dimen name="layout_y_748">2672.0px</dimen>
<dimen name="layout_y_749">2676.0px</dimen>
<dimen name="layout_y_750">2680.0px</dimen>
<dimen name="layout_y_751">2683.0px</dimen>
<dimen name="layout_y_752">2687.0px</dimen>
<dimen name="layout_y_753">2690.0px</dimen>
<dimen name="layout_y_754">2694.0px</dimen>
<dimen name="layout_y_755">2697.0px</dimen>
<dimen name="layout_y_756">2701.0px</dimen>
<dimen name="layout_y_757">2705.0px</dimen>
<dimen name="layout_y_758">2708.0px</dimen>
<dimen name="layout_y_759">2712.0px</dimen>
<dimen name="layout_y_760">2715.0px</dimen>
<dimen name="layout_y_761">2719.0px</dimen>
<dimen name="layout_y_762">2722.0px</dimen>
<dimen name="layout_y_763">2726.0px</dimen>
<dimen name="layout_y_764">2730.0px</dimen>
<dimen name="layout_y_765">2733.0px</dimen>
<dimen name="layout_y_766">2737.0px</dimen>
<dimen name="layout_y_767">2740.0px</dimen>
<dimen name="layout_y_768">2744.0px</dimen>
<dimen name="layout_y_769">2747.0px</dimen>
<dimen name="layout_y_770">2751.0px</dimen>
<dimen name="layout_y_771">2755.0px</dimen>
<dimen name="layout_y_772">2758.0px</dimen>
<dimen name="layout_y_773">2762.0px</dimen>
<dimen name="layout_y_774">2765.0px</dimen>
<dimen name="layout_y_775">2769.0px</dimen>
<dimen name="layout_y_776">2772.0px</dimen>
<dimen name="layout_y_777">2776.0px</dimen>
<dimen name="layout_y_778">2780.0px</dimen>
<dimen name="layout_y_779">2783.0px</dimen>
<dimen name="layout_y_780">2787.0px</dimen>
<dimen name="layout_y_781">2790.0px</dimen>
<dimen name="layout_y_782">2794.0px</dimen>
<dimen name="layout_y_783">2797.0px</dimen>
<dimen name="layout_y_784">2801.0px</dimen>
<dimen name="layout_y_785">2805.0px</dimen>
<dimen name="layout_y_786">2808.0px</dimen>
<dimen name="layout_y_787">2812.0px</dimen>
<dimen name="layout_y_788">2815.0px</dimen>
<dimen name="layout_y_789">2819.0px</dimen>
<dimen name="layout_y_790">2822.0px</dimen>
<dimen name="layout_y_791">2826.0px</dimen>
<dimen name="layout_y_792">2830.0px</dimen>
<dimen name="layout_y_793">2833.0px</dimen>
<dimen name="layout_y_794">2837.0px</dimen>
<dimen name="layout_y_795">2840.0px</dimen>
<dimen name="layout_y_796">2844.0px</dimen>
<dimen name="layout_y_797">2847.0px</dimen>
<dimen name="layout_y_798">2851.0px</dimen>
<dimen name="layout_y_799">2855.0px</dimen>
<dimen name="layout_y_800">2560px</dimen>
</resources>