<?xml version="1.0" encoding="utf-8"?>
<resources><dimen name="layout_x_0">0.0px</dimen>
<dimen name="layout_x_1">3.0px</dimen>
<dimen name="layout_x_2">6.0px</dimen>
<dimen name="layout_x_3">9.0px</dimen>
<dimen name="layout_x_4">12.0px</dimen>
<dimen name="layout_x_5">15.0px</dimen>
<dimen name="layout_x_6">18.0px</dimen>
<dimen name="layout_x_7">21.0px</dimen>
<dimen name="layout_x_8">24.0px</dimen>
<dimen name="layout_x_9">27.0px</dimen>
<dimen name="layout_x_10">30.0px</dimen>
<dimen name="layout_x_11">33.0px</dimen>
<dimen name="layout_x_12">36.0px</dimen>
<dimen name="layout_x_13">39.0px</dimen>
<dimen name="layout_x_14">42.0px</dimen>
<dimen name="layout_x_15">45.0px</dimen>
<dimen name="layout_x_16">48.0px</dimen>
<dimen name="layout_x_17">51.0px</dimen>
<dimen name="layout_x_18">54.0px</dimen>
<dimen name="layout_x_19">57.0px</dimen>
<dimen name="layout_x_20">60.0px</dimen>
<dimen name="layout_x_21">63.0px</dimen>
<dimen name="layout_x_22">66.0px</dimen>
<dimen name="layout_x_23">69.0px</dimen>
<dimen name="layout_x_24">72.0px</dimen>
<dimen name="layout_x_25">75.0px</dimen>
<dimen name="layout_x_26">78.0px</dimen>
<dimen name="layout_x_27">81.0px</dimen>
<dimen name="layout_x_28">84.0px</dimen>
<dimen name="layout_x_29">87.0px</dimen>
<dimen name="layout_x_30">90.0px</dimen>
<dimen name="layout_x_31">93.0px</dimen>
<dimen name="layout_x_32">96.0px</dimen>
<dimen name="layout_x_33">99.0px</dimen>
<dimen name="layout_x_34">102.0px</dimen>
<dimen name="layout_x_35">105.0px</dimen>
<dimen name="layout_x_36">108.0px</dimen>
<dimen name="layout_x_37">111.0px</dimen>
<dimen name="layout_x_38">114.0px</dimen>
<dimen name="layout_x_39">117.0px</dimen>
<dimen name="layout_x_40">120.0px</dimen>
<dimen name="layout_x_41">123.0px</dimen>
<dimen name="layout_x_42">126.0px</dimen>
<dimen name="layout_x_43">129.0px</dimen>
<dimen name="layout_x_44">132.0px</dimen>
<dimen name="layout_x_45">135.0px</dimen>
<dimen name="layout_x_46">138.0px</dimen>
<dimen name="layout_x_47">141.0px</dimen>
<dimen name="layout_x_48">144.0px</dimen>
<dimen name="layout_x_49">147.0px</dimen>
<dimen name="layout_x_50">150.0px</dimen>
<dimen name="layout_x_51">153.0px</dimen>
<dimen name="layout_x_52">156.0px</dimen>
<dimen name="layout_x_53">159.0px</dimen>
<dimen name="layout_x_54">162.0px</dimen>
<dimen name="layout_x_55">165.0px</dimen>
<dimen name="layout_x_56">168.0px</dimen>
<dimen name="layout_x_57">171.0px</dimen>
<dimen name="layout_x_58">174.0px</dimen>
<dimen name="layout_x_59">177.0px</dimen>
<dimen name="layout_x_60">180.0px</dimen>
<dimen name="layout_x_61">183.0px</dimen>
<dimen name="layout_x_62">186.0px</dimen>
<dimen name="layout_x_63">189.0px</dimen>
<dimen name="layout_x_64">192.0px</dimen>
<dimen name="layout_x_65">195.0px</dimen>
<dimen name="layout_x_66">198.0px</dimen>
<dimen name="layout_x_67">202.0px</dimen>
<dimen name="layout_x_68">205.0px</dimen>
<dimen name="layout_x_69">208.0px</dimen>
<dimen name="layout_x_70">211.0px</dimen>
<dimen name="layout_x_71">214.0px</dimen>
<dimen name="layout_x_72">217.0px</dimen>
<dimen name="layout_x_73">220.0px</dimen>
<dimen name="layout_x_74">223.0px</dimen>
<dimen name="layout_x_75">226.0px</dimen>
<dimen name="layout_x_76">229.0px</dimen>
<dimen name="layout_x_77">232.0px</dimen>
<dimen name="layout_x_78">235.0px</dimen>
<dimen name="layout_x_79">238.0px</dimen>
<dimen name="layout_x_80">241.0px</dimen>
<dimen name="layout_x_81">244.0px</dimen>
<dimen name="layout_x_82">247.0px</dimen>
<dimen name="layout_x_83">250.0px</dimen>
<dimen name="layout_x_84">253.0px</dimen>
<dimen name="layout_x_85">256.0px</dimen>
<dimen name="layout_x_86">259.0px</dimen>
<dimen name="layout_x_87">262.0px</dimen>
<dimen name="layout_x_88">265.0px</dimen>
<dimen name="layout_x_89">268.0px</dimen>
<dimen name="layout_x_90">271.0px</dimen>
<dimen name="layout_x_91">274.0px</dimen>
<dimen name="layout_x_92">277.0px</dimen>
<dimen name="layout_x_93">280.0px</dimen>
<dimen name="layout_x_94">283.0px</dimen>
<dimen name="layout_x_95">286.0px</dimen>
<dimen name="layout_x_96">289.0px</dimen>
<dimen name="layout_x_97">292.0px</dimen>
<dimen name="layout_x_98">295.0px</dimen>
<dimen name="layout_x_99">298.0px</dimen>
<dimen name="layout_x_100">301.0px</dimen>
<dimen name="layout_x_101">304.0px</dimen>
<dimen name="layout_x_102">307.0px</dimen>
<dimen name="layout_x_103">310.0px</dimen>
<dimen name="layout_x_104">313.0px</dimen>
<dimen name="layout_x_105">316.0px</dimen>
<dimen name="layout_x_106">319.0px</dimen>
<dimen name="layout_x_107">322.0px</dimen>
<dimen name="layout_x_108">325.0px</dimen>
<dimen name="layout_x_109">328.0px</dimen>
<dimen name="layout_x_110">331.0px</dimen>
<dimen name="layout_x_111">334.0px</dimen>
<dimen name="layout_x_112">337.0px</dimen>
<dimen name="layout_x_113">340.0px</dimen>
<dimen name="layout_x_114">343.0px</dimen>
<dimen name="layout_x_115">346.0px</dimen>
<dimen name="layout_x_116">349.0px</dimen>
<dimen name="layout_x_117">352.0px</dimen>
<dimen name="layout_x_118">355.0px</dimen>
<dimen name="layout_x_119">358.0px</dimen>
<dimen name="layout_x_120">361.0px</dimen>
<dimen name="layout_x_121">364.0px</dimen>
<dimen name="layout_x_122">367.0px</dimen>
<dimen name="layout_x_123">370.0px</dimen>
<dimen name="layout_x_124">373.0px</dimen>
<dimen name="layout_x_125">376.0px</dimen>
<dimen name="layout_x_126">379.0px</dimen>
<dimen name="layout_x_127">382.0px</dimen>
<dimen name="layout_x_128">385.0px</dimen>
<dimen name="layout_x_129">388.0px</dimen>
<dimen name="layout_x_130">391.0px</dimen>
<dimen name="layout_x_131">394.0px</dimen>
<dimen name="layout_x_132">397.0px</dimen>
<dimen name="layout_x_133">400.0px</dimen>
<dimen name="layout_x_134">404.0px</dimen>
<dimen name="layout_x_135">407.0px</dimen>
<dimen name="layout_x_136">410.0px</dimen>
<dimen name="layout_x_137">413.0px</dimen>
<dimen name="layout_x_138">416.0px</dimen>
<dimen name="layout_x_139">419.0px</dimen>
<dimen name="layout_x_140">422.0px</dimen>
<dimen name="layout_x_141">425.0px</dimen>
<dimen name="layout_x_142">428.0px</dimen>
<dimen name="layout_x_143">431.0px</dimen>
<dimen name="layout_x_144">434.0px</dimen>
<dimen name="layout_x_145">437.0px</dimen>
<dimen name="layout_x_146">440.0px</dimen>
<dimen name="layout_x_147">443.0px</dimen>
<dimen name="layout_x_148">446.0px</dimen>
<dimen name="layout_x_149">449.0px</dimen>
<dimen name="layout_x_150">452.0px</dimen>
<dimen name="layout_x_151">455.0px</dimen>
<dimen name="layout_x_152">458.0px</dimen>
<dimen name="layout_x_153">461.0px</dimen>
<dimen name="layout_x_154">464.0px</dimen>
<dimen name="layout_x_155">467.0px</dimen>
<dimen name="layout_x_156">470.0px</dimen>
<dimen name="layout_x_157">473.0px</dimen>
<dimen name="layout_x_158">476.0px</dimen>
<dimen name="layout_x_159">479.0px</dimen>
<dimen name="layout_x_160">482.0px</dimen>
<dimen name="layout_x_161">485.0px</dimen>
<dimen name="layout_x_162">488.0px</dimen>
<dimen name="layout_x_163">491.0px</dimen>
<dimen name="layout_x_164">494.0px</dimen>
<dimen name="layout_x_165">497.0px</dimen>
<dimen name="layout_x_166">500.0px</dimen>
<dimen name="layout_x_167">503.0px</dimen>
<dimen name="layout_x_168">506.0px</dimen>
<dimen name="layout_x_169">509.0px</dimen>
<dimen name="layout_x_170">512.0px</dimen>
<dimen name="layout_x_171">515.0px</dimen>
<dimen name="layout_x_172">518.0px</dimen>
<dimen name="layout_x_173">521.0px</dimen>
<dimen name="layout_x_174">524.0px</dimen>
<dimen name="layout_x_175">527.0px</dimen>
<dimen name="layout_x_176">530.0px</dimen>
<dimen name="layout_x_177">533.0px</dimen>
<dimen name="layout_x_178">536.0px</dimen>
<dimen name="layout_x_179">539.0px</dimen>
<dimen name="layout_x_180">542.0px</dimen>
<dimen name="layout_x_181">545.0px</dimen>
<dimen name="layout_x_182">548.0px</dimen>
<dimen name="layout_x_183">551.0px</dimen>
<dimen name="layout_x_184">554.0px</dimen>
<dimen name="layout_x_185">557.0px</dimen>
<dimen name="layout_x_186">560.0px</dimen>
<dimen name="layout_x_187">563.0px</dimen>
<dimen name="layout_x_188">566.0px</dimen>
<dimen name="layout_x_189">569.0px</dimen>
<dimen name="layout_x_190">572.0px</dimen>
<dimen name="layout_x_191">575.0px</dimen>
<dimen name="layout_x_192">578.0px</dimen>
<dimen name="layout_x_193">581.0px</dimen>
<dimen name="layout_x_194">584.0px</dimen>
<dimen name="layout_x_195">587.0px</dimen>
<dimen name="layout_x_196">590.0px</dimen>
<dimen name="layout_x_197">593.0px</dimen>
<dimen name="layout_x_198">596.0px</dimen>
<dimen name="layout_x_199">599.0px</dimen>
<dimen name="layout_x_200">603.0px</dimen>
<dimen name="layout_x_201">606.0px</dimen>
<dimen name="layout_x_202">609.0px</dimen>
<dimen name="layout_x_203">612.0px</dimen>
<dimen name="layout_x_204">615.0px</dimen>
<dimen name="layout_x_205">618.0px</dimen>
<dimen name="layout_x_206">621.0px</dimen>
<dimen name="layout_x_207">624.0px</dimen>
<dimen name="layout_x_208">627.0px</dimen>
<dimen name="layout_x_209">630.0px</dimen>
<dimen name="layout_x_210">633.0px</dimen>
<dimen name="layout_x_211">636.0px</dimen>
<dimen name="layout_x_212">639.0px</dimen>
<dimen name="layout_x_213">642.0px</dimen>
<dimen name="layout_x_214">645.0px</dimen>
<dimen name="layout_x_215">648.0px</dimen>
<dimen name="layout_x_216">651.0px</dimen>
<dimen name="layout_x_217">654.0px</dimen>
<dimen name="layout_x_218">657.0px</dimen>
<dimen name="layout_x_219">660.0px</dimen>
<dimen name="layout_x_220">663.0px</dimen>
<dimen name="layout_x_221">666.0px</dimen>
<dimen name="layout_x_222">669.0px</dimen>
<dimen name="layout_x_223">672.0px</dimen>
<dimen name="layout_x_224">675.0px</dimen>
<dimen name="layout_x_225">678.0px</dimen>
<dimen name="layout_x_226">681.0px</dimen>
<dimen name="layout_x_227">684.0px</dimen>
<dimen name="layout_x_228">687.0px</dimen>
<dimen name="layout_x_229">690.0px</dimen>
<dimen name="layout_x_230">693.0px</dimen>
<dimen name="layout_x_231">696.0px</dimen>
<dimen name="layout_x_232">699.0px</dimen>
<dimen name="layout_x_233">702.0px</dimen>
<dimen name="layout_x_234">705.0px</dimen>
<dimen name="layout_x_235">708.0px</dimen>
<dimen name="layout_x_236">711.0px</dimen>
<dimen name="layout_x_237">714.0px</dimen>
<dimen name="layout_x_238">717.0px</dimen>
<dimen name="layout_x_239">720.0px</dimen>
<dimen name="layout_x_240">723.0px</dimen>
<dimen name="layout_x_241">726.0px</dimen>
<dimen name="layout_x_242">729.0px</dimen>
<dimen name="layout_x_243">732.0px</dimen>
<dimen name="layout_x_244">735.0px</dimen>
<dimen name="layout_x_245">738.0px</dimen>
<dimen name="layout_x_246">741.0px</dimen>
<dimen name="layout_x_247">744.0px</dimen>
<dimen name="layout_x_248">747.0px</dimen>
<dimen name="layout_x_249">750.0px</dimen>
<dimen name="layout_x_250">753.0px</dimen>
<dimen name="layout_x_251">756.0px</dimen>
<dimen name="layout_x_252">759.0px</dimen>
<dimen name="layout_x_253">762.0px</dimen>
<dimen name="layout_x_254">765.0px</dimen>
<dimen name="layout_x_255">768.0px</dimen>
<dimen name="layout_x_256">771.0px</dimen>
<dimen name="layout_x_257">774.0px</dimen>
<dimen name="layout_x_258">777.0px</dimen>
<dimen name="layout_x_259">780.0px</dimen>
<dimen name="layout_x_260">783.0px</dimen>
<dimen name="layout_x_261">786.0px</dimen>
<dimen name="layout_x_262">789.0px</dimen>
<dimen name="layout_x_263">792.0px</dimen>
<dimen name="layout_x_264">795.0px</dimen>
<dimen name="layout_x_265">798.0px</dimen>
<dimen name="layout_x_266">801.0px</dimen>
<dimen name="layout_x_267">805.0px</dimen>
<dimen name="layout_x_268">808.0px</dimen>
<dimen name="layout_x_269">811.0px</dimen>
<dimen name="layout_x_270">814.0px</dimen>
<dimen name="layout_x_271">817.0px</dimen>
<dimen name="layout_x_272">820.0px</dimen>
<dimen name="layout_x_273">823.0px</dimen>
<dimen name="layout_x_274">826.0px</dimen>
<dimen name="layout_x_275">829.0px</dimen>
<dimen name="layout_x_276">832.0px</dimen>
<dimen name="layout_x_277">835.0px</dimen>
<dimen name="layout_x_278">838.0px</dimen>
<dimen name="layout_x_279">841.0px</dimen>
<dimen name="layout_x_280">844.0px</dimen>
<dimen name="layout_x_281">847.0px</dimen>
<dimen name="layout_x_282">850.0px</dimen>
<dimen name="layout_x_283">853.0px</dimen>
<dimen name="layout_x_284">856.0px</dimen>
<dimen name="layout_x_285">859.0px</dimen>
<dimen name="layout_x_286">862.0px</dimen>
<dimen name="layout_x_287">865.0px</dimen>
<dimen name="layout_x_288">868.0px</dimen>
<dimen name="layout_x_289">871.0px</dimen>
<dimen name="layout_x_290">874.0px</dimen>
<dimen name="layout_x_291">877.0px</dimen>
<dimen name="layout_x_292">880.0px</dimen>
<dimen name="layout_x_293">883.0px</dimen>
<dimen name="layout_x_294">886.0px</dimen>
<dimen name="layout_x_295">889.0px</dimen>
<dimen name="layout_x_296">892.0px</dimen>
<dimen name="layout_x_297">895.0px</dimen>
<dimen name="layout_x_298">898.0px</dimen>
<dimen name="layout_x_299">901.0px</dimen>
<dimen name="layout_x_300">904.0px</dimen>
<dimen name="layout_x_301">907.0px</dimen>
<dimen name="layout_x_302">910.0px</dimen>
<dimen name="layout_x_303">913.0px</dimen>
<dimen name="layout_x_304">916.0px</dimen>
<dimen name="layout_x_305">919.0px</dimen>
<dimen name="layout_x_306">922.0px</dimen>
<dimen name="layout_x_307">925.0px</dimen>
<dimen name="layout_x_308">928.0px</dimen>
<dimen name="layout_x_309">931.0px</dimen>
<dimen name="layout_x_310">934.0px</dimen>
<dimen name="layout_x_311">937.0px</dimen>
<dimen name="layout_x_312">940.0px</dimen>
<dimen name="layout_x_313">943.0px</dimen>
<dimen name="layout_x_314">946.0px</dimen>
<dimen name="layout_x_315">949.0px</dimen>
<dimen name="layout_x_316">952.0px</dimen>
<dimen name="layout_x_317">955.0px</dimen>
<dimen name="layout_x_318">958.0px</dimen>
<dimen name="layout_x_319">961.0px</dimen>
<dimen name="layout_x_320">964.0px</dimen>
<dimen name="layout_x_321">967.0px</dimen>
<dimen name="layout_x_322">970.0px</dimen>
<dimen name="layout_x_323">973.0px</dimen>
<dimen name="layout_x_324">976.0px</dimen>
<dimen name="layout_x_325">979.0px</dimen>
<dimen name="layout_x_326">982.0px</dimen>
<dimen name="layout_x_327">985.0px</dimen>
<dimen name="layout_x_328">988.0px</dimen>
<dimen name="layout_x_329">991.0px</dimen>
<dimen name="layout_x_330">994.0px</dimen>
<dimen name="layout_x_331">997.0px</dimen>
<dimen name="layout_x_332">1000.0px</dimen>
<dimen name="layout_x_333">1003.0px</dimen>
<dimen name="layout_x_334">1007.0px</dimen>
<dimen name="layout_x_335">1010.0px</dimen>
<dimen name="layout_x_336">1013.0px</dimen>
<dimen name="layout_x_337">1016.0px</dimen>
<dimen name="layout_x_338">1019.0px</dimen>
<dimen name="layout_x_339">1022.0px</dimen>
<dimen name="layout_x_340">1025.0px</dimen>
<dimen name="layout_x_341">1028.0px</dimen>
<dimen name="layout_x_342">1031.0px</dimen>
<dimen name="layout_x_343">1034.0px</dimen>
<dimen name="layout_x_344">1037.0px</dimen>
<dimen name="layout_x_345">1040.0px</dimen>
<dimen name="layout_x_346">1043.0px</dimen>
<dimen name="layout_x_347">1046.0px</dimen>
<dimen name="layout_x_348">1049.0px</dimen>
<dimen name="layout_x_349">1052.0px</dimen>
<dimen name="layout_x_350">1055.0px</dimen>
<dimen name="layout_x_351">1058.0px</dimen>
<dimen name="layout_x_352">1061.0px</dimen>
<dimen name="layout_x_353">1064.0px</dimen>
<dimen name="layout_x_354">1067.0px</dimen>
<dimen name="layout_x_355">1070.0px</dimen>
<dimen name="layout_x_356">1073.0px</dimen>
<dimen name="layout_x_357">1076.0px</dimen>
<dimen name="layout_x_358">1079.0px</dimen>
<dimen name="layout_x_359">1082.0px</dimen>
<dimen name="layout_x_360">1085.0px</dimen>
<dimen name="layout_x_361">1088.0px</dimen>
<dimen name="layout_x_362">1091.0px</dimen>
<dimen name="layout_x_363">1094.0px</dimen>
<dimen name="layout_x_364">1097.0px</dimen>
<dimen name="layout_x_365">1100.0px</dimen>
<dimen name="layout_x_366">1103.0px</dimen>
<dimen name="layout_x_367">1106.0px</dimen>
<dimen name="layout_x_368">1109.0px</dimen>
<dimen name="layout_x_369">1112.0px</dimen>
<dimen name="layout_x_370">1115.0px</dimen>
<dimen name="layout_x_371">1118.0px</dimen>
<dimen name="layout_x_372">1121.0px</dimen>
<dimen name="layout_x_373">1124.0px</dimen>
<dimen name="layout_x_374">1127.0px</dimen>
<dimen name="layout_x_375">1130.0px</dimen>
<dimen name="layout_x_376">1133.0px</dimen>
<dimen name="layout_x_377">1136.0px</dimen>
<dimen name="layout_x_378">1139.0px</dimen>
<dimen name="layout_x_379">1142.0px</dimen>
<dimen name="layout_x_380">1145.0px</dimen>
<dimen name="layout_x_381">1148.0px</dimen>
<dimen name="layout_x_382">1151.0px</dimen>
<dimen name="layout_x_383">1154.0px</dimen>
<dimen name="layout_x_384">1157.0px</dimen>
<dimen name="layout_x_385">1160.0px</dimen>
<dimen name="layout_x_386">1163.0px</dimen>
<dimen name="layout_x_387">1166.0px</dimen>
<dimen name="layout_x_388">1169.0px</dimen>
<dimen name="layout_x_389">1172.0px</dimen>
<dimen name="layout_x_390">1175.0px</dimen>
<dimen name="layout_x_391">1178.0px</dimen>
<dimen name="layout_x_392">1181.0px</dimen>
<dimen name="layout_x_393">1184.0px</dimen>
<dimen name="layout_x_394">1187.0px</dimen>
<dimen name="layout_x_395">1190.0px</dimen>
<dimen name="layout_x_396">1193.0px</dimen>
<dimen name="layout_x_397">1196.0px</dimen>
<dimen name="layout_x_398">1199.0px</dimen>
<dimen name="layout_x_399">1202.0px</dimen>
<dimen name="layout_x_400">1206.0px</dimen>
<dimen name="layout_x_401">1209.0px</dimen>
<dimen name="layout_x_402">1212.0px</dimen>
<dimen name="layout_x_403">1215.0px</dimen>
<dimen name="layout_x_404">1218.0px</dimen>
<dimen name="layout_x_405">1221.0px</dimen>
<dimen name="layout_x_406">1224.0px</dimen>
<dimen name="layout_x_407">1227.0px</dimen>
<dimen name="layout_x_408">1230.0px</dimen>
<dimen name="layout_x_409">1233.0px</dimen>
<dimen name="layout_x_410">1236.0px</dimen>
<dimen name="layout_x_411">1239.0px</dimen>
<dimen name="layout_x_412">1242.0px</dimen>
<dimen name="layout_x_413">1245.0px</dimen>
<dimen name="layout_x_414">1248.0px</dimen>
<dimen name="layout_x_415">1251.0px</dimen>
<dimen name="layout_x_416">1254.0px</dimen>
<dimen name="layout_x_417">1257.0px</dimen>
<dimen name="layout_x_418">1260.0px</dimen>
<dimen name="layout_x_419">1263.0px</dimen>
<dimen name="layout_x_420">1266.0px</dimen>
<dimen name="layout_x_421">1269.0px</dimen>
<dimen name="layout_x_422">1272.0px</dimen>
<dimen name="layout_x_423">1275.0px</dimen>
<dimen name="layout_x_424">1278.0px</dimen>
<dimen name="layout_x_425">1281.0px</dimen>
<dimen name="layout_x_426">1284.0px</dimen>
<dimen name="layout_x_427">1287.0px</dimen>
<dimen name="layout_x_428">1290.0px</dimen>
<dimen name="layout_x_429">1293.0px</dimen>
<dimen name="layout_x_430">1296.0px</dimen>
<dimen name="layout_x_431">1299.0px</dimen>
<dimen name="layout_x_432">1302.0px</dimen>
<dimen name="layout_x_433">1305.0px</dimen>
<dimen name="layout_x_434">1308.0px</dimen>
<dimen name="layout_x_435">1311.0px</dimen>
<dimen name="layout_x_436">1314.0px</dimen>
<dimen name="layout_x_437">1317.0px</dimen>
<dimen name="layout_x_438">1320.0px</dimen>
<dimen name="layout_x_439">1323.0px</dimen>
<dimen name="layout_x_440">1326.0px</dimen>
<dimen name="layout_x_441">1329.0px</dimen>
<dimen name="layout_x_442">1332.0px</dimen>
<dimen name="layout_x_443">1335.0px</dimen>
<dimen name="layout_x_444">1338.0px</dimen>
<dimen name="layout_x_445">1341.0px</dimen>
<dimen name="layout_x_446">1344.0px</dimen>
<dimen name="layout_x_447">1347.0px</dimen>
<dimen name="layout_x_448">1350.0px</dimen>
<dimen name="layout_x_449">1353.0px</dimen>
<dimen name="layout_x_450">1356.0px</dimen>
<dimen name="layout_x_451">1359.0px</dimen>
<dimen name="layout_x_452">1362.0px</dimen>
<dimen name="layout_x_453">1365.0px</dimen>
<dimen name="layout_x_454">1368.0px</dimen>
<dimen name="layout_x_455">1371.0px</dimen>
<dimen name="layout_x_456">1374.0px</dimen>
<dimen name="layout_x_457">1377.0px</dimen>
<dimen name="layout_x_458">1380.0px</dimen>
<dimen name="layout_x_459">1383.0px</dimen>
<dimen name="layout_x_460">1386.0px</dimen>
<dimen name="layout_x_461">1389.0px</dimen>
<dimen name="layout_x_462">1392.0px</dimen>
<dimen name="layout_x_463">1395.0px</dimen>
<dimen name="layout_x_464">1398.0px</dimen>
<dimen name="layout_x_465">1401.0px</dimen>
<dimen name="layout_x_466">1404.0px</dimen>
<dimen name="layout_x_467">1408.0px</dimen>
<dimen name="layout_x_468">1411.0px</dimen>
<dimen name="layout_x_469">1414.0px</dimen>
<dimen name="layout_x_470">1417.0px</dimen>
<dimen name="layout_x_471">1420.0px</dimen>
<dimen name="layout_x_472">1423.0px</dimen>
<dimen name="layout_x_473">1426.0px</dimen>
<dimen name="layout_x_474">1429.0px</dimen>
<dimen name="layout_x_475">1432.0px</dimen>
<dimen name="layout_x_476">1435.0px</dimen>
<dimen name="layout_x_477">1438.0px</dimen>
<dimen name="layout_x_478">1441.0px</dimen>
<dimen name="layout_x_479">1444.0px</dimen>
<dimen name="layout_x_480">1440px</dimen>
</resources>