<?xml version="1.0" encoding="utf-8"?>
<resources><dimen name="layout_x_0">0.0px</dimen>
<dimen name="layout_x_1">1.0px</dimen>
<dimen name="layout_x_2">2.0px</dimen>
<dimen name="layout_x_3">3.0px</dimen>
<dimen name="layout_x_4">4.0px</dimen>
<dimen name="layout_x_5">5.0px</dimen>
<dimen name="layout_x_6">6.0px</dimen>
<dimen name="layout_x_7">7.0px</dimen>
<dimen name="layout_x_8">8.0px</dimen>
<dimen name="layout_x_9">9.0px</dimen>
<dimen name="layout_x_10">10.0px</dimen>
<dimen name="layout_x_11">11.0px</dimen>
<dimen name="layout_x_12">12.0px</dimen>
<dimen name="layout_x_13">13.0px</dimen>
<dimen name="layout_x_14">14.0px</dimen>
<dimen name="layout_x_15">15.0px</dimen>
<dimen name="layout_x_16">16.0px</dimen>
<dimen name="layout_x_17">17.0px</dimen>
<dimen name="layout_x_18">18.0px</dimen>
<dimen name="layout_x_19">19.0px</dimen>
<dimen name="layout_x_20">20.0px</dimen>
<dimen name="layout_x_21">21.0px</dimen>
<dimen name="layout_x_22">22.0px</dimen>
<dimen name="layout_x_23">23.0px</dimen>
<dimen name="layout_x_24">24.0px</dimen>
<dimen name="layout_x_25">25.0px</dimen>
<dimen name="layout_x_26">26.0px</dimen>
<dimen name="layout_x_27">27.0px</dimen>
<dimen name="layout_x_28">28.0px</dimen>
<dimen name="layout_x_29">29.0px</dimen>
<dimen name="layout_x_30">30.0px</dimen>
<dimen name="layout_x_31">31.0px</dimen>
<dimen name="layout_x_32">32.0px</dimen>
<dimen name="layout_x_33">33.0px</dimen>
<dimen name="layout_x_34">34.0px</dimen>
<dimen name="layout_x_35">35.0px</dimen>
<dimen name="layout_x_36">36.0px</dimen>
<dimen name="layout_x_37">37.0px</dimen>
<dimen name="layout_x_38">38.0px</dimen>
<dimen name="layout_x_39">39.0px</dimen>
<dimen name="layout_x_40">40.0px</dimen>
<dimen name="layout_x_41">41.0px</dimen>
<dimen name="layout_x_42">42.0px</dimen>
<dimen name="layout_x_43">43.0px</dimen>
<dimen name="layout_x_44">44.0px</dimen>
<dimen name="layout_x_45">45.0px</dimen>
<dimen name="layout_x_46">46.0px</dimen>
<dimen name="layout_x_47">47.0px</dimen>
<dimen name="layout_x_48">48.0px</dimen>
<dimen name="layout_x_49">49.0px</dimen>
<dimen name="layout_x_50">50.0px</dimen>
<dimen name="layout_x_51">51.0px</dimen>
<dimen name="layout_x_52">52.0px</dimen>
<dimen name="layout_x_53">53.0px</dimen>
<dimen name="layout_x_54">54.0px</dimen>
<dimen name="layout_x_55">55.0px</dimen>
<dimen name="layout_x_56">56.0px</dimen>
<dimen name="layout_x_57">57.0px</dimen>
<dimen name="layout_x_58">58.0px</dimen>
<dimen name="layout_x_59">59.0px</dimen>
<dimen name="layout_x_60">60.0px</dimen>
<dimen name="layout_x_61">61.0px</dimen>
<dimen name="layout_x_62">62.0px</dimen>
<dimen name="layout_x_63">63.0px</dimen>
<dimen name="layout_x_64">64.0px</dimen>
<dimen name="layout_x_65">65.0px</dimen>
<dimen name="layout_x_66">66.0px</dimen>
<dimen name="layout_x_67">67.0px</dimen>
<dimen name="layout_x_68">68.0px</dimen>
<dimen name="layout_x_69">69.0px</dimen>
<dimen name="layout_x_70">70.0px</dimen>
<dimen name="layout_x_71">71.0px</dimen>
<dimen name="layout_x_72">72.0px</dimen>
<dimen name="layout_x_73">73.0px</dimen>
<dimen name="layout_x_74">74.0px</dimen>
<dimen name="layout_x_75">75.0px</dimen>
<dimen name="layout_x_76">76.0px</dimen>
<dimen name="layout_x_77">77.0px</dimen>
<dimen name="layout_x_78">78.0px</dimen>
<dimen name="layout_x_79">79.0px</dimen>
<dimen name="layout_x_80">80.0px</dimen>
<dimen name="layout_x_81">81.0px</dimen>
<dimen name="layout_x_82">82.0px</dimen>
<dimen name="layout_x_83">83.0px</dimen>
<dimen name="layout_x_84">84.0px</dimen>
<dimen name="layout_x_85">85.0px</dimen>
<dimen name="layout_x_86">86.0px</dimen>
<dimen name="layout_x_87">87.0px</dimen>
<dimen name="layout_x_88">88.0px</dimen>
<dimen name="layout_x_89">89.0px</dimen>
<dimen name="layout_x_90">90.0px</dimen>
<dimen name="layout_x_91">91.0px</dimen>
<dimen name="layout_x_92">92.0px</dimen>
<dimen name="layout_x_93">93.0px</dimen>
<dimen name="layout_x_94">94.0px</dimen>
<dimen name="layout_x_95">95.0px</dimen>
<dimen name="layout_x_96">96.0px</dimen>
<dimen name="layout_x_97">97.0px</dimen>
<dimen name="layout_x_98">98.0px</dimen>
<dimen name="layout_x_99">99.0px</dimen>
<dimen name="layout_x_100">100.0px</dimen>
<dimen name="layout_x_101">101.0px</dimen>
<dimen name="layout_x_102">102.0px</dimen>
<dimen name="layout_x_103">103.0px</dimen>
<dimen name="layout_x_104">104.0px</dimen>
<dimen name="layout_x_105">105.0px</dimen>
<dimen name="layout_x_106">106.0px</dimen>
<dimen name="layout_x_107">107.0px</dimen>
<dimen name="layout_x_108">108.0px</dimen>
<dimen name="layout_x_109">109.0px</dimen>
<dimen name="layout_x_110">110.0px</dimen>
<dimen name="layout_x_111">111.0px</dimen>
<dimen name="layout_x_112">112.0px</dimen>
<dimen name="layout_x_113">113.0px</dimen>
<dimen name="layout_x_114">114.0px</dimen>
<dimen name="layout_x_115">115.0px</dimen>
<dimen name="layout_x_116">116.0px</dimen>
<dimen name="layout_x_117">117.0px</dimen>
<dimen name="layout_x_118">118.0px</dimen>
<dimen name="layout_x_119">119.0px</dimen>
<dimen name="layout_x_120">120.0px</dimen>
<dimen name="layout_x_121">121.0px</dimen>
<dimen name="layout_x_122">122.0px</dimen>
<dimen name="layout_x_123">123.0px</dimen>
<dimen name="layout_x_124">124.0px</dimen>
<dimen name="layout_x_125">125.0px</dimen>
<dimen name="layout_x_126">126.0px</dimen>
<dimen name="layout_x_127">127.0px</dimen>
<dimen name="layout_x_128">128.0px</dimen>
<dimen name="layout_x_129">129.0px</dimen>
<dimen name="layout_x_130">130.0px</dimen>
<dimen name="layout_x_131">131.0px</dimen>
<dimen name="layout_x_132">132.0px</dimen>
<dimen name="layout_x_133">133.0px</dimen>
<dimen name="layout_x_134">134.0px</dimen>
<dimen name="layout_x_135">135.0px</dimen>
<dimen name="layout_x_136">136.0px</dimen>
<dimen name="layout_x_137">137.0px</dimen>
<dimen name="layout_x_138">138.0px</dimen>
<dimen name="layout_x_139">139.0px</dimen>
<dimen name="layout_x_140">140.0px</dimen>
<dimen name="layout_x_141">141.0px</dimen>
<dimen name="layout_x_142">142.0px</dimen>
<dimen name="layout_x_143">143.0px</dimen>
<dimen name="layout_x_144">144.0px</dimen>
<dimen name="layout_x_145">145.0px</dimen>
<dimen name="layout_x_146">146.0px</dimen>
<dimen name="layout_x_147">147.0px</dimen>
<dimen name="layout_x_148">148.0px</dimen>
<dimen name="layout_x_149">149.0px</dimen>
<dimen name="layout_x_150">150.0px</dimen>
<dimen name="layout_x_151">151.0px</dimen>
<dimen name="layout_x_152">152.0px</dimen>
<dimen name="layout_x_153">153.0px</dimen>
<dimen name="layout_x_154">154.0px</dimen>
<dimen name="layout_x_155">155.0px</dimen>
<dimen name="layout_x_156">156.0px</dimen>
<dimen name="layout_x_157">157.0px</dimen>
<dimen name="layout_x_158">158.0px</dimen>
<dimen name="layout_x_159">159.0px</dimen>
<dimen name="layout_x_160">160.0px</dimen>
<dimen name="layout_x_161">161.0px</dimen>
<dimen name="layout_x_162">162.0px</dimen>
<dimen name="layout_x_163">163.0px</dimen>
<dimen name="layout_x_164">164.0px</dimen>
<dimen name="layout_x_165">165.0px</dimen>
<dimen name="layout_x_166">166.0px</dimen>
<dimen name="layout_x_167">167.0px</dimen>
<dimen name="layout_x_168">168.0px</dimen>
<dimen name="layout_x_169">169.0px</dimen>
<dimen name="layout_x_170">170.0px</dimen>
<dimen name="layout_x_171">171.0px</dimen>
<dimen name="layout_x_172">172.0px</dimen>
<dimen name="layout_x_173">173.0px</dimen>
<dimen name="layout_x_174">174.0px</dimen>
<dimen name="layout_x_175">175.0px</dimen>
<dimen name="layout_x_176">176.0px</dimen>
<dimen name="layout_x_177">177.0px</dimen>
<dimen name="layout_x_178">178.0px</dimen>
<dimen name="layout_x_179">179.0px</dimen>
<dimen name="layout_x_180">180.0px</dimen>
<dimen name="layout_x_181">181.0px</dimen>
<dimen name="layout_x_182">182.0px</dimen>
<dimen name="layout_x_183">183.0px</dimen>
<dimen name="layout_x_184">184.0px</dimen>
<dimen name="layout_x_185">185.0px</dimen>
<dimen name="layout_x_186">186.0px</dimen>
<dimen name="layout_x_187">187.0px</dimen>
<dimen name="layout_x_188">188.0px</dimen>
<dimen name="layout_x_189">189.0px</dimen>
<dimen name="layout_x_190">190.0px</dimen>
<dimen name="layout_x_191">191.0px</dimen>
<dimen name="layout_x_192">192.0px</dimen>
<dimen name="layout_x_193">193.0px</dimen>
<dimen name="layout_x_194">194.0px</dimen>
<dimen name="layout_x_195">195.0px</dimen>
<dimen name="layout_x_196">196.0px</dimen>
<dimen name="layout_x_197">197.0px</dimen>
<dimen name="layout_x_198">198.0px</dimen>
<dimen name="layout_x_199">199.0px</dimen>
<dimen name="layout_x_200">201.0px</dimen>
<dimen name="layout_x_201">202.0px</dimen>
<dimen name="layout_x_202">203.0px</dimen>
<dimen name="layout_x_203">204.0px</dimen>
<dimen name="layout_x_204">205.0px</dimen>
<dimen name="layout_x_205">206.0px</dimen>
<dimen name="layout_x_206">207.0px</dimen>
<dimen name="layout_x_207">208.0px</dimen>
<dimen name="layout_x_208">209.0px</dimen>
<dimen name="layout_x_209">210.0px</dimen>
<dimen name="layout_x_210">211.0px</dimen>
<dimen name="layout_x_211">212.0px</dimen>
<dimen name="layout_x_212">213.0px</dimen>
<dimen name="layout_x_213">214.0px</dimen>
<dimen name="layout_x_214">215.0px</dimen>
<dimen name="layout_x_215">216.0px</dimen>
<dimen name="layout_x_216">217.0px</dimen>
<dimen name="layout_x_217">218.0px</dimen>
<dimen name="layout_x_218">219.0px</dimen>
<dimen name="layout_x_219">220.0px</dimen>
<dimen name="layout_x_220">221.0px</dimen>
<dimen name="layout_x_221">222.0px</dimen>
<dimen name="layout_x_222">223.0px</dimen>
<dimen name="layout_x_223">224.0px</dimen>
<dimen name="layout_x_224">225.0px</dimen>
<dimen name="layout_x_225">226.0px</dimen>
<dimen name="layout_x_226">227.0px</dimen>
<dimen name="layout_x_227">228.0px</dimen>
<dimen name="layout_x_228">229.0px</dimen>
<dimen name="layout_x_229">230.0px</dimen>
<dimen name="layout_x_230">231.0px</dimen>
<dimen name="layout_x_231">232.0px</dimen>
<dimen name="layout_x_232">233.0px</dimen>
<dimen name="layout_x_233">234.0px</dimen>
<dimen name="layout_x_234">235.0px</dimen>
<dimen name="layout_x_235">236.0px</dimen>
<dimen name="layout_x_236">237.0px</dimen>
<dimen name="layout_x_237">238.0px</dimen>
<dimen name="layout_x_238">239.0px</dimen>
<dimen name="layout_x_239">240.0px</dimen>
<dimen name="layout_x_240">241.0px</dimen>
<dimen name="layout_x_241">242.0px</dimen>
<dimen name="layout_x_242">243.0px</dimen>
<dimen name="layout_x_243">244.0px</dimen>
<dimen name="layout_x_244">245.0px</dimen>
<dimen name="layout_x_245">246.0px</dimen>
<dimen name="layout_x_246">247.0px</dimen>
<dimen name="layout_x_247">248.0px</dimen>
<dimen name="layout_x_248">249.0px</dimen>
<dimen name="layout_x_249">250.0px</dimen>
<dimen name="layout_x_250">251.0px</dimen>
<dimen name="layout_x_251">252.0px</dimen>
<dimen name="layout_x_252">253.0px</dimen>
<dimen name="layout_x_253">254.0px</dimen>
<dimen name="layout_x_254">255.0px</dimen>
<dimen name="layout_x_255">256.0px</dimen>
<dimen name="layout_x_256">257.0px</dimen>
<dimen name="layout_x_257">258.0px</dimen>
<dimen name="layout_x_258">259.0px</dimen>
<dimen name="layout_x_259">260.0px</dimen>
<dimen name="layout_x_260">261.0px</dimen>
<dimen name="layout_x_261">262.0px</dimen>
<dimen name="layout_x_262">263.0px</dimen>
<dimen name="layout_x_263">264.0px</dimen>
<dimen name="layout_x_264">265.0px</dimen>
<dimen name="layout_x_265">266.0px</dimen>
<dimen name="layout_x_266">267.0px</dimen>
<dimen name="layout_x_267">268.0px</dimen>
<dimen name="layout_x_268">269.0px</dimen>
<dimen name="layout_x_269">270.0px</dimen>
<dimen name="layout_x_270">271.0px</dimen>
<dimen name="layout_x_271">272.0px</dimen>
<dimen name="layout_x_272">273.0px</dimen>
<dimen name="layout_x_273">274.0px</dimen>
<dimen name="layout_x_274">275.0px</dimen>
<dimen name="layout_x_275">276.0px</dimen>
<dimen name="layout_x_276">277.0px</dimen>
<dimen name="layout_x_277">278.0px</dimen>
<dimen name="layout_x_278">279.0px</dimen>
<dimen name="layout_x_279">280.0px</dimen>
<dimen name="layout_x_280">281.0px</dimen>
<dimen name="layout_x_281">282.0px</dimen>
<dimen name="layout_x_282">283.0px</dimen>
<dimen name="layout_x_283">284.0px</dimen>
<dimen name="layout_x_284">285.0px</dimen>
<dimen name="layout_x_285">286.0px</dimen>
<dimen name="layout_x_286">287.0px</dimen>
<dimen name="layout_x_287">288.0px</dimen>
<dimen name="layout_x_288">289.0px</dimen>
<dimen name="layout_x_289">290.0px</dimen>
<dimen name="layout_x_290">291.0px</dimen>
<dimen name="layout_x_291">292.0px</dimen>
<dimen name="layout_x_292">293.0px</dimen>
<dimen name="layout_x_293">294.0px</dimen>
<dimen name="layout_x_294">295.0px</dimen>
<dimen name="layout_x_295">296.0px</dimen>
<dimen name="layout_x_296">297.0px</dimen>
<dimen name="layout_x_297">298.0px</dimen>
<dimen name="layout_x_298">299.0px</dimen>
<dimen name="layout_x_299">300.0px</dimen>
<dimen name="layout_x_300">301.0px</dimen>
<dimen name="layout_x_301">302.0px</dimen>
<dimen name="layout_x_302">303.0px</dimen>
<dimen name="layout_x_303">304.0px</dimen>
<dimen name="layout_x_304">305.0px</dimen>
<dimen name="layout_x_305">306.0px</dimen>
<dimen name="layout_x_306">307.0px</dimen>
<dimen name="layout_x_307">308.0px</dimen>
<dimen name="layout_x_308">309.0px</dimen>
<dimen name="layout_x_309">310.0px</dimen>
<dimen name="layout_x_310">311.0px</dimen>
<dimen name="layout_x_311">312.0px</dimen>
<dimen name="layout_x_312">313.0px</dimen>
<dimen name="layout_x_313">314.0px</dimen>
<dimen name="layout_x_314">315.0px</dimen>
<dimen name="layout_x_315">316.0px</dimen>
<dimen name="layout_x_316">317.0px</dimen>
<dimen name="layout_x_317">318.0px</dimen>
<dimen name="layout_x_318">319.0px</dimen>
<dimen name="layout_x_319">320.0px</dimen>
<dimen name="layout_x_320">321.0px</dimen>
<dimen name="layout_x_321">322.0px</dimen>
<dimen name="layout_x_322">323.0px</dimen>
<dimen name="layout_x_323">324.0px</dimen>
<dimen name="layout_x_324">325.0px</dimen>
<dimen name="layout_x_325">326.0px</dimen>
<dimen name="layout_x_326">327.0px</dimen>
<dimen name="layout_x_327">328.0px</dimen>
<dimen name="layout_x_328">329.0px</dimen>
<dimen name="layout_x_329">330.0px</dimen>
<dimen name="layout_x_330">331.0px</dimen>
<dimen name="layout_x_331">332.0px</dimen>
<dimen name="layout_x_332">333.0px</dimen>
<dimen name="layout_x_333">334.0px</dimen>
<dimen name="layout_x_334">335.0px</dimen>
<dimen name="layout_x_335">336.0px</dimen>
<dimen name="layout_x_336">337.0px</dimen>
<dimen name="layout_x_337">338.0px</dimen>
<dimen name="layout_x_338">339.0px</dimen>
<dimen name="layout_x_339">340.0px</dimen>
<dimen name="layout_x_340">341.0px</dimen>
<dimen name="layout_x_341">342.0px</dimen>
<dimen name="layout_x_342">343.0px</dimen>
<dimen name="layout_x_343">344.0px</dimen>
<dimen name="layout_x_344">345.0px</dimen>
<dimen name="layout_x_345">346.0px</dimen>
<dimen name="layout_x_346">347.0px</dimen>
<dimen name="layout_x_347">348.0px</dimen>
<dimen name="layout_x_348">349.0px</dimen>
<dimen name="layout_x_349">350.0px</dimen>
<dimen name="layout_x_350">351.0px</dimen>
<dimen name="layout_x_351">352.0px</dimen>
<dimen name="layout_x_352">353.0px</dimen>
<dimen name="layout_x_353">354.0px</dimen>
<dimen name="layout_x_354">355.0px</dimen>
<dimen name="layout_x_355">356.0px</dimen>
<dimen name="layout_x_356">357.0px</dimen>
<dimen name="layout_x_357">358.0px</dimen>
<dimen name="layout_x_358">359.0px</dimen>
<dimen name="layout_x_359">360.0px</dimen>
<dimen name="layout_x_360">361.0px</dimen>
<dimen name="layout_x_361">362.0px</dimen>
<dimen name="layout_x_362">363.0px</dimen>
<dimen name="layout_x_363">364.0px</dimen>
<dimen name="layout_x_364">365.0px</dimen>
<dimen name="layout_x_365">366.0px</dimen>
<dimen name="layout_x_366">367.0px</dimen>
<dimen name="layout_x_367">368.0px</dimen>
<dimen name="layout_x_368">369.0px</dimen>
<dimen name="layout_x_369">370.0px</dimen>
<dimen name="layout_x_370">371.0px</dimen>
<dimen name="layout_x_371">372.0px</dimen>
<dimen name="layout_x_372">373.0px</dimen>
<dimen name="layout_x_373">374.0px</dimen>
<dimen name="layout_x_374">375.0px</dimen>
<dimen name="layout_x_375">376.0px</dimen>
<dimen name="layout_x_376">377.0px</dimen>
<dimen name="layout_x_377">378.0px</dimen>
<dimen name="layout_x_378">379.0px</dimen>
<dimen name="layout_x_379">380.0px</dimen>
<dimen name="layout_x_380">381.0px</dimen>
<dimen name="layout_x_381">382.0px</dimen>
<dimen name="layout_x_382">383.0px</dimen>
<dimen name="layout_x_383">384.0px</dimen>
<dimen name="layout_x_384">385.0px</dimen>
<dimen name="layout_x_385">386.0px</dimen>
<dimen name="layout_x_386">387.0px</dimen>
<dimen name="layout_x_387">388.0px</dimen>
<dimen name="layout_x_388">389.0px</dimen>
<dimen name="layout_x_389">390.0px</dimen>
<dimen name="layout_x_390">391.0px</dimen>
<dimen name="layout_x_391">392.0px</dimen>
<dimen name="layout_x_392">393.0px</dimen>
<dimen name="layout_x_393">394.0px</dimen>
<dimen name="layout_x_394">395.0px</dimen>
<dimen name="layout_x_395">396.0px</dimen>
<dimen name="layout_x_396">397.0px</dimen>
<dimen name="layout_x_397">398.0px</dimen>
<dimen name="layout_x_398">399.0px</dimen>
<dimen name="layout_x_399">400.0px</dimen>
<dimen name="layout_x_400">402.0px</dimen>
<dimen name="layout_x_401">403.0px</dimen>
<dimen name="layout_x_402">404.0px</dimen>
<dimen name="layout_x_403">405.0px</dimen>
<dimen name="layout_x_404">406.0px</dimen>
<dimen name="layout_x_405">407.0px</dimen>
<dimen name="layout_x_406">408.0px</dimen>
<dimen name="layout_x_407">409.0px</dimen>
<dimen name="layout_x_408">410.0px</dimen>
<dimen name="layout_x_409">411.0px</dimen>
<dimen name="layout_x_410">412.0px</dimen>
<dimen name="layout_x_411">413.0px</dimen>
<dimen name="layout_x_412">414.0px</dimen>
<dimen name="layout_x_413">415.0px</dimen>
<dimen name="layout_x_414">416.0px</dimen>
<dimen name="layout_x_415">417.0px</dimen>
<dimen name="layout_x_416">418.0px</dimen>
<dimen name="layout_x_417">419.0px</dimen>
<dimen name="layout_x_418">420.0px</dimen>
<dimen name="layout_x_419">421.0px</dimen>
<dimen name="layout_x_420">422.0px</dimen>
<dimen name="layout_x_421">423.0px</dimen>
<dimen name="layout_x_422">424.0px</dimen>
<dimen name="layout_x_423">425.0px</dimen>
<dimen name="layout_x_424">426.0px</dimen>
<dimen name="layout_x_425">427.0px</dimen>
<dimen name="layout_x_426">428.0px</dimen>
<dimen name="layout_x_427">429.0px</dimen>
<dimen name="layout_x_428">430.0px</dimen>
<dimen name="layout_x_429">431.0px</dimen>
<dimen name="layout_x_430">432.0px</dimen>
<dimen name="layout_x_431">433.0px</dimen>
<dimen name="layout_x_432">434.0px</dimen>
<dimen name="layout_x_433">435.0px</dimen>
<dimen name="layout_x_434">436.0px</dimen>
<dimen name="layout_x_435">437.0px</dimen>
<dimen name="layout_x_436">438.0px</dimen>
<dimen name="layout_x_437">439.0px</dimen>
<dimen name="layout_x_438">440.0px</dimen>
<dimen name="layout_x_439">441.0px</dimen>
<dimen name="layout_x_440">442.0px</dimen>
<dimen name="layout_x_441">443.0px</dimen>
<dimen name="layout_x_442">444.0px</dimen>
<dimen name="layout_x_443">445.0px</dimen>
<dimen name="layout_x_444">446.0px</dimen>
<dimen name="layout_x_445">447.0px</dimen>
<dimen name="layout_x_446">448.0px</dimen>
<dimen name="layout_x_447">449.0px</dimen>
<dimen name="layout_x_448">450.0px</dimen>
<dimen name="layout_x_449">451.0px</dimen>
<dimen name="layout_x_450">452.0px</dimen>
<dimen name="layout_x_451">453.0px</dimen>
<dimen name="layout_x_452">454.0px</dimen>
<dimen name="layout_x_453">455.0px</dimen>
<dimen name="layout_x_454">456.0px</dimen>
<dimen name="layout_x_455">457.0px</dimen>
<dimen name="layout_x_456">458.0px</dimen>
<dimen name="layout_x_457">459.0px</dimen>
<dimen name="layout_x_458">460.0px</dimen>
<dimen name="layout_x_459">461.0px</dimen>
<dimen name="layout_x_460">462.0px</dimen>
<dimen name="layout_x_461">463.0px</dimen>
<dimen name="layout_x_462">464.0px</dimen>
<dimen name="layout_x_463">465.0px</dimen>
<dimen name="layout_x_464">466.0px</dimen>
<dimen name="layout_x_465">467.0px</dimen>
<dimen name="layout_x_466">468.0px</dimen>
<dimen name="layout_x_467">469.0px</dimen>
<dimen name="layout_x_468">470.0px</dimen>
<dimen name="layout_x_469">471.0px</dimen>
<dimen name="layout_x_470">472.0px</dimen>
<dimen name="layout_x_471">473.0px</dimen>
<dimen name="layout_x_472">474.0px</dimen>
<dimen name="layout_x_473">475.0px</dimen>
<dimen name="layout_x_474">476.0px</dimen>
<dimen name="layout_x_475">477.0px</dimen>
<dimen name="layout_x_476">478.0px</dimen>
<dimen name="layout_x_477">479.0px</dimen>
<dimen name="layout_x_478">480.0px</dimen>
<dimen name="layout_x_479">481.0px</dimen>
<dimen name="layout_x_480">480px</dimen>
</resources>