<?xml version="1.0" encoding="utf-8"?>
<resources><dimen name="layout_y_0">0.0px</dimen>
<dimen name="layout_y_1">1.0px</dimen>
<dimen name="layout_y_2">2.0px</dimen>
<dimen name="layout_y_3">3.0px</dimen>
<dimen name="layout_y_4">4.0px</dimen>
<dimen name="layout_y_5">5.0px</dimen>
<dimen name="layout_y_6">6.0px</dimen>
<dimen name="layout_y_7">7.0px</dimen>
<dimen name="layout_y_8">8.0px</dimen>
<dimen name="layout_y_9">10.0px</dimen>
<dimen name="layout_y_10">11.0px</dimen>
<dimen name="layout_y_11">12.0px</dimen>
<dimen name="layout_y_12">13.0px</dimen>
<dimen name="layout_y_13">14.0px</dimen>
<dimen name="layout_y_14">15.0px</dimen>
<dimen name="layout_y_15">16.0px</dimen>
<dimen name="layout_y_16">17.0px</dimen>
<dimen name="layout_y_17">18.0px</dimen>
<dimen name="layout_y_18">20.0px</dimen>
<dimen name="layout_y_19">21.0px</dimen>
<dimen name="layout_y_20">22.0px</dimen>
<dimen name="layout_y_21">23.0px</dimen>
<dimen name="layout_y_22">24.0px</dimen>
<dimen name="layout_y_23">25.0px</dimen>
<dimen name="layout_y_24">26.0px</dimen>
<dimen name="layout_y_25">27.0px</dimen>
<dimen name="layout_y_26">29.0px</dimen>
<dimen name="layout_y_27">30.0px</dimen>
<dimen name="layout_y_28">31.0px</dimen>
<dimen name="layout_y_29">32.0px</dimen>
<dimen name="layout_y_30">33.0px</dimen>
<dimen name="layout_y_31">34.0px</dimen>
<dimen name="layout_y_32">35.0px</dimen>
<dimen name="layout_y_33">36.0px</dimen>
<dimen name="layout_y_34">37.0px</dimen>
<dimen name="layout_y_35">39.0px</dimen>
<dimen name="layout_y_36">40.0px</dimen>
<dimen name="layout_y_37">41.0px</dimen>
<dimen name="layout_y_38">42.0px</dimen>
<dimen name="layout_y_39">43.0px</dimen>
<dimen name="layout_y_40">44.0px</dimen>
<dimen name="layout_y_41">45.0px</dimen>
<dimen name="layout_y_42">46.0px</dimen>
<dimen name="layout_y_43">48.0px</dimen>
<dimen name="layout_y_44">49.0px</dimen>
<dimen name="layout_y_45">50.0px</dimen>
<dimen name="layout_y_46">51.0px</dimen>
<dimen name="layout_y_47">52.0px</dimen>
<dimen name="layout_y_48">53.0px</dimen>
<dimen name="layout_y_49">54.0px</dimen>
<dimen name="layout_y_50">55.0px</dimen>
<dimen name="layout_y_51">56.0px</dimen>
<dimen name="layout_y_52">58.0px</dimen>
<dimen name="layout_y_53">59.0px</dimen>
<dimen name="layout_y_54">60.0px</dimen>
<dimen name="layout_y_55">61.0px</dimen>
<dimen name="layout_y_56">62.0px</dimen>
<dimen name="layout_y_57">63.0px</dimen>
<dimen name="layout_y_58">64.0px</dimen>
<dimen name="layout_y_59">65.0px</dimen>
<dimen name="layout_y_60">67.0px</dimen>
<dimen name="layout_y_61">68.0px</dimen>
<dimen name="layout_y_62">69.0px</dimen>
<dimen name="layout_y_63">70.0px</dimen>
<dimen name="layout_y_64">71.0px</dimen>
<dimen name="layout_y_65">72.0px</dimen>
<dimen name="layout_y_66">73.0px</dimen>
<dimen name="layout_y_67">74.0px</dimen>
<dimen name="layout_y_68">75.0px</dimen>
<dimen name="layout_y_69">77.0px</dimen>
<dimen name="layout_y_70">78.0px</dimen>
<dimen name="layout_y_71">79.0px</dimen>
<dimen name="layout_y_72">80.0px</dimen>
<dimen name="layout_y_73">81.0px</dimen>
<dimen name="layout_y_74">82.0px</dimen>
<dimen name="layout_y_75">83.0px</dimen>
<dimen name="layout_y_76">84.0px</dimen>
<dimen name="layout_y_77">85.0px</dimen>
<dimen name="layout_y_78">87.0px</dimen>
<dimen name="layout_y_79">88.0px</dimen>
<dimen name="layout_y_80">89.0px</dimen>
<dimen name="layout_y_81">90.0px</dimen>
<dimen name="layout_y_82">91.0px</dimen>
<dimen name="layout_y_83">92.0px</dimen>
<dimen name="layout_y_84">93.0px</dimen>
<dimen name="layout_y_85">94.0px</dimen>
<dimen name="layout_y_86">96.0px</dimen>
<dimen name="layout_y_87">97.0px</dimen>
<dimen name="layout_y_88">98.0px</dimen>
<dimen name="layout_y_89">99.0px</dimen>
<dimen name="layout_y_90">100.0px</dimen>
<dimen name="layout_y_91">101.0px</dimen>
<dimen name="layout_y_92">102.0px</dimen>
<dimen name="layout_y_93">103.0px</dimen>
<dimen name="layout_y_94">104.0px</dimen>
<dimen name="layout_y_95">106.0px</dimen>
<dimen name="layout_y_96">107.0px</dimen>
<dimen name="layout_y_97">108.0px</dimen>
<dimen name="layout_y_98">109.0px</dimen>
<dimen name="layout_y_99">110.0px</dimen>
<dimen name="layout_y_100">111.0px</dimen>
<dimen name="layout_y_101">112.0px</dimen>
<dimen name="layout_y_102">113.0px</dimen>
<dimen name="layout_y_103">115.0px</dimen>
<dimen name="layout_y_104">116.0px</dimen>
<dimen name="layout_y_105">117.0px</dimen>
<dimen name="layout_y_106">118.0px</dimen>
<dimen name="layout_y_107">119.0px</dimen>
<dimen name="layout_y_108">120.0px</dimen>
<dimen name="layout_y_109">121.0px</dimen>
<dimen name="layout_y_110">122.0px</dimen>
<dimen name="layout_y_111">123.0px</dimen>
<dimen name="layout_y_112">125.0px</dimen>
<dimen name="layout_y_113">126.0px</dimen>
<dimen name="layout_y_114">127.0px</dimen>
<dimen name="layout_y_115">128.0px</dimen>
<dimen name="layout_y_116">129.0px</dimen>
<dimen name="layout_y_117">130.0px</dimen>
<dimen name="layout_y_118">131.0px</dimen>
<dimen name="layout_y_119">132.0px</dimen>
<dimen name="layout_y_120">134.0px</dimen>
<dimen name="layout_y_121">135.0px</dimen>
<dimen name="layout_y_122">136.0px</dimen>
<dimen name="layout_y_123">137.0px</dimen>
<dimen name="layout_y_124">138.0px</dimen>
<dimen name="layout_y_125">139.0px</dimen>
<dimen name="layout_y_126">140.0px</dimen>
<dimen name="layout_y_127">141.0px</dimen>
<dimen name="layout_y_128">142.0px</dimen>
<dimen name="layout_y_129">144.0px</dimen>
<dimen name="layout_y_130">145.0px</dimen>
<dimen name="layout_y_131">146.0px</dimen>
<dimen name="layout_y_132">147.0px</dimen>
<dimen name="layout_y_133">148.0px</dimen>
<dimen name="layout_y_134">149.0px</dimen>
<dimen name="layout_y_135">150.0px</dimen>
<dimen name="layout_y_136">151.0px</dimen>
<dimen name="layout_y_137">152.0px</dimen>
<dimen name="layout_y_138">154.0px</dimen>
<dimen name="layout_y_139">155.0px</dimen>
<dimen name="layout_y_140">156.0px</dimen>
<dimen name="layout_y_141">157.0px</dimen>
<dimen name="layout_y_142">158.0px</dimen>
<dimen name="layout_y_143">159.0px</dimen>
<dimen name="layout_y_144">160.0px</dimen>
<dimen name="layout_y_145">161.0px</dimen>
<dimen name="layout_y_146">163.0px</dimen>
<dimen name="layout_y_147">164.0px</dimen>
<dimen name="layout_y_148">165.0px</dimen>
<dimen name="layout_y_149">166.0px</dimen>
<dimen name="layout_y_150">167.0px</dimen>
<dimen name="layout_y_151">168.0px</dimen>
<dimen name="layout_y_152">169.0px</dimen>
<dimen name="layout_y_153">170.0px</dimen>
<dimen name="layout_y_154">171.0px</dimen>
<dimen name="layout_y_155">173.0px</dimen>
<dimen name="layout_y_156">174.0px</dimen>
<dimen name="layout_y_157">175.0px</dimen>
<dimen name="layout_y_158">176.0px</dimen>
<dimen name="layout_y_159">177.0px</dimen>
<dimen name="layout_y_160">178.0px</dimen>
<dimen name="layout_y_161">179.0px</dimen>
<dimen name="layout_y_162">180.0px</dimen>
<dimen name="layout_y_163">182.0px</dimen>
<dimen name="layout_y_164">183.0px</dimen>
<dimen name="layout_y_165">184.0px</dimen>
<dimen name="layout_y_166">185.0px</dimen>
<dimen name="layout_y_167">186.0px</dimen>
<dimen name="layout_y_168">187.0px</dimen>
<dimen name="layout_y_169">188.0px</dimen>
<dimen name="layout_y_170">189.0px</dimen>
<dimen name="layout_y_171">190.0px</dimen>
<dimen name="layout_y_172">192.0px</dimen>
<dimen name="layout_y_173">193.0px</dimen>
<dimen name="layout_y_174">194.0px</dimen>
<dimen name="layout_y_175">195.0px</dimen>
<dimen name="layout_y_176">196.0px</dimen>
<dimen name="layout_y_177">197.0px</dimen>
<dimen name="layout_y_178">198.0px</dimen>
<dimen name="layout_y_179">199.0px</dimen>
<dimen name="layout_y_180">201.0px</dimen>
<dimen name="layout_y_181">202.0px</dimen>
<dimen name="layout_y_182">203.0px</dimen>
<dimen name="layout_y_183">204.0px</dimen>
<dimen name="layout_y_184">205.0px</dimen>
<dimen name="layout_y_185">206.0px</dimen>
<dimen name="layout_y_186">207.0px</dimen>
<dimen name="layout_y_187">208.0px</dimen>
<dimen name="layout_y_188">209.0px</dimen>
<dimen name="layout_y_189">211.0px</dimen>
<dimen name="layout_y_190">212.0px</dimen>
<dimen name="layout_y_191">213.0px</dimen>
<dimen name="layout_y_192">214.0px</dimen>
<dimen name="layout_y_193">215.0px</dimen>
<dimen name="layout_y_194">216.0px</dimen>
<dimen name="layout_y_195">217.0px</dimen>
<dimen name="layout_y_196">218.0px</dimen>
<dimen name="layout_y_197">219.0px</dimen>
<dimen name="layout_y_198">221.0px</dimen>
<dimen name="layout_y_199">222.0px</dimen>
<dimen name="layout_y_200">223.0px</dimen>
<dimen name="layout_y_201">224.0px</dimen>
<dimen name="layout_y_202">225.0px</dimen>
<dimen name="layout_y_203">226.0px</dimen>
<dimen name="layout_y_204">227.0px</dimen>
<dimen name="layout_y_205">228.0px</dimen>
<dimen name="layout_y_206">230.0px</dimen>
<dimen name="layout_y_207">231.0px</dimen>
<dimen name="layout_y_208">232.0px</dimen>
<dimen name="layout_y_209">233.0px</dimen>
<dimen name="layout_y_210">234.0px</dimen>
<dimen name="layout_y_211">235.0px</dimen>
<dimen name="layout_y_212">236.0px</dimen>
<dimen name="layout_y_213">237.0px</dimen>
<dimen name="layout_y_214">238.0px</dimen>
<dimen name="layout_y_215">240.0px</dimen>
<dimen name="layout_y_216">241.0px</dimen>
<dimen name="layout_y_217">242.0px</dimen>
<dimen name="layout_y_218">243.0px</dimen>
<dimen name="layout_y_219">244.0px</dimen>
<dimen name="layout_y_220">245.0px</dimen>
<dimen name="layout_y_221">246.0px</dimen>
<dimen name="layout_y_222">247.0px</dimen>
<dimen name="layout_y_223">249.0px</dimen>
<dimen name="layout_y_224">250.0px</dimen>
<dimen name="layout_y_225">251.0px</dimen>
<dimen name="layout_y_226">252.0px</dimen>
<dimen name="layout_y_227">253.0px</dimen>
<dimen name="layout_y_228">254.0px</dimen>
<dimen name="layout_y_229">255.0px</dimen>
<dimen name="layout_y_230">256.0px</dimen>
<dimen name="layout_y_231">257.0px</dimen>
<dimen name="layout_y_232">259.0px</dimen>
<dimen name="layout_y_233">260.0px</dimen>
<dimen name="layout_y_234">261.0px</dimen>
<dimen name="layout_y_235">262.0px</dimen>
<dimen name="layout_y_236">263.0px</dimen>
<dimen name="layout_y_237">264.0px</dimen>
<dimen name="layout_y_238">265.0px</dimen>
<dimen name="layout_y_239">266.0px</dimen>
<dimen name="layout_y_240">268.0px</dimen>
<dimen name="layout_y_241">269.0px</dimen>
<dimen name="layout_y_242">270.0px</dimen>
<dimen name="layout_y_243">271.0px</dimen>
<dimen name="layout_y_244">272.0px</dimen>
<dimen name="layout_y_245">273.0px</dimen>
<dimen name="layout_y_246">274.0px</dimen>
<dimen name="layout_y_247">275.0px</dimen>
<dimen name="layout_y_248">276.0px</dimen>
<dimen name="layout_y_249">278.0px</dimen>
<dimen name="layout_y_250">279.0px</dimen>
<dimen name="layout_y_251">280.0px</dimen>
<dimen name="layout_y_252">281.0px</dimen>
<dimen name="layout_y_253">282.0px</dimen>
<dimen name="layout_y_254">283.0px</dimen>
<dimen name="layout_y_255">284.0px</dimen>
<dimen name="layout_y_256">285.0px</dimen>
<dimen name="layout_y_257">286.0px</dimen>
<dimen name="layout_y_258">288.0px</dimen>
<dimen name="layout_y_259">289.0px</dimen>
<dimen name="layout_y_260">290.0px</dimen>
<dimen name="layout_y_261">291.0px</dimen>
<dimen name="layout_y_262">292.0px</dimen>
<dimen name="layout_y_263">293.0px</dimen>
<dimen name="layout_y_264">294.0px</dimen>
<dimen name="layout_y_265">295.0px</dimen>
<dimen name="layout_y_266">297.0px</dimen>
<dimen name="layout_y_267">298.0px</dimen>
<dimen name="layout_y_268">299.0px</dimen>
<dimen name="layout_y_269">300.0px</dimen>
<dimen name="layout_y_270">301.0px</dimen>
<dimen name="layout_y_271">302.0px</dimen>
<dimen name="layout_y_272">303.0px</dimen>
<dimen name="layout_y_273">304.0px</dimen>
<dimen name="layout_y_274">305.0px</dimen>
<dimen name="layout_y_275">307.0px</dimen>
<dimen name="layout_y_276">308.0px</dimen>
<dimen name="layout_y_277">309.0px</dimen>
<dimen name="layout_y_278">310.0px</dimen>
<dimen name="layout_y_279">311.0px</dimen>
<dimen name="layout_y_280">312.0px</dimen>
<dimen name="layout_y_281">313.0px</dimen>
<dimen name="layout_y_282">314.0px</dimen>
<dimen name="layout_y_283">316.0px</dimen>
<dimen name="layout_y_284">317.0px</dimen>
<dimen name="layout_y_285">318.0px</dimen>
<dimen name="layout_y_286">319.0px</dimen>
<dimen name="layout_y_287">320.0px</dimen>
<dimen name="layout_y_288">321.0px</dimen>
<dimen name="layout_y_289">322.0px</dimen>
<dimen name="layout_y_290">323.0px</dimen>
<dimen name="layout_y_291">324.0px</dimen>
<dimen name="layout_y_292">326.0px</dimen>
<dimen name="layout_y_293">327.0px</dimen>
<dimen name="layout_y_294">328.0px</dimen>
<dimen name="layout_y_295">329.0px</dimen>
<dimen name="layout_y_296">330.0px</dimen>
<dimen name="layout_y_297">331.0px</dimen>
<dimen name="layout_y_298">332.0px</dimen>
<dimen name="layout_y_299">333.0px</dimen>
<dimen name="layout_y_300">335.0px</dimen>
<dimen name="layout_y_301">336.0px</dimen>
<dimen name="layout_y_302">337.0px</dimen>
<dimen name="layout_y_303">338.0px</dimen>
<dimen name="layout_y_304">339.0px</dimen>
<dimen name="layout_y_305">340.0px</dimen>
<dimen name="layout_y_306">341.0px</dimen>
<dimen name="layout_y_307">342.0px</dimen>
<dimen name="layout_y_308">343.0px</dimen>
<dimen name="layout_y_309">345.0px</dimen>
<dimen name="layout_y_310">346.0px</dimen>
<dimen name="layout_y_311">347.0px</dimen>
<dimen name="layout_y_312">348.0px</dimen>
<dimen name="layout_y_313">349.0px</dimen>
<dimen name="layout_y_314">350.0px</dimen>
<dimen name="layout_y_315">351.0px</dimen>
<dimen name="layout_y_316">352.0px</dimen>
<dimen name="layout_y_317">353.0px</dimen>
<dimen name="layout_y_318">355.0px</dimen>
<dimen name="layout_y_319">356.0px</dimen>
<dimen name="layout_y_320">357.0px</dimen>
<dimen name="layout_y_321">358.0px</dimen>
<dimen name="layout_y_322">359.0px</dimen>
<dimen name="layout_y_323">360.0px</dimen>
<dimen name="layout_y_324">361.0px</dimen>
<dimen name="layout_y_325">362.0px</dimen>
<dimen name="layout_y_326">364.0px</dimen>
<dimen name="layout_y_327">365.0px</dimen>
<dimen name="layout_y_328">366.0px</dimen>
<dimen name="layout_y_329">367.0px</dimen>
<dimen name="layout_y_330">368.0px</dimen>
<dimen name="layout_y_331">369.0px</dimen>
<dimen name="layout_y_332">370.0px</dimen>
<dimen name="layout_y_333">371.0px</dimen>
<dimen name="layout_y_334">372.0px</dimen>
<dimen name="layout_y_335">374.0px</dimen>
<dimen name="layout_y_336">375.0px</dimen>
<dimen name="layout_y_337">376.0px</dimen>
<dimen name="layout_y_338">377.0px</dimen>
<dimen name="layout_y_339">378.0px</dimen>
<dimen name="layout_y_340">379.0px</dimen>
<dimen name="layout_y_341">380.0px</dimen>
<dimen name="layout_y_342">381.0px</dimen>
<dimen name="layout_y_343">383.0px</dimen>
<dimen name="layout_y_344">384.0px</dimen>
<dimen name="layout_y_345">385.0px</dimen>
<dimen name="layout_y_346">386.0px</dimen>
<dimen name="layout_y_347">387.0px</dimen>
<dimen name="layout_y_348">388.0px</dimen>
<dimen name="layout_y_349">389.0px</dimen>
<dimen name="layout_y_350">390.0px</dimen>
<dimen name="layout_y_351">391.0px</dimen>
<dimen name="layout_y_352">393.0px</dimen>
<dimen name="layout_y_353">394.0px</dimen>
<dimen name="layout_y_354">395.0px</dimen>
<dimen name="layout_y_355">396.0px</dimen>
<dimen name="layout_y_356">397.0px</dimen>
<dimen name="layout_y_357">398.0px</dimen>
<dimen name="layout_y_358">399.0px</dimen>
<dimen name="layout_y_359">400.0px</dimen>
<dimen name="layout_y_360">402.0px</dimen>
<dimen name="layout_y_361">403.0px</dimen>
<dimen name="layout_y_362">404.0px</dimen>
<dimen name="layout_y_363">405.0px</dimen>
<dimen name="layout_y_364">406.0px</dimen>
<dimen name="layout_y_365">407.0px</dimen>
<dimen name="layout_y_366">408.0px</dimen>
<dimen name="layout_y_367">409.0px</dimen>
<dimen name="layout_y_368">410.0px</dimen>
<dimen name="layout_y_369">412.0px</dimen>
<dimen name="layout_y_370">413.0px</dimen>
<dimen name="layout_y_371">414.0px</dimen>
<dimen name="layout_y_372">415.0px</dimen>
<dimen name="layout_y_373">416.0px</dimen>
<dimen name="layout_y_374">417.0px</dimen>
<dimen name="layout_y_375">418.0px</dimen>
<dimen name="layout_y_376">419.0px</dimen>
<dimen name="layout_y_377">420.0px</dimen>
<dimen name="layout_y_378">422.0px</dimen>
<dimen name="layout_y_379">423.0px</dimen>
<dimen name="layout_y_380">424.0px</dimen>
<dimen name="layout_y_381">425.0px</dimen>
<dimen name="layout_y_382">426.0px</dimen>
<dimen name="layout_y_383">427.0px</dimen>
<dimen name="layout_y_384">428.0px</dimen>
<dimen name="layout_y_385">429.0px</dimen>
<dimen name="layout_y_386">431.0px</dimen>
<dimen name="layout_y_387">432.0px</dimen>
<dimen name="layout_y_388">433.0px</dimen>
<dimen name="layout_y_389">434.0px</dimen>
<dimen name="layout_y_390">435.0px</dimen>
<dimen name="layout_y_391">436.0px</dimen>
<dimen name="layout_y_392">437.0px</dimen>
<dimen name="layout_y_393">438.0px</dimen>
<dimen name="layout_y_394">439.0px</dimen>
<dimen name="layout_y_395">441.0px</dimen>
<dimen name="layout_y_396">442.0px</dimen>
<dimen name="layout_y_397">443.0px</dimen>
<dimen name="layout_y_398">444.0px</dimen>
<dimen name="layout_y_399">445.0px</dimen>
<dimen name="layout_y_400">446.0px</dimen>
<dimen name="layout_y_401">447.0px</dimen>
<dimen name="layout_y_402">448.0px</dimen>
<dimen name="layout_y_403">450.0px</dimen>
<dimen name="layout_y_404">451.0px</dimen>
<dimen name="layout_y_405">452.0px</dimen>
<dimen name="layout_y_406">453.0px</dimen>
<dimen name="layout_y_407">454.0px</dimen>
<dimen name="layout_y_408">455.0px</dimen>
<dimen name="layout_y_409">456.0px</dimen>
<dimen name="layout_y_410">457.0px</dimen>
<dimen name="layout_y_411">458.0px</dimen>
<dimen name="layout_y_412">460.0px</dimen>
<dimen name="layout_y_413">461.0px</dimen>
<dimen name="layout_y_414">462.0px</dimen>
<dimen name="layout_y_415">463.0px</dimen>
<dimen name="layout_y_416">464.0px</dimen>
<dimen name="layout_y_417">465.0px</dimen>
<dimen name="layout_y_418">466.0px</dimen>
<dimen name="layout_y_419">467.0px</dimen>
<dimen name="layout_y_420">469.0px</dimen>
<dimen name="layout_y_421">470.0px</dimen>
<dimen name="layout_y_422">471.0px</dimen>
<dimen name="layout_y_423">472.0px</dimen>
<dimen name="layout_y_424">473.0px</dimen>
<dimen name="layout_y_425">474.0px</dimen>
<dimen name="layout_y_426">475.0px</dimen>
<dimen name="layout_y_427">476.0px</dimen>
<dimen name="layout_y_428">477.0px</dimen>
<dimen name="layout_y_429">479.0px</dimen>
<dimen name="layout_y_430">480.0px</dimen>
<dimen name="layout_y_431">481.0px</dimen>
<dimen name="layout_y_432">482.0px</dimen>
<dimen name="layout_y_433">483.0px</dimen>
<dimen name="layout_y_434">484.0px</dimen>
<dimen name="layout_y_435">485.0px</dimen>
<dimen name="layout_y_436">486.0px</dimen>
<dimen name="layout_y_437">487.0px</dimen>
<dimen name="layout_y_438">489.0px</dimen>
<dimen name="layout_y_439">490.0px</dimen>
<dimen name="layout_y_440">491.0px</dimen>
<dimen name="layout_y_441">492.0px</dimen>
<dimen name="layout_y_442">493.0px</dimen>
<dimen name="layout_y_443">494.0px</dimen>
<dimen name="layout_y_444">495.0px</dimen>
<dimen name="layout_y_445">496.0px</dimen>
<dimen name="layout_y_446">498.0px</dimen>
<dimen name="layout_y_447">499.0px</dimen>
<dimen name="layout_y_448">500.0px</dimen>
<dimen name="layout_y_449">501.0px</dimen>
<dimen name="layout_y_450">502.0px</dimen>
<dimen name="layout_y_451">503.0px</dimen>
<dimen name="layout_y_452">504.0px</dimen>
<dimen name="layout_y_453">505.0px</dimen>
<dimen name="layout_y_454">506.0px</dimen>
<dimen name="layout_y_455">508.0px</dimen>
<dimen name="layout_y_456">509.0px</dimen>
<dimen name="layout_y_457">510.0px</dimen>
<dimen name="layout_y_458">511.0px</dimen>
<dimen name="layout_y_459">512.0px</dimen>
<dimen name="layout_y_460">513.0px</dimen>
<dimen name="layout_y_461">514.0px</dimen>
<dimen name="layout_y_462">515.0px</dimen>
<dimen name="layout_y_463">517.0px</dimen>
<dimen name="layout_y_464">518.0px</dimen>
<dimen name="layout_y_465">519.0px</dimen>
<dimen name="layout_y_466">520.0px</dimen>
<dimen name="layout_y_467">521.0px</dimen>
<dimen name="layout_y_468">522.0px</dimen>
<dimen name="layout_y_469">523.0px</dimen>
<dimen name="layout_y_470">524.0px</dimen>
<dimen name="layout_y_471">525.0px</dimen>
<dimen name="layout_y_472">527.0px</dimen>
<dimen name="layout_y_473">528.0px</dimen>
<dimen name="layout_y_474">529.0px</dimen>
<dimen name="layout_y_475">530.0px</dimen>
<dimen name="layout_y_476">531.0px</dimen>
<dimen name="layout_y_477">532.0px</dimen>
<dimen name="layout_y_478">533.0px</dimen>
<dimen name="layout_y_479">534.0px</dimen>
<dimen name="layout_y_480">536.0px</dimen>
<dimen name="layout_y_481">537.0px</dimen>
<dimen name="layout_y_482">538.0px</dimen>
<dimen name="layout_y_483">539.0px</dimen>
<dimen name="layout_y_484">540.0px</dimen>
<dimen name="layout_y_485">541.0px</dimen>
<dimen name="layout_y_486">542.0px</dimen>
<dimen name="layout_y_487">543.0px</dimen>
<dimen name="layout_y_488">544.0px</dimen>
<dimen name="layout_y_489">546.0px</dimen>
<dimen name="layout_y_490">547.0px</dimen>
<dimen name="layout_y_491">548.0px</dimen>
<dimen name="layout_y_492">549.0px</dimen>
<dimen name="layout_y_493">550.0px</dimen>
<dimen name="layout_y_494">551.0px</dimen>
<dimen name="layout_y_495">552.0px</dimen>
<dimen name="layout_y_496">553.0px</dimen>
<dimen name="layout_y_497">554.0px</dimen>
<dimen name="layout_y_498">556.0px</dimen>
<dimen name="layout_y_499">557.0px</dimen>
<dimen name="layout_y_500">558.0px</dimen>
<dimen name="layout_y_501">559.0px</dimen>
<dimen name="layout_y_502">560.0px</dimen>
<dimen name="layout_y_503">561.0px</dimen>
<dimen name="layout_y_504">562.0px</dimen>
<dimen name="layout_y_505">563.0px</dimen>
<dimen name="layout_y_506">565.0px</dimen>
<dimen name="layout_y_507">566.0px</dimen>
<dimen name="layout_y_508">567.0px</dimen>
<dimen name="layout_y_509">568.0px</dimen>
<dimen name="layout_y_510">569.0px</dimen>
<dimen name="layout_y_511">570.0px</dimen>
<dimen name="layout_y_512">571.0px</dimen>
<dimen name="layout_y_513">572.0px</dimen>
<dimen name="layout_y_514">573.0px</dimen>
<dimen name="layout_y_515">575.0px</dimen>
<dimen name="layout_y_516">576.0px</dimen>
<dimen name="layout_y_517">577.0px</dimen>
<dimen name="layout_y_518">578.0px</dimen>
<dimen name="layout_y_519">579.0px</dimen>
<dimen name="layout_y_520">580.0px</dimen>
<dimen name="layout_y_521">581.0px</dimen>
<dimen name="layout_y_522">582.0px</dimen>
<dimen name="layout_y_523">584.0px</dimen>
<dimen name="layout_y_524">585.0px</dimen>
<dimen name="layout_y_525">586.0px</dimen>
<dimen name="layout_y_526">587.0px</dimen>
<dimen name="layout_y_527">588.0px</dimen>
<dimen name="layout_y_528">589.0px</dimen>
<dimen name="layout_y_529">590.0px</dimen>
<dimen name="layout_y_530">591.0px</dimen>
<dimen name="layout_y_531">592.0px</dimen>
<dimen name="layout_y_532">594.0px</dimen>
<dimen name="layout_y_533">595.0px</dimen>
<dimen name="layout_y_534">596.0px</dimen>
<dimen name="layout_y_535">597.0px</dimen>
<dimen name="layout_y_536">598.0px</dimen>
<dimen name="layout_y_537">599.0px</dimen>
<dimen name="layout_y_538">600.0px</dimen>
<dimen name="layout_y_539">601.0px</dimen>
<dimen name="layout_y_540">603.0px</dimen>
<dimen name="layout_y_541">604.0px</dimen>
<dimen name="layout_y_542">605.0px</dimen>
<dimen name="layout_y_543">606.0px</dimen>
<dimen name="layout_y_544">607.0px</dimen>
<dimen name="layout_y_545">608.0px</dimen>
<dimen name="layout_y_546">609.0px</dimen>
<dimen name="layout_y_547">610.0px</dimen>
<dimen name="layout_y_548">611.0px</dimen>
<dimen name="layout_y_549">613.0px</dimen>
<dimen name="layout_y_550">614.0px</dimen>
<dimen name="layout_y_551">615.0px</dimen>
<dimen name="layout_y_552">616.0px</dimen>
<dimen name="layout_y_553">617.0px</dimen>
<dimen name="layout_y_554">618.0px</dimen>
<dimen name="layout_y_555">619.0px</dimen>
<dimen name="layout_y_556">620.0px</dimen>
<dimen name="layout_y_557">621.0px</dimen>
<dimen name="layout_y_558">623.0px</dimen>
<dimen name="layout_y_559">624.0px</dimen>
<dimen name="layout_y_560">625.0px</dimen>
<dimen name="layout_y_561">626.0px</dimen>
<dimen name="layout_y_562">627.0px</dimen>
<dimen name="layout_y_563">628.0px</dimen>
<dimen name="layout_y_564">629.0px</dimen>
<dimen name="layout_y_565">630.0px</dimen>
<dimen name="layout_y_566">632.0px</dimen>
<dimen name="layout_y_567">633.0px</dimen>
<dimen name="layout_y_568">634.0px</dimen>
<dimen name="layout_y_569">635.0px</dimen>
<dimen name="layout_y_570">636.0px</dimen>
<dimen name="layout_y_571">637.0px</dimen>
<dimen name="layout_y_572">638.0px</dimen>
<dimen name="layout_y_573">639.0px</dimen>
<dimen name="layout_y_574">640.0px</dimen>
<dimen name="layout_y_575">642.0px</dimen>
<dimen name="layout_y_576">643.0px</dimen>
<dimen name="layout_y_577">644.0px</dimen>
<dimen name="layout_y_578">645.0px</dimen>
<dimen name="layout_y_579">646.0px</dimen>
<dimen name="layout_y_580">647.0px</dimen>
<dimen name="layout_y_581">648.0px</dimen>
<dimen name="layout_y_582">649.0px</dimen>
<dimen name="layout_y_583">651.0px</dimen>
<dimen name="layout_y_584">652.0px</dimen>
<dimen name="layout_y_585">653.0px</dimen>
<dimen name="layout_y_586">654.0px</dimen>
<dimen name="layout_y_587">655.0px</dimen>
<dimen name="layout_y_588">656.0px</dimen>
<dimen name="layout_y_589">657.0px</dimen>
<dimen name="layout_y_590">658.0px</dimen>
<dimen name="layout_y_591">659.0px</dimen>
<dimen name="layout_y_592">661.0px</dimen>
<dimen name="layout_y_593">662.0px</dimen>
<dimen name="layout_y_594">663.0px</dimen>
<dimen name="layout_y_595">664.0px</dimen>
<dimen name="layout_y_596">665.0px</dimen>
<dimen name="layout_y_597">666.0px</dimen>
<dimen name="layout_y_598">667.0px</dimen>
<dimen name="layout_y_599">668.0px</dimen>
<dimen name="layout_y_600">670.0px</dimen>
<dimen name="layout_y_601">671.0px</dimen>
<dimen name="layout_y_602">672.0px</dimen>
<dimen name="layout_y_603">673.0px</dimen>
<dimen name="layout_y_604">674.0px</dimen>
<dimen name="layout_y_605">675.0px</dimen>
<dimen name="layout_y_606">676.0px</dimen>
<dimen name="layout_y_607">677.0px</dimen>
<dimen name="layout_y_608">678.0px</dimen>
<dimen name="layout_y_609">680.0px</dimen>
<dimen name="layout_y_610">681.0px</dimen>
<dimen name="layout_y_611">682.0px</dimen>
<dimen name="layout_y_612">683.0px</dimen>
<dimen name="layout_y_613">684.0px</dimen>
<dimen name="layout_y_614">685.0px</dimen>
<dimen name="layout_y_615">686.0px</dimen>
<dimen name="layout_y_616">687.0px</dimen>
<dimen name="layout_y_617">688.0px</dimen>
<dimen name="layout_y_618">690.0px</dimen>
<dimen name="layout_y_619">691.0px</dimen>
<dimen name="layout_y_620">692.0px</dimen>
<dimen name="layout_y_621">693.0px</dimen>
<dimen name="layout_y_622">694.0px</dimen>
<dimen name="layout_y_623">695.0px</dimen>
<dimen name="layout_y_624">696.0px</dimen>
<dimen name="layout_y_625">697.0px</dimen>
<dimen name="layout_y_626">699.0px</dimen>
<dimen name="layout_y_627">700.0px</dimen>
<dimen name="layout_y_628">701.0px</dimen>
<dimen name="layout_y_629">702.0px</dimen>
<dimen name="layout_y_630">703.0px</dimen>
<dimen name="layout_y_631">704.0px</dimen>
<dimen name="layout_y_632">705.0px</dimen>
<dimen name="layout_y_633">706.0px</dimen>
<dimen name="layout_y_634">707.0px</dimen>
<dimen name="layout_y_635">709.0px</dimen>
<dimen name="layout_y_636">710.0px</dimen>
<dimen name="layout_y_637">711.0px</dimen>
<dimen name="layout_y_638">712.0px</dimen>
<dimen name="layout_y_639">713.0px</dimen>
<dimen name="layout_y_640">714.0px</dimen>
<dimen name="layout_y_641">715.0px</dimen>
<dimen name="layout_y_642">716.0px</dimen>
<dimen name="layout_y_643">718.0px</dimen>
<dimen name="layout_y_644">719.0px</dimen>
<dimen name="layout_y_645">720.0px</dimen>
<dimen name="layout_y_646">721.0px</dimen>
<dimen name="layout_y_647">722.0px</dimen>
<dimen name="layout_y_648">723.0px</dimen>
<dimen name="layout_y_649">724.0px</dimen>
<dimen name="layout_y_650">725.0px</dimen>
<dimen name="layout_y_651">726.0px</dimen>
<dimen name="layout_y_652">728.0px</dimen>
<dimen name="layout_y_653">729.0px</dimen>
<dimen name="layout_y_654">730.0px</dimen>
<dimen name="layout_y_655">731.0px</dimen>
<dimen name="layout_y_656">732.0px</dimen>
<dimen name="layout_y_657">733.0px</dimen>
<dimen name="layout_y_658">734.0px</dimen>
<dimen name="layout_y_659">735.0px</dimen>
<dimen name="layout_y_660">737.0px</dimen>
<dimen name="layout_y_661">738.0px</dimen>
<dimen name="layout_y_662">739.0px</dimen>
<dimen name="layout_y_663">740.0px</dimen>
<dimen name="layout_y_664">741.0px</dimen>
<dimen name="layout_y_665">742.0px</dimen>
<dimen name="layout_y_666">743.0px</dimen>
<dimen name="layout_y_667">744.0px</dimen>
<dimen name="layout_y_668">745.0px</dimen>
<dimen name="layout_y_669">747.0px</dimen>
<dimen name="layout_y_670">748.0px</dimen>
<dimen name="layout_y_671">749.0px</dimen>
<dimen name="layout_y_672">750.0px</dimen>
<dimen name="layout_y_673">751.0px</dimen>
<dimen name="layout_y_674">752.0px</dimen>
<dimen name="layout_y_675">753.0px</dimen>
<dimen name="layout_y_676">754.0px</dimen>
<dimen name="layout_y_677">755.0px</dimen>
<dimen name="layout_y_678">757.0px</dimen>
<dimen name="layout_y_679">758.0px</dimen>
<dimen name="layout_y_680">759.0px</dimen>
<dimen name="layout_y_681">760.0px</dimen>
<dimen name="layout_y_682">761.0px</dimen>
<dimen name="layout_y_683">762.0px</dimen>
<dimen name="layout_y_684">763.0px</dimen>
<dimen name="layout_y_685">764.0px</dimen>
<dimen name="layout_y_686">766.0px</dimen>
<dimen name="layout_y_687">767.0px</dimen>
<dimen name="layout_y_688">768.0px</dimen>
<dimen name="layout_y_689">769.0px</dimen>
<dimen name="layout_y_690">770.0px</dimen>
<dimen name="layout_y_691">771.0px</dimen>
<dimen name="layout_y_692">772.0px</dimen>
<dimen name="layout_y_693">773.0px</dimen>
<dimen name="layout_y_694">774.0px</dimen>
<dimen name="layout_y_695">776.0px</dimen>
<dimen name="layout_y_696">777.0px</dimen>
<dimen name="layout_y_697">778.0px</dimen>
<dimen name="layout_y_698">779.0px</dimen>
<dimen name="layout_y_699">780.0px</dimen>
<dimen name="layout_y_700">781.0px</dimen>
<dimen name="layout_y_701">782.0px</dimen>
<dimen name="layout_y_702">783.0px</dimen>
<dimen name="layout_y_703">785.0px</dimen>
<dimen name="layout_y_704">786.0px</dimen>
<dimen name="layout_y_705">787.0px</dimen>
<dimen name="layout_y_706">788.0px</dimen>
<dimen name="layout_y_707">789.0px</dimen>
<dimen name="layout_y_708">790.0px</dimen>
<dimen name="layout_y_709">791.0px</dimen>
<dimen name="layout_y_710">792.0px</dimen>
<dimen name="layout_y_711">793.0px</dimen>
<dimen name="layout_y_712">795.0px</dimen>
<dimen name="layout_y_713">796.0px</dimen>
<dimen name="layout_y_714">797.0px</dimen>
<dimen name="layout_y_715">798.0px</dimen>
<dimen name="layout_y_716">799.0px</dimen>
<dimen name="layout_y_717">800.0px</dimen>
<dimen name="layout_y_718">801.0px</dimen>
<dimen name="layout_y_719">802.0px</dimen>
<dimen name="layout_y_720">804.0px</dimen>
<dimen name="layout_y_721">805.0px</dimen>
<dimen name="layout_y_722">806.0px</dimen>
<dimen name="layout_y_723">807.0px</dimen>
<dimen name="layout_y_724">808.0px</dimen>
<dimen name="layout_y_725">809.0px</dimen>
<dimen name="layout_y_726">810.0px</dimen>
<dimen name="layout_y_727">811.0px</dimen>
<dimen name="layout_y_728">812.0px</dimen>
<dimen name="layout_y_729">814.0px</dimen>
<dimen name="layout_y_730">815.0px</dimen>
<dimen name="layout_y_731">816.0px</dimen>
<dimen name="layout_y_732">817.0px</dimen>
<dimen name="layout_y_733">818.0px</dimen>
<dimen name="layout_y_734">819.0px</dimen>
<dimen name="layout_y_735">820.0px</dimen>
<dimen name="layout_y_736">821.0px</dimen>
<dimen name="layout_y_737">822.0px</dimen>
<dimen name="layout_y_738">824.0px</dimen>
<dimen name="layout_y_739">825.0px</dimen>
<dimen name="layout_y_740">826.0px</dimen>
<dimen name="layout_y_741">827.0px</dimen>
<dimen name="layout_y_742">828.0px</dimen>
<dimen name="layout_y_743">829.0px</dimen>
<dimen name="layout_y_744">830.0px</dimen>
<dimen name="layout_y_745">831.0px</dimen>
<dimen name="layout_y_746">833.0px</dimen>
<dimen name="layout_y_747">834.0px</dimen>
<dimen name="layout_y_748">835.0px</dimen>
<dimen name="layout_y_749">836.0px</dimen>
<dimen name="layout_y_750">837.0px</dimen>
<dimen name="layout_y_751">838.0px</dimen>
<dimen name="layout_y_752">839.0px</dimen>
<dimen name="layout_y_753">840.0px</dimen>
<dimen name="layout_y_754">841.0px</dimen>
<dimen name="layout_y_755">843.0px</dimen>
<dimen name="layout_y_756">844.0px</dimen>
<dimen name="layout_y_757">845.0px</dimen>
<dimen name="layout_y_758">846.0px</dimen>
<dimen name="layout_y_759">847.0px</dimen>
<dimen name="layout_y_760">848.0px</dimen>
<dimen name="layout_y_761">849.0px</dimen>
<dimen name="layout_y_762">850.0px</dimen>
<dimen name="layout_y_763">852.0px</dimen>
<dimen name="layout_y_764">853.0px</dimen>
<dimen name="layout_y_765">854.0px</dimen>
<dimen name="layout_y_766">855.0px</dimen>
<dimen name="layout_y_767">856.0px</dimen>
<dimen name="layout_y_768">857.0px</dimen>
<dimen name="layout_y_769">858.0px</dimen>
<dimen name="layout_y_770">859.0px</dimen>
<dimen name="layout_y_771">860.0px</dimen>
<dimen name="layout_y_772">862.0px</dimen>
<dimen name="layout_y_773">863.0px</dimen>
<dimen name="layout_y_774">864.0px</dimen>
<dimen name="layout_y_775">865.0px</dimen>
<dimen name="layout_y_776">866.0px</dimen>
<dimen name="layout_y_777">867.0px</dimen>
<dimen name="layout_y_778">868.0px</dimen>
<dimen name="layout_y_779">869.0px</dimen>
<dimen name="layout_y_780">871.0px</dimen>
<dimen name="layout_y_781">872.0px</dimen>
<dimen name="layout_y_782">873.0px</dimen>
<dimen name="layout_y_783">874.0px</dimen>
<dimen name="layout_y_784">875.0px</dimen>
<dimen name="layout_y_785">876.0px</dimen>
<dimen name="layout_y_786">877.0px</dimen>
<dimen name="layout_y_787">878.0px</dimen>
<dimen name="layout_y_788">879.0px</dimen>
<dimen name="layout_y_789">881.0px</dimen>
<dimen name="layout_y_790">882.0px</dimen>
<dimen name="layout_y_791">883.0px</dimen>
<dimen name="layout_y_792">884.0px</dimen>
<dimen name="layout_y_793">885.0px</dimen>
<dimen name="layout_y_794">886.0px</dimen>
<dimen name="layout_y_795">887.0px</dimen>
<dimen name="layout_y_796">888.0px</dimen>
<dimen name="layout_y_797">889.0px</dimen>
<dimen name="layout_y_798">891.0px</dimen>
<dimen name="layout_y_799">892.0px</dimen>
<dimen name="layout_y_800">800px</dimen>
</resources>