<?xml version="1.0" encoding="utf-8"?>
<resources><dimen name="layout_y_0">0.0px</dimen>
<dimen name="layout_y_1">1.0px</dimen>
<dimen name="layout_y_2">2.0px</dimen>
<dimen name="layout_y_3">3.0px</dimen>
<dimen name="layout_y_4">4.0px</dimen>
<dimen name="layout_y_5">5.0px</dimen>
<dimen name="layout_y_6">7.0px</dimen>
<dimen name="layout_y_7">8.0px</dimen>
<dimen name="layout_y_8">9.0px</dimen>
<dimen name="layout_y_9">10.0px</dimen>
<dimen name="layout_y_10">11.0px</dimen>
<dimen name="layout_y_11">13.0px</dimen>
<dimen name="layout_y_12">14.0px</dimen>
<dimen name="layout_y_13">15.0px</dimen>
<dimen name="layout_y_14">16.0px</dimen>
<dimen name="layout_y_15">17.0px</dimen>
<dimen name="layout_y_16">19.0px</dimen>
<dimen name="layout_y_17">20.0px</dimen>
<dimen name="layout_y_18">21.0px</dimen>
<dimen name="layout_y_19">22.0px</dimen>
<dimen name="layout_y_20">23.0px</dimen>
<dimen name="layout_y_21">25.0px</dimen>
<dimen name="layout_y_22">26.0px</dimen>
<dimen name="layout_y_23">27.0px</dimen>
<dimen name="layout_y_24">28.0px</dimen>
<dimen name="layout_y_25">29.0px</dimen>
<dimen name="layout_y_26">30.0px</dimen>
<dimen name="layout_y_27">32.0px</dimen>
<dimen name="layout_y_28">33.0px</dimen>
<dimen name="layout_y_29">34.0px</dimen>
<dimen name="layout_y_30">35.0px</dimen>
<dimen name="layout_y_31">36.0px</dimen>
<dimen name="layout_y_32">38.0px</dimen>
<dimen name="layout_y_33">39.0px</dimen>
<dimen name="layout_y_34">40.0px</dimen>
<dimen name="layout_y_35">41.0px</dimen>
<dimen name="layout_y_36">42.0px</dimen>
<dimen name="layout_y_37">44.0px</dimen>
<dimen name="layout_y_38">45.0px</dimen>
<dimen name="layout_y_39">46.0px</dimen>
<dimen name="layout_y_40">47.0px</dimen>
<dimen name="layout_y_41">48.0px</dimen>
<dimen name="layout_y_42">50.0px</dimen>
<dimen name="layout_y_43">51.0px</dimen>
<dimen name="layout_y_44">52.0px</dimen>
<dimen name="layout_y_45">53.0px</dimen>
<dimen name="layout_y_46">54.0px</dimen>
<dimen name="layout_y_47">56.0px</dimen>
<dimen name="layout_y_48">57.0px</dimen>
<dimen name="layout_y_49">58.0px</dimen>
<dimen name="layout_y_50">59.0px</dimen>
<dimen name="layout_y_51">60.0px</dimen>
<dimen name="layout_y_52">61.0px</dimen>
<dimen name="layout_y_53">63.0px</dimen>
<dimen name="layout_y_54">64.0px</dimen>
<dimen name="layout_y_55">65.0px</dimen>
<dimen name="layout_y_56">66.0px</dimen>
<dimen name="layout_y_57">67.0px</dimen>
<dimen name="layout_y_58">69.0px</dimen>
<dimen name="layout_y_59">70.0px</dimen>
<dimen name="layout_y_60">71.0px</dimen>
<dimen name="layout_y_61">72.0px</dimen>
<dimen name="layout_y_62">73.0px</dimen>
<dimen name="layout_y_63">75.0px</dimen>
<dimen name="layout_y_64">76.0px</dimen>
<dimen name="layout_y_65">77.0px</dimen>
<dimen name="layout_y_66">78.0px</dimen>
<dimen name="layout_y_67">79.0px</dimen>
<dimen name="layout_y_68">81.0px</dimen>
<dimen name="layout_y_69">82.0px</dimen>
<dimen name="layout_y_70">83.0px</dimen>
<dimen name="layout_y_71">84.0px</dimen>
<dimen name="layout_y_72">85.0px</dimen>
<dimen name="layout_y_73">87.0px</dimen>
<dimen name="layout_y_74">88.0px</dimen>
<dimen name="layout_y_75">89.0px</dimen>
<dimen name="layout_y_76">90.0px</dimen>
<dimen name="layout_y_77">91.0px</dimen>
<dimen name="layout_y_78">92.0px</dimen>
<dimen name="layout_y_79">94.0px</dimen>
<dimen name="layout_y_80">95.0px</dimen>
<dimen name="layout_y_81">96.0px</dimen>
<dimen name="layout_y_82">97.0px</dimen>
<dimen name="layout_y_83">98.0px</dimen>
<dimen name="layout_y_84">100.0px</dimen>
<dimen name="layout_y_85">101.0px</dimen>
<dimen name="layout_y_86">102.0px</dimen>
<dimen name="layout_y_87">103.0px</dimen>
<dimen name="layout_y_88">104.0px</dimen>
<dimen name="layout_y_89">106.0px</dimen>
<dimen name="layout_y_90">107.0px</dimen>
<dimen name="layout_y_91">108.0px</dimen>
<dimen name="layout_y_92">109.0px</dimen>
<dimen name="layout_y_93">110.0px</dimen>
<dimen name="layout_y_94">112.0px</dimen>
<dimen name="layout_y_95">113.0px</dimen>
<dimen name="layout_y_96">114.0px</dimen>
<dimen name="layout_y_97">115.0px</dimen>
<dimen name="layout_y_98">116.0px</dimen>
<dimen name="layout_y_99">118.0px</dimen>
<dimen name="layout_y_100">119.0px</dimen>
<dimen name="layout_y_101">120.0px</dimen>
<dimen name="layout_y_102">121.0px</dimen>
<dimen name="layout_y_103">122.0px</dimen>
<dimen name="layout_y_104">123.0px</dimen>
<dimen name="layout_y_105">125.0px</dimen>
<dimen name="layout_y_106">126.0px</dimen>
<dimen name="layout_y_107">127.0px</dimen>
<dimen name="layout_y_108">128.0px</dimen>
<dimen name="layout_y_109">129.0px</dimen>
<dimen name="layout_y_110">131.0px</dimen>
<dimen name="layout_y_111">132.0px</dimen>
<dimen name="layout_y_112">133.0px</dimen>
<dimen name="layout_y_113">134.0px</dimen>
<dimen name="layout_y_114">135.0px</dimen>
<dimen name="layout_y_115">137.0px</dimen>
<dimen name="layout_y_116">138.0px</dimen>
<dimen name="layout_y_117">139.0px</dimen>
<dimen name="layout_y_118">140.0px</dimen>
<dimen name="layout_y_119">141.0px</dimen>
<dimen name="layout_y_120">143.0px</dimen>
<dimen name="layout_y_121">144.0px</dimen>
<dimen name="layout_y_122">145.0px</dimen>
<dimen name="layout_y_123">146.0px</dimen>
<dimen name="layout_y_124">147.0px</dimen>
<dimen name="layout_y_125">149.0px</dimen>
<dimen name="layout_y_126">150.0px</dimen>
<dimen name="layout_y_127">151.0px</dimen>
<dimen name="layout_y_128">152.0px</dimen>
<dimen name="layout_y_129">153.0px</dimen>
<dimen name="layout_y_130">154.0px</dimen>
<dimen name="layout_y_131">156.0px</dimen>
<dimen name="layout_y_132">157.0px</dimen>
<dimen name="layout_y_133">158.0px</dimen>
<dimen name="layout_y_134">159.0px</dimen>
<dimen name="layout_y_135">160.0px</dimen>
<dimen name="layout_y_136">162.0px</dimen>
<dimen name="layout_y_137">163.0px</dimen>
<dimen name="layout_y_138">164.0px</dimen>
<dimen name="layout_y_139">165.0px</dimen>
<dimen name="layout_y_140">166.0px</dimen>
<dimen name="layout_y_141">168.0px</dimen>
<dimen name="layout_y_142">169.0px</dimen>
<dimen name="layout_y_143">170.0px</dimen>
<dimen name="layout_y_144">171.0px</dimen>
<dimen name="layout_y_145">172.0px</dimen>
<dimen name="layout_y_146">174.0px</dimen>
<dimen name="layout_y_147">175.0px</dimen>
<dimen name="layout_y_148">176.0px</dimen>
<dimen name="layout_y_149">177.0px</dimen>
<dimen name="layout_y_150">178.0px</dimen>
<dimen name="layout_y_151">179.0px</dimen>
<dimen name="layout_y_152">181.0px</dimen>
<dimen name="layout_y_153">182.0px</dimen>
<dimen name="layout_y_154">183.0px</dimen>
<dimen name="layout_y_155">184.0px</dimen>
<dimen name="layout_y_156">185.0px</dimen>
<dimen name="layout_y_157">187.0px</dimen>
<dimen name="layout_y_158">188.0px</dimen>
<dimen name="layout_y_159">189.0px</dimen>
<dimen name="layout_y_160">190.0px</dimen>
<dimen name="layout_y_161">191.0px</dimen>
<dimen name="layout_y_162">193.0px</dimen>
<dimen name="layout_y_163">194.0px</dimen>
<dimen name="layout_y_164">195.0px</dimen>
<dimen name="layout_y_165">196.0px</dimen>
<dimen name="layout_y_166">197.0px</dimen>
<dimen name="layout_y_167">199.0px</dimen>
<dimen name="layout_y_168">200.0px</dimen>
<dimen name="layout_y_169">201.0px</dimen>
<dimen name="layout_y_170">202.0px</dimen>
<dimen name="layout_y_171">203.0px</dimen>
<dimen name="layout_y_172">205.0px</dimen>
<dimen name="layout_y_173">206.0px</dimen>
<dimen name="layout_y_174">207.0px</dimen>
<dimen name="layout_y_175">208.0px</dimen>
<dimen name="layout_y_176">209.0px</dimen>
<dimen name="layout_y_177">210.0px</dimen>
<dimen name="layout_y_178">212.0px</dimen>
<dimen name="layout_y_179">213.0px</dimen>
<dimen name="layout_y_180">214.0px</dimen>
<dimen name="layout_y_181">215.0px</dimen>
<dimen name="layout_y_182">216.0px</dimen>
<dimen name="layout_y_183">218.0px</dimen>
<dimen name="layout_y_184">219.0px</dimen>
<dimen name="layout_y_185">220.0px</dimen>
<dimen name="layout_y_186">221.0px</dimen>
<dimen name="layout_y_187">222.0px</dimen>
<dimen name="layout_y_188">224.0px</dimen>
<dimen name="layout_y_189">225.0px</dimen>
<dimen name="layout_y_190">226.0px</dimen>
<dimen name="layout_y_191">227.0px</dimen>
<dimen name="layout_y_192">228.0px</dimen>
<dimen name="layout_y_193">230.0px</dimen>
<dimen name="layout_y_194">231.0px</dimen>
<dimen name="layout_y_195">232.0px</dimen>
<dimen name="layout_y_196">233.0px</dimen>
<dimen name="layout_y_197">234.0px</dimen>
<dimen name="layout_y_198">236.0px</dimen>
<dimen name="layout_y_199">237.0px</dimen>
<dimen name="layout_y_200">238.0px</dimen>
<dimen name="layout_y_201">239.0px</dimen>
<dimen name="layout_y_202">240.0px</dimen>
<dimen name="layout_y_203">241.0px</dimen>
<dimen name="layout_y_204">243.0px</dimen>
<dimen name="layout_y_205">244.0px</dimen>
<dimen name="layout_y_206">245.0px</dimen>
<dimen name="layout_y_207">246.0px</dimen>
<dimen name="layout_y_208">247.0px</dimen>
<dimen name="layout_y_209">249.0px</dimen>
<dimen name="layout_y_210">250.0px</dimen>
<dimen name="layout_y_211">251.0px</dimen>
<dimen name="layout_y_212">252.0px</dimen>
<dimen name="layout_y_213">253.0px</dimen>
<dimen name="layout_y_214">255.0px</dimen>
<dimen name="layout_y_215">256.0px</dimen>
<dimen name="layout_y_216">257.0px</dimen>
<dimen name="layout_y_217">258.0px</dimen>
<dimen name="layout_y_218">259.0px</dimen>
<dimen name="layout_y_219">261.0px</dimen>
<dimen name="layout_y_220">262.0px</dimen>
<dimen name="layout_y_221">263.0px</dimen>
<dimen name="layout_y_222">264.0px</dimen>
<dimen name="layout_y_223">265.0px</dimen>
<dimen name="layout_y_224">267.0px</dimen>
<dimen name="layout_y_225">268.0px</dimen>
<dimen name="layout_y_226">269.0px</dimen>
<dimen name="layout_y_227">270.0px</dimen>
<dimen name="layout_y_228">271.0px</dimen>
<dimen name="layout_y_229">272.0px</dimen>
<dimen name="layout_y_230">274.0px</dimen>
<dimen name="layout_y_231">275.0px</dimen>
<dimen name="layout_y_232">276.0px</dimen>
<dimen name="layout_y_233">277.0px</dimen>
<dimen name="layout_y_234">278.0px</dimen>
<dimen name="layout_y_235">280.0px</dimen>
<dimen name="layout_y_236">281.0px</dimen>
<dimen name="layout_y_237">282.0px</dimen>
<dimen name="layout_y_238">283.0px</dimen>
<dimen name="layout_y_239">284.0px</dimen>
<dimen name="layout_y_240">286.0px</dimen>
<dimen name="layout_y_241">287.0px</dimen>
<dimen name="layout_y_242">288.0px</dimen>
<dimen name="layout_y_243">289.0px</dimen>
<dimen name="layout_y_244">290.0px</dimen>
<dimen name="layout_y_245">292.0px</dimen>
<dimen name="layout_y_246">293.0px</dimen>
<dimen name="layout_y_247">294.0px</dimen>
<dimen name="layout_y_248">295.0px</dimen>
<dimen name="layout_y_249">296.0px</dimen>
<dimen name="layout_y_250">298.0px</dimen>
<dimen name="layout_y_251">299.0px</dimen>
<dimen name="layout_y_252">300.0px</dimen>
<dimen name="layout_y_253">301.0px</dimen>
<dimen name="layout_y_254">302.0px</dimen>
<dimen name="layout_y_255">303.0px</dimen>
<dimen name="layout_y_256">305.0px</dimen>
<dimen name="layout_y_257">306.0px</dimen>
<dimen name="layout_y_258">307.0px</dimen>
<dimen name="layout_y_259">308.0px</dimen>
<dimen name="layout_y_260">309.0px</dimen>
<dimen name="layout_y_261">311.0px</dimen>
<dimen name="layout_y_262">312.0px</dimen>
<dimen name="layout_y_263">313.0px</dimen>
<dimen name="layout_y_264">314.0px</dimen>
<dimen name="layout_y_265">315.0px</dimen>
<dimen name="layout_y_266">317.0px</dimen>
<dimen name="layout_y_267">318.0px</dimen>
<dimen name="layout_y_268">319.0px</dimen>
<dimen name="layout_y_269">320.0px</dimen>
<dimen name="layout_y_270">321.0px</dimen>
<dimen name="layout_y_271">323.0px</dimen>
<dimen name="layout_y_272">324.0px</dimen>
<dimen name="layout_y_273">325.0px</dimen>
<dimen name="layout_y_274">326.0px</dimen>
<dimen name="layout_y_275">327.0px</dimen>
<dimen name="layout_y_276">329.0px</dimen>
<dimen name="layout_y_277">330.0px</dimen>
<dimen name="layout_y_278">331.0px</dimen>
<dimen name="layout_y_279">332.0px</dimen>
<dimen name="layout_y_280">333.0px</dimen>
<dimen name="layout_y_281">334.0px</dimen>
<dimen name="layout_y_282">336.0px</dimen>
<dimen name="layout_y_283">337.0px</dimen>
<dimen name="layout_y_284">338.0px</dimen>
<dimen name="layout_y_285">339.0px</dimen>
<dimen name="layout_y_286">340.0px</dimen>
<dimen name="layout_y_287">342.0px</dimen>
<dimen name="layout_y_288">343.0px</dimen>
<dimen name="layout_y_289">344.0px</dimen>
<dimen name="layout_y_290">345.0px</dimen>
<dimen name="layout_y_291">346.0px</dimen>
<dimen name="layout_y_292">348.0px</dimen>
<dimen name="layout_y_293">349.0px</dimen>
<dimen name="layout_y_294">350.0px</dimen>
<dimen name="layout_y_295">351.0px</dimen>
<dimen name="layout_y_296">352.0px</dimen>
<dimen name="layout_y_297">354.0px</dimen>
<dimen name="layout_y_298">355.0px</dimen>
<dimen name="layout_y_299">356.0px</dimen>
<dimen name="layout_y_300">357.0px</dimen>
<dimen name="layout_y_301">358.0px</dimen>
<dimen name="layout_y_302">359.0px</dimen>
<dimen name="layout_y_303">361.0px</dimen>
<dimen name="layout_y_304">362.0px</dimen>
<dimen name="layout_y_305">363.0px</dimen>
<dimen name="layout_y_306">364.0px</dimen>
<dimen name="layout_y_307">365.0px</dimen>
<dimen name="layout_y_308">367.0px</dimen>
<dimen name="layout_y_309">368.0px</dimen>
<dimen name="layout_y_310">369.0px</dimen>
<dimen name="layout_y_311">370.0px</dimen>
<dimen name="layout_y_312">371.0px</dimen>
<dimen name="layout_y_313">373.0px</dimen>
<dimen name="layout_y_314">374.0px</dimen>
<dimen name="layout_y_315">375.0px</dimen>
<dimen name="layout_y_316">376.0px</dimen>
<dimen name="layout_y_317">377.0px</dimen>
<dimen name="layout_y_318">379.0px</dimen>
<dimen name="layout_y_319">380.0px</dimen>
<dimen name="layout_y_320">381.0px</dimen>
<dimen name="layout_y_321">382.0px</dimen>
<dimen name="layout_y_322">383.0px</dimen>
<dimen name="layout_y_323">385.0px</dimen>
<dimen name="layout_y_324">386.0px</dimen>
<dimen name="layout_y_325">387.0px</dimen>
<dimen name="layout_y_326">388.0px</dimen>
<dimen name="layout_y_327">389.0px</dimen>
<dimen name="layout_y_328">390.0px</dimen>
<dimen name="layout_y_329">392.0px</dimen>
<dimen name="layout_y_330">393.0px</dimen>
<dimen name="layout_y_331">394.0px</dimen>
<dimen name="layout_y_332">395.0px</dimen>
<dimen name="layout_y_333">396.0px</dimen>
<dimen name="layout_y_334">398.0px</dimen>
<dimen name="layout_y_335">399.0px</dimen>
<dimen name="layout_y_336">400.0px</dimen>
<dimen name="layout_y_337">401.0px</dimen>
<dimen name="layout_y_338">402.0px</dimen>
<dimen name="layout_y_339">404.0px</dimen>
<dimen name="layout_y_340">405.0px</dimen>
<dimen name="layout_y_341">406.0px</dimen>
<dimen name="layout_y_342">407.0px</dimen>
<dimen name="layout_y_343">408.0px</dimen>
<dimen name="layout_y_344">410.0px</dimen>
<dimen name="layout_y_345">411.0px</dimen>
<dimen name="layout_y_346">412.0px</dimen>
<dimen name="layout_y_347">413.0px</dimen>
<dimen name="layout_y_348">414.0px</dimen>
<dimen name="layout_y_349">416.0px</dimen>
<dimen name="layout_y_350">417.0px</dimen>
<dimen name="layout_y_351">418.0px</dimen>
<dimen name="layout_y_352">419.0px</dimen>
<dimen name="layout_y_353">420.0px</dimen>
<dimen name="layout_y_354">421.0px</dimen>
<dimen name="layout_y_355">423.0px</dimen>
<dimen name="layout_y_356">424.0px</dimen>
<dimen name="layout_y_357">425.0px</dimen>
<dimen name="layout_y_358">426.0px</dimen>
<dimen name="layout_y_359">427.0px</dimen>
<dimen name="layout_y_360">429.0px</dimen>
<dimen name="layout_y_361">430.0px</dimen>
<dimen name="layout_y_362">431.0px</dimen>
<dimen name="layout_y_363">432.0px</dimen>
<dimen name="layout_y_364">433.0px</dimen>
<dimen name="layout_y_365">435.0px</dimen>
<dimen name="layout_y_366">436.0px</dimen>
<dimen name="layout_y_367">437.0px</dimen>
<dimen name="layout_y_368">438.0px</dimen>
<dimen name="layout_y_369">439.0px</dimen>
<dimen name="layout_y_370">441.0px</dimen>
<dimen name="layout_y_371">442.0px</dimen>
<dimen name="layout_y_372">443.0px</dimen>
<dimen name="layout_y_373">444.0px</dimen>
<dimen name="layout_y_374">445.0px</dimen>
<dimen name="layout_y_375">447.0px</dimen>
<dimen name="layout_y_376">448.0px</dimen>
<dimen name="layout_y_377">449.0px</dimen>
<dimen name="layout_y_378">450.0px</dimen>
<dimen name="layout_y_379">451.0px</dimen>
<dimen name="layout_y_380">452.0px</dimen>
<dimen name="layout_y_381">454.0px</dimen>
<dimen name="layout_y_382">455.0px</dimen>
<dimen name="layout_y_383">456.0px</dimen>
<dimen name="layout_y_384">457.0px</dimen>
<dimen name="layout_y_385">458.0px</dimen>
<dimen name="layout_y_386">460.0px</dimen>
<dimen name="layout_y_387">461.0px</dimen>
<dimen name="layout_y_388">462.0px</dimen>
<dimen name="layout_y_389">463.0px</dimen>
<dimen name="layout_y_390">464.0px</dimen>
<dimen name="layout_y_391">466.0px</dimen>
<dimen name="layout_y_392">467.0px</dimen>
<dimen name="layout_y_393">468.0px</dimen>
<dimen name="layout_y_394">469.0px</dimen>
<dimen name="layout_y_395">470.0px</dimen>
<dimen name="layout_y_396">472.0px</dimen>
<dimen name="layout_y_397">473.0px</dimen>
<dimen name="layout_y_398">474.0px</dimen>
<dimen name="layout_y_399">475.0px</dimen>
<dimen name="layout_y_400">476.0px</dimen>
<dimen name="layout_y_401">478.0px</dimen>
<dimen name="layout_y_402">479.0px</dimen>
<dimen name="layout_y_403">480.0px</dimen>
<dimen name="layout_y_404">481.0px</dimen>
<dimen name="layout_y_405">482.0px</dimen>
<dimen name="layout_y_406">483.0px</dimen>
<dimen name="layout_y_407">485.0px</dimen>
<dimen name="layout_y_408">486.0px</dimen>
<dimen name="layout_y_409">487.0px</dimen>
<dimen name="layout_y_410">488.0px</dimen>
<dimen name="layout_y_411">489.0px</dimen>
<dimen name="layout_y_412">491.0px</dimen>
<dimen name="layout_y_413">492.0px</dimen>
<dimen name="layout_y_414">493.0px</dimen>
<dimen name="layout_y_415">494.0px</dimen>
<dimen name="layout_y_416">495.0px</dimen>
<dimen name="layout_y_417">497.0px</dimen>
<dimen name="layout_y_418">498.0px</dimen>
<dimen name="layout_y_419">499.0px</dimen>
<dimen name="layout_y_420">500.0px</dimen>
<dimen name="layout_y_421">501.0px</dimen>
<dimen name="layout_y_422">503.0px</dimen>
<dimen name="layout_y_423">504.0px</dimen>
<dimen name="layout_y_424">505.0px</dimen>
<dimen name="layout_y_425">506.0px</dimen>
<dimen name="layout_y_426">507.0px</dimen>
<dimen name="layout_y_427">509.0px</dimen>
<dimen name="layout_y_428">510.0px</dimen>
<dimen name="layout_y_429">511.0px</dimen>
<dimen name="layout_y_430">512.0px</dimen>
<dimen name="layout_y_431">513.0px</dimen>
<dimen name="layout_y_432">514.0px</dimen>
<dimen name="layout_y_433">516.0px</dimen>
<dimen name="layout_y_434">517.0px</dimen>
<dimen name="layout_y_435">518.0px</dimen>
<dimen name="layout_y_436">519.0px</dimen>
<dimen name="layout_y_437">520.0px</dimen>
<dimen name="layout_y_438">522.0px</dimen>
<dimen name="layout_y_439">523.0px</dimen>
<dimen name="layout_y_440">524.0px</dimen>
<dimen name="layout_y_441">525.0px</dimen>
<dimen name="layout_y_442">526.0px</dimen>
<dimen name="layout_y_443">528.0px</dimen>
<dimen name="layout_y_444">529.0px</dimen>
<dimen name="layout_y_445">530.0px</dimen>
<dimen name="layout_y_446">531.0px</dimen>
<dimen name="layout_y_447">532.0px</dimen>
<dimen name="layout_y_448">534.0px</dimen>
<dimen name="layout_y_449">535.0px</dimen>
<dimen name="layout_y_450">536.0px</dimen>
<dimen name="layout_y_451">537.0px</dimen>
<dimen name="layout_y_452">538.0px</dimen>
<dimen name="layout_y_453">539.0px</dimen>
<dimen name="layout_y_454">541.0px</dimen>
<dimen name="layout_y_455">542.0px</dimen>
<dimen name="layout_y_456">543.0px</dimen>
<dimen name="layout_y_457">544.0px</dimen>
<dimen name="layout_y_458">545.0px</dimen>
<dimen name="layout_y_459">547.0px</dimen>
<dimen name="layout_y_460">548.0px</dimen>
<dimen name="layout_y_461">549.0px</dimen>
<dimen name="layout_y_462">550.0px</dimen>
<dimen name="layout_y_463">551.0px</dimen>
<dimen name="layout_y_464">553.0px</dimen>
<dimen name="layout_y_465">554.0px</dimen>
<dimen name="layout_y_466">555.0px</dimen>
<dimen name="layout_y_467">556.0px</dimen>
<dimen name="layout_y_468">557.0px</dimen>
<dimen name="layout_y_469">559.0px</dimen>
<dimen name="layout_y_470">560.0px</dimen>
<dimen name="layout_y_471">561.0px</dimen>
<dimen name="layout_y_472">562.0px</dimen>
<dimen name="layout_y_473">563.0px</dimen>
<dimen name="layout_y_474">565.0px</dimen>
<dimen name="layout_y_475">566.0px</dimen>
<dimen name="layout_y_476">567.0px</dimen>
<dimen name="layout_y_477">568.0px</dimen>
<dimen name="layout_y_478">569.0px</dimen>
<dimen name="layout_y_479">570.0px</dimen>
<dimen name="layout_y_480">572.0px</dimen>
<dimen name="layout_y_481">573.0px</dimen>
<dimen name="layout_y_482">574.0px</dimen>
<dimen name="layout_y_483">575.0px</dimen>
<dimen name="layout_y_484">576.0px</dimen>
<dimen name="layout_y_485">578.0px</dimen>
<dimen name="layout_y_486">579.0px</dimen>
<dimen name="layout_y_487">580.0px</dimen>
<dimen name="layout_y_488">581.0px</dimen>
<dimen name="layout_y_489">582.0px</dimen>
<dimen name="layout_y_490">584.0px</dimen>
<dimen name="layout_y_491">585.0px</dimen>
<dimen name="layout_y_492">586.0px</dimen>
<dimen name="layout_y_493">587.0px</dimen>
<dimen name="layout_y_494">588.0px</dimen>
<dimen name="layout_y_495">590.0px</dimen>
<dimen name="layout_y_496">591.0px</dimen>
<dimen name="layout_y_497">592.0px</dimen>
<dimen name="layout_y_498">593.0px</dimen>
<dimen name="layout_y_499">594.0px</dimen>
<dimen name="layout_y_500">596.0px</dimen>
<dimen name="layout_y_501">597.0px</dimen>
<dimen name="layout_y_502">598.0px</dimen>
<dimen name="layout_y_503">599.0px</dimen>
<dimen name="layout_y_504">600.0px</dimen>
<dimen name="layout_y_505">601.0px</dimen>
<dimen name="layout_y_506">603.0px</dimen>
<dimen name="layout_y_507">604.0px</dimen>
<dimen name="layout_y_508">605.0px</dimen>
<dimen name="layout_y_509">606.0px</dimen>
<dimen name="layout_y_510">607.0px</dimen>
<dimen name="layout_y_511">609.0px</dimen>
<dimen name="layout_y_512">610.0px</dimen>
<dimen name="layout_y_513">611.0px</dimen>
<dimen name="layout_y_514">612.0px</dimen>
<dimen name="layout_y_515">613.0px</dimen>
<dimen name="layout_y_516">615.0px</dimen>
<dimen name="layout_y_517">616.0px</dimen>
<dimen name="layout_y_518">617.0px</dimen>
<dimen name="layout_y_519">618.0px</dimen>
<dimen name="layout_y_520">619.0px</dimen>
<dimen name="layout_y_521">621.0px</dimen>
<dimen name="layout_y_522">622.0px</dimen>
<dimen name="layout_y_523">623.0px</dimen>
<dimen name="layout_y_524">624.0px</dimen>
<dimen name="layout_y_525">625.0px</dimen>
<dimen name="layout_y_526">627.0px</dimen>
<dimen name="layout_y_527">628.0px</dimen>
<dimen name="layout_y_528">629.0px</dimen>
<dimen name="layout_y_529">630.0px</dimen>
<dimen name="layout_y_530">631.0px</dimen>
<dimen name="layout_y_531">632.0px</dimen>
<dimen name="layout_y_532">634.0px</dimen>
<dimen name="layout_y_533">635.0px</dimen>
<dimen name="layout_y_534">636.0px</dimen>
<dimen name="layout_y_535">637.0px</dimen>
<dimen name="layout_y_536">638.0px</dimen>
<dimen name="layout_y_537">640.0px</dimen>
<dimen name="layout_y_538">641.0px</dimen>
<dimen name="layout_y_539">642.0px</dimen>
<dimen name="layout_y_540">643.0px</dimen>
<dimen name="layout_y_541">644.0px</dimen>
<dimen name="layout_y_542">646.0px</dimen>
<dimen name="layout_y_543">647.0px</dimen>
<dimen name="layout_y_544">648.0px</dimen>
<dimen name="layout_y_545">649.0px</dimen>
<dimen name="layout_y_546">650.0px</dimen>
<dimen name="layout_y_547">652.0px</dimen>
<dimen name="layout_y_548">653.0px</dimen>
<dimen name="layout_y_549">654.0px</dimen>
<dimen name="layout_y_550">655.0px</dimen>
<dimen name="layout_y_551">656.0px</dimen>
<dimen name="layout_y_552">658.0px</dimen>
<dimen name="layout_y_553">659.0px</dimen>
<dimen name="layout_y_554">660.0px</dimen>
<dimen name="layout_y_555">661.0px</dimen>
<dimen name="layout_y_556">662.0px</dimen>
<dimen name="layout_y_557">663.0px</dimen>
<dimen name="layout_y_558">665.0px</dimen>
<dimen name="layout_y_559">666.0px</dimen>
<dimen name="layout_y_560">667.0px</dimen>
<dimen name="layout_y_561">668.0px</dimen>
<dimen name="layout_y_562">669.0px</dimen>
<dimen name="layout_y_563">671.0px</dimen>
<dimen name="layout_y_564">672.0px</dimen>
<dimen name="layout_y_565">673.0px</dimen>
<dimen name="layout_y_566">674.0px</dimen>
<dimen name="layout_y_567">675.0px</dimen>
<dimen name="layout_y_568">677.0px</dimen>
<dimen name="layout_y_569">678.0px</dimen>
<dimen name="layout_y_570">679.0px</dimen>
<dimen name="layout_y_571">680.0px</dimen>
<dimen name="layout_y_572">681.0px</dimen>
<dimen name="layout_y_573">683.0px</dimen>
<dimen name="layout_y_574">684.0px</dimen>
<dimen name="layout_y_575">685.0px</dimen>
<dimen name="layout_y_576">686.0px</dimen>
<dimen name="layout_y_577">687.0px</dimen>
<dimen name="layout_y_578">689.0px</dimen>
<dimen name="layout_y_579">690.0px</dimen>
<dimen name="layout_y_580">691.0px</dimen>
<dimen name="layout_y_581">692.0px</dimen>
<dimen name="layout_y_582">693.0px</dimen>
<dimen name="layout_y_583">694.0px</dimen>
<dimen name="layout_y_584">696.0px</dimen>
<dimen name="layout_y_585">697.0px</dimen>
<dimen name="layout_y_586">698.0px</dimen>
<dimen name="layout_y_587">699.0px</dimen>
<dimen name="layout_y_588">700.0px</dimen>
<dimen name="layout_y_589">702.0px</dimen>
<dimen name="layout_y_590">703.0px</dimen>
<dimen name="layout_y_591">704.0px</dimen>
<dimen name="layout_y_592">705.0px</dimen>
<dimen name="layout_y_593">706.0px</dimen>
<dimen name="layout_y_594">708.0px</dimen>
<dimen name="layout_y_595">709.0px</dimen>
<dimen name="layout_y_596">710.0px</dimen>
<dimen name="layout_y_597">711.0px</dimen>
<dimen name="layout_y_598">712.0px</dimen>
<dimen name="layout_y_599">714.0px</dimen>
<dimen name="layout_y_600">715.0px</dimen>
<dimen name="layout_y_601">716.0px</dimen>
<dimen name="layout_y_602">717.0px</dimen>
<dimen name="layout_y_603">718.0px</dimen>
<dimen name="layout_y_604">719.0px</dimen>
<dimen name="layout_y_605">721.0px</dimen>
<dimen name="layout_y_606">722.0px</dimen>
<dimen name="layout_y_607">723.0px</dimen>
<dimen name="layout_y_608">724.0px</dimen>
<dimen name="layout_y_609">725.0px</dimen>
<dimen name="layout_y_610">727.0px</dimen>
<dimen name="layout_y_611">728.0px</dimen>
<dimen name="layout_y_612">729.0px</dimen>
<dimen name="layout_y_613">730.0px</dimen>
<dimen name="layout_y_614">731.0px</dimen>
<dimen name="layout_y_615">733.0px</dimen>
<dimen name="layout_y_616">734.0px</dimen>
<dimen name="layout_y_617">735.0px</dimen>
<dimen name="layout_y_618">736.0px</dimen>
<dimen name="layout_y_619">737.0px</dimen>
<dimen name="layout_y_620">739.0px</dimen>
<dimen name="layout_y_621">740.0px</dimen>
<dimen name="layout_y_622">741.0px</dimen>
<dimen name="layout_y_623">742.0px</dimen>
<dimen name="layout_y_624">743.0px</dimen>
<dimen name="layout_y_625">745.0px</dimen>
<dimen name="layout_y_626">746.0px</dimen>
<dimen name="layout_y_627">747.0px</dimen>
<dimen name="layout_y_628">748.0px</dimen>
<dimen name="layout_y_629">749.0px</dimen>
<dimen name="layout_y_630">750.0px</dimen>
<dimen name="layout_y_631">752.0px</dimen>
<dimen name="layout_y_632">753.0px</dimen>
<dimen name="layout_y_633">754.0px</dimen>
<dimen name="layout_y_634">755.0px</dimen>
<dimen name="layout_y_635">756.0px</dimen>
<dimen name="layout_y_636">758.0px</dimen>
<dimen name="layout_y_637">759.0px</dimen>
<dimen name="layout_y_638">760.0px</dimen>
<dimen name="layout_y_639">761.0px</dimen>
<dimen name="layout_y_640">762.0px</dimen>
<dimen name="layout_y_641">764.0px</dimen>
<dimen name="layout_y_642">765.0px</dimen>
<dimen name="layout_y_643">766.0px</dimen>
<dimen name="layout_y_644">767.0px</dimen>
<dimen name="layout_y_645">768.0px</dimen>
<dimen name="layout_y_646">770.0px</dimen>
<dimen name="layout_y_647">771.0px</dimen>
<dimen name="layout_y_648">772.0px</dimen>
<dimen name="layout_y_649">773.0px</dimen>
<dimen name="layout_y_650">774.0px</dimen>
<dimen name="layout_y_651">776.0px</dimen>
<dimen name="layout_y_652">777.0px</dimen>
<dimen name="layout_y_653">778.0px</dimen>
<dimen name="layout_y_654">779.0px</dimen>
<dimen name="layout_y_655">780.0px</dimen>
<dimen name="layout_y_656">781.0px</dimen>
<dimen name="layout_y_657">783.0px</dimen>
<dimen name="layout_y_658">784.0px</dimen>
<dimen name="layout_y_659">785.0px</dimen>
<dimen name="layout_y_660">786.0px</dimen>
<dimen name="layout_y_661">787.0px</dimen>
<dimen name="layout_y_662">789.0px</dimen>
<dimen name="layout_y_663">790.0px</dimen>
<dimen name="layout_y_664">791.0px</dimen>
<dimen name="layout_y_665">792.0px</dimen>
<dimen name="layout_y_666">793.0px</dimen>
<dimen name="layout_y_667">795.0px</dimen>
<dimen name="layout_y_668">796.0px</dimen>
<dimen name="layout_y_669">797.0px</dimen>
<dimen name="layout_y_670">798.0px</dimen>
<dimen name="layout_y_671">799.0px</dimen>
<dimen name="layout_y_672">801.0px</dimen>
<dimen name="layout_y_673">802.0px</dimen>
<dimen name="layout_y_674">803.0px</dimen>
<dimen name="layout_y_675">804.0px</dimen>
<dimen name="layout_y_676">805.0px</dimen>
<dimen name="layout_y_677">807.0px</dimen>
<dimen name="layout_y_678">808.0px</dimen>
<dimen name="layout_y_679">809.0px</dimen>
<dimen name="layout_y_680">810.0px</dimen>
<dimen name="layout_y_681">811.0px</dimen>
<dimen name="layout_y_682">812.0px</dimen>
<dimen name="layout_y_683">814.0px</dimen>
<dimen name="layout_y_684">815.0px</dimen>
<dimen name="layout_y_685">816.0px</dimen>
<dimen name="layout_y_686">817.0px</dimen>
<dimen name="layout_y_687">818.0px</dimen>
<dimen name="layout_y_688">820.0px</dimen>
<dimen name="layout_y_689">821.0px</dimen>
<dimen name="layout_y_690">822.0px</dimen>
<dimen name="layout_y_691">823.0px</dimen>
<dimen name="layout_y_692">824.0px</dimen>
<dimen name="layout_y_693">826.0px</dimen>
<dimen name="layout_y_694">827.0px</dimen>
<dimen name="layout_y_695">828.0px</dimen>
<dimen name="layout_y_696">829.0px</dimen>
<dimen name="layout_y_697">830.0px</dimen>
<dimen name="layout_y_698">832.0px</dimen>
<dimen name="layout_y_699">833.0px</dimen>
<dimen name="layout_y_700">834.0px</dimen>
<dimen name="layout_y_701">835.0px</dimen>
<dimen name="layout_y_702">836.0px</dimen>
<dimen name="layout_y_703">838.0px</dimen>
<dimen name="layout_y_704">839.0px</dimen>
<dimen name="layout_y_705">840.0px</dimen>
<dimen name="layout_y_706">841.0px</dimen>
<dimen name="layout_y_707">842.0px</dimen>
<dimen name="layout_y_708">843.0px</dimen>
<dimen name="layout_y_709">845.0px</dimen>
<dimen name="layout_y_710">846.0px</dimen>
<dimen name="layout_y_711">847.0px</dimen>
<dimen name="layout_y_712">848.0px</dimen>
<dimen name="layout_y_713">849.0px</dimen>
<dimen name="layout_y_714">851.0px</dimen>
<dimen name="layout_y_715">852.0px</dimen>
<dimen name="layout_y_716">853.0px</dimen>
<dimen name="layout_y_717">854.0px</dimen>
<dimen name="layout_y_718">855.0px</dimen>
<dimen name="layout_y_719">857.0px</dimen>
<dimen name="layout_y_720">858.0px</dimen>
<dimen name="layout_y_721">859.0px</dimen>
<dimen name="layout_y_722">860.0px</dimen>
<dimen name="layout_y_723">861.0px</dimen>
<dimen name="layout_y_724">863.0px</dimen>
<dimen name="layout_y_725">864.0px</dimen>
<dimen name="layout_y_726">865.0px</dimen>
<dimen name="layout_y_727">866.0px</dimen>
<dimen name="layout_y_728">867.0px</dimen>
<dimen name="layout_y_729">868.0px</dimen>
<dimen name="layout_y_730">870.0px</dimen>
<dimen name="layout_y_731">871.0px</dimen>
<dimen name="layout_y_732">872.0px</dimen>
<dimen name="layout_y_733">873.0px</dimen>
<dimen name="layout_y_734">874.0px</dimen>
<dimen name="layout_y_735">876.0px</dimen>
<dimen name="layout_y_736">877.0px</dimen>
<dimen name="layout_y_737">878.0px</dimen>
<dimen name="layout_y_738">879.0px</dimen>
<dimen name="layout_y_739">880.0px</dimen>
<dimen name="layout_y_740">882.0px</dimen>
<dimen name="layout_y_741">883.0px</dimen>
<dimen name="layout_y_742">884.0px</dimen>
<dimen name="layout_y_743">885.0px</dimen>
<dimen name="layout_y_744">886.0px</dimen>
<dimen name="layout_y_745">888.0px</dimen>
<dimen name="layout_y_746">889.0px</dimen>
<dimen name="layout_y_747">890.0px</dimen>
<dimen name="layout_y_748">891.0px</dimen>
<dimen name="layout_y_749">892.0px</dimen>
<dimen name="layout_y_750">894.0px</dimen>
<dimen name="layout_y_751">895.0px</dimen>
<dimen name="layout_y_752">896.0px</dimen>
<dimen name="layout_y_753">897.0px</dimen>
<dimen name="layout_y_754">898.0px</dimen>
<dimen name="layout_y_755">899.0px</dimen>
<dimen name="layout_y_756">901.0px</dimen>
<dimen name="layout_y_757">902.0px</dimen>
<dimen name="layout_y_758">903.0px</dimen>
<dimen name="layout_y_759">904.0px</dimen>
<dimen name="layout_y_760">905.0px</dimen>
<dimen name="layout_y_761">907.0px</dimen>
<dimen name="layout_y_762">908.0px</dimen>
<dimen name="layout_y_763">909.0px</dimen>
<dimen name="layout_y_764">910.0px</dimen>
<dimen name="layout_y_765">911.0px</dimen>
<dimen name="layout_y_766">913.0px</dimen>
<dimen name="layout_y_767">914.0px</dimen>
<dimen name="layout_y_768">915.0px</dimen>
<dimen name="layout_y_769">916.0px</dimen>
<dimen name="layout_y_770">917.0px</dimen>
<dimen name="layout_y_771">919.0px</dimen>
<dimen name="layout_y_772">920.0px</dimen>
<dimen name="layout_y_773">921.0px</dimen>
<dimen name="layout_y_774">922.0px</dimen>
<dimen name="layout_y_775">923.0px</dimen>
<dimen name="layout_y_776">925.0px</dimen>
<dimen name="layout_y_777">926.0px</dimen>
<dimen name="layout_y_778">927.0px</dimen>
<dimen name="layout_y_779">928.0px</dimen>
<dimen name="layout_y_780">929.0px</dimen>
<dimen name="layout_y_781">930.0px</dimen>
<dimen name="layout_y_782">932.0px</dimen>
<dimen name="layout_y_783">933.0px</dimen>
<dimen name="layout_y_784">934.0px</dimen>
<dimen name="layout_y_785">935.0px</dimen>
<dimen name="layout_y_786">936.0px</dimen>
<dimen name="layout_y_787">938.0px</dimen>
<dimen name="layout_y_788">939.0px</dimen>
<dimen name="layout_y_789">940.0px</dimen>
<dimen name="layout_y_790">941.0px</dimen>
<dimen name="layout_y_791">942.0px</dimen>
<dimen name="layout_y_792">944.0px</dimen>
<dimen name="layout_y_793">945.0px</dimen>
<dimen name="layout_y_794">946.0px</dimen>
<dimen name="layout_y_795">947.0px</dimen>
<dimen name="layout_y_796">948.0px</dimen>
<dimen name="layout_y_797">950.0px</dimen>
<dimen name="layout_y_798">951.0px</dimen>
<dimen name="layout_y_799">952.0px</dimen>
<dimen name="layout_y_800">854px</dimen>
</resources>