<?xml version="1.0" encoding="utf-8"?>
<resources><dimen name="layout_y_0">0.0px</dimen>
<dimen name="layout_y_1">2.0px</dimen>
<dimen name="layout_y_2">5.0px</dimen>
<dimen name="layout_y_3">8.0px</dimen>
<dimen name="layout_y_4">10.0px</dimen>
<dimen name="layout_y_5">13.0px</dimen>
<dimen name="layout_y_6">16.0px</dimen>
<dimen name="layout_y_7">18.0px</dimen>
<dimen name="layout_y_8">21.0px</dimen>
<dimen name="layout_y_9">24.0px</dimen>
<dimen name="layout_y_10">26.0px</dimen>
<dimen name="layout_y_11">29.0px</dimen>
<dimen name="layout_y_12">32.0px</dimen>
<dimen name="layout_y_13">34.0px</dimen>
<dimen name="layout_y_14">37.0px</dimen>
<dimen name="layout_y_15">40.0px</dimen>
<dimen name="layout_y_16">42.0px</dimen>
<dimen name="layout_y_17">45.0px</dimen>
<dimen name="layout_y_18">48.0px</dimen>
<dimen name="layout_y_19">50.0px</dimen>
<dimen name="layout_y_20">53.0px</dimen>
<dimen name="layout_y_21">56.0px</dimen>
<dimen name="layout_y_22">58.0px</dimen>
<dimen name="layout_y_23">61.0px</dimen>
<dimen name="layout_y_24">64.0px</dimen>
<dimen name="layout_y_25">67.0px</dimen>
<dimen name="layout_y_26">69.0px</dimen>
<dimen name="layout_y_27">72.0px</dimen>
<dimen name="layout_y_28">75.0px</dimen>
<dimen name="layout_y_29">77.0px</dimen>
<dimen name="layout_y_30">80.0px</dimen>
<dimen name="layout_y_31">83.0px</dimen>
<dimen name="layout_y_32">85.0px</dimen>
<dimen name="layout_y_33">88.0px</dimen>
<dimen name="layout_y_34">91.0px</dimen>
<dimen name="layout_y_35">93.0px</dimen>
<dimen name="layout_y_36">96.0px</dimen>
<dimen name="layout_y_37">99.0px</dimen>
<dimen name="layout_y_38">101.0px</dimen>
<dimen name="layout_y_39">104.0px</dimen>
<dimen name="layout_y_40">107.0px</dimen>
<dimen name="layout_y_41">109.0px</dimen>
<dimen name="layout_y_42">112.0px</dimen>
<dimen name="layout_y_43">115.0px</dimen>
<dimen name="layout_y_44">117.0px</dimen>
<dimen name="layout_y_45">120.0px</dimen>
<dimen name="layout_y_46">123.0px</dimen>
<dimen name="layout_y_47">125.0px</dimen>
<dimen name="layout_y_48">128.0px</dimen>
<dimen name="layout_y_49">131.0px</dimen>
<dimen name="layout_y_50">134.0px</dimen>
<dimen name="layout_y_51">136.0px</dimen>
<dimen name="layout_y_52">139.0px</dimen>
<dimen name="layout_y_53">142.0px</dimen>
<dimen name="layout_y_54">144.0px</dimen>
<dimen name="layout_y_55">147.0px</dimen>
<dimen name="layout_y_56">150.0px</dimen>
<dimen name="layout_y_57">152.0px</dimen>
<dimen name="layout_y_58">155.0px</dimen>
<dimen name="layout_y_59">158.0px</dimen>
<dimen name="layout_y_60">160.0px</dimen>
<dimen name="layout_y_61">163.0px</dimen>
<dimen name="layout_y_62">166.0px</dimen>
<dimen name="layout_y_63">168.0px</dimen>
<dimen name="layout_y_64">171.0px</dimen>
<dimen name="layout_y_65">174.0px</dimen>
<dimen name="layout_y_66">176.0px</dimen>
<dimen name="layout_y_67">179.0px</dimen>
<dimen name="layout_y_68">182.0px</dimen>
<dimen name="layout_y_69">184.0px</dimen>
<dimen name="layout_y_70">187.0px</dimen>
<dimen name="layout_y_71">190.0px</dimen>
<dimen name="layout_y_72">192.0px</dimen>
<dimen name="layout_y_73">195.0px</dimen>
<dimen name="layout_y_74">198.0px</dimen>
<dimen name="layout_y_75">201.0px</dimen>
<dimen name="layout_y_76">203.0px</dimen>
<dimen name="layout_y_77">206.0px</dimen>
<dimen name="layout_y_78">209.0px</dimen>
<dimen name="layout_y_79">211.0px</dimen>
<dimen name="layout_y_80">214.0px</dimen>
<dimen name="layout_y_81">217.0px</dimen>
<dimen name="layout_y_82">219.0px</dimen>
<dimen name="layout_y_83">222.0px</dimen>
<dimen name="layout_y_84">225.0px</dimen>
<dimen name="layout_y_85">227.0px</dimen>
<dimen name="layout_y_86">230.0px</dimen>
<dimen name="layout_y_87">233.0px</dimen>
<dimen name="layout_y_88">235.0px</dimen>
<dimen name="layout_y_89">238.0px</dimen>
<dimen name="layout_y_90">241.0px</dimen>
<dimen name="layout_y_91">243.0px</dimen>
<dimen name="layout_y_92">246.0px</dimen>
<dimen name="layout_y_93">249.0px</dimen>
<dimen name="layout_y_94">251.0px</dimen>
<dimen name="layout_y_95">254.0px</dimen>
<dimen name="layout_y_96">257.0px</dimen>
<dimen name="layout_y_97">259.0px</dimen>
<dimen name="layout_y_98">262.0px</dimen>
<dimen name="layout_y_99">265.0px</dimen>
<dimen name="layout_y_100">268.0px</dimen>
<dimen name="layout_y_101">270.0px</dimen>
<dimen name="layout_y_102">273.0px</dimen>
<dimen name="layout_y_103">276.0px</dimen>
<dimen name="layout_y_104">278.0px</dimen>
<dimen name="layout_y_105">281.0px</dimen>
<dimen name="layout_y_106">284.0px</dimen>
<dimen name="layout_y_107">286.0px</dimen>
<dimen name="layout_y_108">289.0px</dimen>
<dimen name="layout_y_109">292.0px</dimen>
<dimen name="layout_y_110">294.0px</dimen>
<dimen name="layout_y_111">297.0px</dimen>
<dimen name="layout_y_112">300.0px</dimen>
<dimen name="layout_y_113">302.0px</dimen>
<dimen name="layout_y_114">305.0px</dimen>
<dimen name="layout_y_115">308.0px</dimen>
<dimen name="layout_y_116">310.0px</dimen>
<dimen name="layout_y_117">313.0px</dimen>
<dimen name="layout_y_118">316.0px</dimen>
<dimen name="layout_y_119">318.0px</dimen>
<dimen name="layout_y_120">321.0px</dimen>
<dimen name="layout_y_121">324.0px</dimen>
<dimen name="layout_y_122">326.0px</dimen>
<dimen name="layout_y_123">329.0px</dimen>
<dimen name="layout_y_124">332.0px</dimen>
<dimen name="layout_y_125">335.0px</dimen>
<dimen name="layout_y_126">337.0px</dimen>
<dimen name="layout_y_127">340.0px</dimen>
<dimen name="layout_y_128">343.0px</dimen>
<dimen name="layout_y_129">345.0px</dimen>
<dimen name="layout_y_130">348.0px</dimen>
<dimen name="layout_y_131">351.0px</dimen>
<dimen name="layout_y_132">353.0px</dimen>
<dimen name="layout_y_133">356.0px</dimen>
<dimen name="layout_y_134">359.0px</dimen>
<dimen name="layout_y_135">361.0px</dimen>
<dimen name="layout_y_136">364.0px</dimen>
<dimen name="layout_y_137">367.0px</dimen>
<dimen name="layout_y_138">369.0px</dimen>
<dimen name="layout_y_139">372.0px</dimen>
<dimen name="layout_y_140">375.0px</dimen>
<dimen name="layout_y_141">377.0px</dimen>
<dimen name="layout_y_142">380.0px</dimen>
<dimen name="layout_y_143">383.0px</dimen>
<dimen name="layout_y_144">385.0px</dimen>
<dimen name="layout_y_145">388.0px</dimen>
<dimen name="layout_y_146">391.0px</dimen>
<dimen name="layout_y_147">393.0px</dimen>
<dimen name="layout_y_148">396.0px</dimen>
<dimen name="layout_y_149">399.0px</dimen>
<dimen name="layout_y_150">402.0px</dimen>
<dimen name="layout_y_151">404.0px</dimen>
<dimen name="layout_y_152">407.0px</dimen>
<dimen name="layout_y_153">410.0px</dimen>
<dimen name="layout_y_154">412.0px</dimen>
<dimen name="layout_y_155">415.0px</dimen>
<dimen name="layout_y_156">418.0px</dimen>
<dimen name="layout_y_157">420.0px</dimen>
<dimen name="layout_y_158">423.0px</dimen>
<dimen name="layout_y_159">426.0px</dimen>
<dimen name="layout_y_160">428.0px</dimen>
<dimen name="layout_y_161">431.0px</dimen>
<dimen name="layout_y_162">434.0px</dimen>
<dimen name="layout_y_163">436.0px</dimen>
<dimen name="layout_y_164">439.0px</dimen>
<dimen name="layout_y_165">442.0px</dimen>
<dimen name="layout_y_166">444.0px</dimen>
<dimen name="layout_y_167">447.0px</dimen>
<dimen name="layout_y_168">450.0px</dimen>
<dimen name="layout_y_169">452.0px</dimen>
<dimen name="layout_y_170">455.0px</dimen>
<dimen name="layout_y_171">458.0px</dimen>
<dimen name="layout_y_172">460.0px</dimen>
<dimen name="layout_y_173">463.0px</dimen>
<dimen name="layout_y_174">466.0px</dimen>
<dimen name="layout_y_175">469.0px</dimen>
<dimen name="layout_y_176">471.0px</dimen>
<dimen name="layout_y_177">474.0px</dimen>
<dimen name="layout_y_178">477.0px</dimen>
<dimen name="layout_y_179">479.0px</dimen>
<dimen name="layout_y_180">482.0px</dimen>
<dimen name="layout_y_181">485.0px</dimen>
<dimen name="layout_y_182">487.0px</dimen>
<dimen name="layout_y_183">490.0px</dimen>
<dimen name="layout_y_184">493.0px</dimen>
<dimen name="layout_y_185">495.0px</dimen>
<dimen name="layout_y_186">498.0px</dimen>
<dimen name="layout_y_187">501.0px</dimen>
<dimen name="layout_y_188">503.0px</dimen>
<dimen name="layout_y_189">506.0px</dimen>
<dimen name="layout_y_190">509.0px</dimen>
<dimen name="layout_y_191">511.0px</dimen>
<dimen name="layout_y_192">514.0px</dimen>
<dimen name="layout_y_193">517.0px</dimen>
<dimen name="layout_y_194">519.0px</dimen>
<dimen name="layout_y_195">522.0px</dimen>
<dimen name="layout_y_196">525.0px</dimen>
<dimen name="layout_y_197">527.0px</dimen>
<dimen name="layout_y_198">530.0px</dimen>
<dimen name="layout_y_199">533.0px</dimen>
<dimen name="layout_y_200">536.0px</dimen>
<dimen name="layout_y_201">538.0px</dimen>
<dimen name="layout_y_202">541.0px</dimen>
<dimen name="layout_y_203">544.0px</dimen>
<dimen name="layout_y_204">546.0px</dimen>
<dimen name="layout_y_205">549.0px</dimen>
<dimen name="layout_y_206">552.0px</dimen>
<dimen name="layout_y_207">554.0px</dimen>
<dimen name="layout_y_208">557.0px</dimen>
<dimen name="layout_y_209">560.0px</dimen>
<dimen name="layout_y_210">562.0px</dimen>
<dimen name="layout_y_211">565.0px</dimen>
<dimen name="layout_y_212">568.0px</dimen>
<dimen name="layout_y_213">570.0px</dimen>
<dimen name="layout_y_214">573.0px</dimen>
<dimen name="layout_y_215">576.0px</dimen>
<dimen name="layout_y_216">578.0px</dimen>
<dimen name="layout_y_217">581.0px</dimen>
<dimen name="layout_y_218">584.0px</dimen>
<dimen name="layout_y_219">586.0px</dimen>
<dimen name="layout_y_220">589.0px</dimen>
<dimen name="layout_y_221">592.0px</dimen>
<dimen name="layout_y_222">594.0px</dimen>
<dimen name="layout_y_223">597.0px</dimen>
<dimen name="layout_y_224">600.0px</dimen>
<dimen name="layout_y_225">603.0px</dimen>
<dimen name="layout_y_226">605.0px</dimen>
<dimen name="layout_y_227">608.0px</dimen>
<dimen name="layout_y_228">611.0px</dimen>
<dimen name="layout_y_229">613.0px</dimen>
<dimen name="layout_y_230">616.0px</dimen>
<dimen name="layout_y_231">619.0px</dimen>
<dimen name="layout_y_232">621.0px</dimen>
<dimen name="layout_y_233">624.0px</dimen>
<dimen name="layout_y_234">627.0px</dimen>
<dimen name="layout_y_235">629.0px</dimen>
<dimen name="layout_y_236">632.0px</dimen>
<dimen name="layout_y_237">635.0px</dimen>
<dimen name="layout_y_238">637.0px</dimen>
<dimen name="layout_y_239">640.0px</dimen>
<dimen name="layout_y_240">643.0px</dimen>
<dimen name="layout_y_241">645.0px</dimen>
<dimen name="layout_y_242">648.0px</dimen>
<dimen name="layout_y_243">651.0px</dimen>
<dimen name="layout_y_244">653.0px</dimen>
<dimen name="layout_y_245">656.0px</dimen>
<dimen name="layout_y_246">659.0px</dimen>
<dimen name="layout_y_247">661.0px</dimen>
<dimen name="layout_y_248">664.0px</dimen>
<dimen name="layout_y_249">667.0px</dimen>
<dimen name="layout_y_250">670.0px</dimen>
<dimen name="layout_y_251">672.0px</dimen>
<dimen name="layout_y_252">675.0px</dimen>
<dimen name="layout_y_253">678.0px</dimen>
<dimen name="layout_y_254">680.0px</dimen>
<dimen name="layout_y_255">683.0px</dimen>
<dimen name="layout_y_256">686.0px</dimen>
<dimen name="layout_y_257">688.0px</dimen>
<dimen name="layout_y_258">691.0px</dimen>
<dimen name="layout_y_259">694.0px</dimen>
<dimen name="layout_y_260">696.0px</dimen>
<dimen name="layout_y_261">699.0px</dimen>
<dimen name="layout_y_262">702.0px</dimen>
<dimen name="layout_y_263">704.0px</dimen>
<dimen name="layout_y_264">707.0px</dimen>
<dimen name="layout_y_265">710.0px</dimen>
<dimen name="layout_y_266">712.0px</dimen>
<dimen name="layout_y_267">715.0px</dimen>
<dimen name="layout_y_268">718.0px</dimen>
<dimen name="layout_y_269">720.0px</dimen>
<dimen name="layout_y_270">723.0px</dimen>
<dimen name="layout_y_271">726.0px</dimen>
<dimen name="layout_y_272">728.0px</dimen>
<dimen name="layout_y_273">731.0px</dimen>
<dimen name="layout_y_274">734.0px</dimen>
<dimen name="layout_y_275">737.0px</dimen>
<dimen name="layout_y_276">739.0px</dimen>
<dimen name="layout_y_277">742.0px</dimen>
<dimen name="layout_y_278">745.0px</dimen>
<dimen name="layout_y_279">747.0px</dimen>
<dimen name="layout_y_280">750.0px</dimen>
<dimen name="layout_y_281">753.0px</dimen>
<dimen name="layout_y_282">755.0px</dimen>
<dimen name="layout_y_283">758.0px</dimen>
<dimen name="layout_y_284">761.0px</dimen>
<dimen name="layout_y_285">763.0px</dimen>
<dimen name="layout_y_286">766.0px</dimen>
<dimen name="layout_y_287">769.0px</dimen>
<dimen name="layout_y_288">771.0px</dimen>
<dimen name="layout_y_289">774.0px</dimen>
<dimen name="layout_y_290">777.0px</dimen>
<dimen name="layout_y_291">779.0px</dimen>
<dimen name="layout_y_292">782.0px</dimen>
<dimen name="layout_y_293">785.0px</dimen>
<dimen name="layout_y_294">787.0px</dimen>
<dimen name="layout_y_295">790.0px</dimen>
<dimen name="layout_y_296">793.0px</dimen>
<dimen name="layout_y_297">795.0px</dimen>
<dimen name="layout_y_298">798.0px</dimen>
<dimen name="layout_y_299">801.0px</dimen>
<dimen name="layout_y_300">804.0px</dimen>
<dimen name="layout_y_301">806.0px</dimen>
<dimen name="layout_y_302">809.0px</dimen>
<dimen name="layout_y_303">812.0px</dimen>
<dimen name="layout_y_304">814.0px</dimen>
<dimen name="layout_y_305">817.0px</dimen>
<dimen name="layout_y_306">820.0px</dimen>
<dimen name="layout_y_307">822.0px</dimen>
<dimen name="layout_y_308">825.0px</dimen>
<dimen name="layout_y_309">828.0px</dimen>
<dimen name="layout_y_310">830.0px</dimen>
<dimen name="layout_y_311">833.0px</dimen>
<dimen name="layout_y_312">836.0px</dimen>
<dimen name="layout_y_313">838.0px</dimen>
<dimen name="layout_y_314">841.0px</dimen>
<dimen name="layout_y_315">844.0px</dimen>
<dimen name="layout_y_316">846.0px</dimen>
<dimen name="layout_y_317">849.0px</dimen>
<dimen name="layout_y_318">852.0px</dimen>
<dimen name="layout_y_319">854.0px</dimen>
<dimen name="layout_y_320">857.0px</dimen>
<dimen name="layout_y_321">860.0px</dimen>
<dimen name="layout_y_322">862.0px</dimen>
<dimen name="layout_y_323">865.0px</dimen>
<dimen name="layout_y_324">868.0px</dimen>
<dimen name="layout_y_325">871.0px</dimen>
<dimen name="layout_y_326">873.0px</dimen>
<dimen name="layout_y_327">876.0px</dimen>
<dimen name="layout_y_328">879.0px</dimen>
<dimen name="layout_y_329">881.0px</dimen>
<dimen name="layout_y_330">884.0px</dimen>
<dimen name="layout_y_331">887.0px</dimen>
<dimen name="layout_y_332">889.0px</dimen>
<dimen name="layout_y_333">892.0px</dimen>
<dimen name="layout_y_334">895.0px</dimen>
<dimen name="layout_y_335">897.0px</dimen>
<dimen name="layout_y_336">900.0px</dimen>
<dimen name="layout_y_337">903.0px</dimen>
<dimen name="layout_y_338">905.0px</dimen>
<dimen name="layout_y_339">908.0px</dimen>
<dimen name="layout_y_340">911.0px</dimen>
<dimen name="layout_y_341">913.0px</dimen>
<dimen name="layout_y_342">916.0px</dimen>
<dimen name="layout_y_343">919.0px</dimen>
<dimen name="layout_y_344">921.0px</dimen>
<dimen name="layout_y_345">924.0px</dimen>
<dimen name="layout_y_346">927.0px</dimen>
<dimen name="layout_y_347">929.0px</dimen>
<dimen name="layout_y_348">932.0px</dimen>
<dimen name="layout_y_349">935.0px</dimen>
<dimen name="layout_y_350">938.0px</dimen>
<dimen name="layout_y_351">940.0px</dimen>
<dimen name="layout_y_352">943.0px</dimen>
<dimen name="layout_y_353">946.0px</dimen>
<dimen name="layout_y_354">948.0px</dimen>
<dimen name="layout_y_355">951.0px</dimen>
<dimen name="layout_y_356">954.0px</dimen>
<dimen name="layout_y_357">956.0px</dimen>
<dimen name="layout_y_358">959.0px</dimen>
<dimen name="layout_y_359">962.0px</dimen>
<dimen name="layout_y_360">964.0px</dimen>
<dimen name="layout_y_361">967.0px</dimen>
<dimen name="layout_y_362">970.0px</dimen>
<dimen name="layout_y_363">972.0px</dimen>
<dimen name="layout_y_364">975.0px</dimen>
<dimen name="layout_y_365">978.0px</dimen>
<dimen name="layout_y_366">980.0px</dimen>
<dimen name="layout_y_367">983.0px</dimen>
<dimen name="layout_y_368">986.0px</dimen>
<dimen name="layout_y_369">988.0px</dimen>
<dimen name="layout_y_370">991.0px</dimen>
<dimen name="layout_y_371">994.0px</dimen>
<dimen name="layout_y_372">996.0px</dimen>
<dimen name="layout_y_373">999.0px</dimen>
<dimen name="layout_y_374">1002.0px</dimen>
<dimen name="layout_y_375">1005.0px</dimen>
<dimen name="layout_y_376">1007.0px</dimen>
<dimen name="layout_y_377">1010.0px</dimen>
<dimen name="layout_y_378">1013.0px</dimen>
<dimen name="layout_y_379">1015.0px</dimen>
<dimen name="layout_y_380">1018.0px</dimen>
<dimen name="layout_y_381">1021.0px</dimen>
<dimen name="layout_y_382">1023.0px</dimen>
<dimen name="layout_y_383">1026.0px</dimen>
<dimen name="layout_y_384">1029.0px</dimen>
<dimen name="layout_y_385">1031.0px</dimen>
<dimen name="layout_y_386">1034.0px</dimen>
<dimen name="layout_y_387">1037.0px</dimen>
<dimen name="layout_y_388">1039.0px</dimen>
<dimen name="layout_y_389">1042.0px</dimen>
<dimen name="layout_y_390">1045.0px</dimen>
<dimen name="layout_y_391">1047.0px</dimen>
<dimen name="layout_y_392">1050.0px</dimen>
<dimen name="layout_y_393">1053.0px</dimen>
<dimen name="layout_y_394">1055.0px</dimen>
<dimen name="layout_y_395">1058.0px</dimen>
<dimen name="layout_y_396">1061.0px</dimen>
<dimen name="layout_y_397">1063.0px</dimen>
<dimen name="layout_y_398">1066.0px</dimen>
<dimen name="layout_y_399">1069.0px</dimen>
<dimen name="layout_y_400">1072.0px</dimen>
<dimen name="layout_y_401">1074.0px</dimen>
<dimen name="layout_y_402">1077.0px</dimen>
<dimen name="layout_y_403">1080.0px</dimen>
<dimen name="layout_y_404">1082.0px</dimen>
<dimen name="layout_y_405">1085.0px</dimen>
<dimen name="layout_y_406">1088.0px</dimen>
<dimen name="layout_y_407">1090.0px</dimen>
<dimen name="layout_y_408">1093.0px</dimen>
<dimen name="layout_y_409">1096.0px</dimen>
<dimen name="layout_y_410">1098.0px</dimen>
<dimen name="layout_y_411">1101.0px</dimen>
<dimen name="layout_y_412">1104.0px</dimen>
<dimen name="layout_y_413">1106.0px</dimen>
<dimen name="layout_y_414">1109.0px</dimen>
<dimen name="layout_y_415">1112.0px</dimen>
<dimen name="layout_y_416">1114.0px</dimen>
<dimen name="layout_y_417">1117.0px</dimen>
<dimen name="layout_y_418">1120.0px</dimen>
<dimen name="layout_y_419">1122.0px</dimen>
<dimen name="layout_y_420">1125.0px</dimen>
<dimen name="layout_y_421">1128.0px</dimen>
<dimen name="layout_y_422">1130.0px</dimen>
<dimen name="layout_y_423">1133.0px</dimen>
<dimen name="layout_y_424">1136.0px</dimen>
<dimen name="layout_y_425">1139.0px</dimen>
<dimen name="layout_y_426">1141.0px</dimen>
<dimen name="layout_y_427">1144.0px</dimen>
<dimen name="layout_y_428">1147.0px</dimen>
<dimen name="layout_y_429">1149.0px</dimen>
<dimen name="layout_y_430">1152.0px</dimen>
<dimen name="layout_y_431">1155.0px</dimen>
<dimen name="layout_y_432">1157.0px</dimen>
<dimen name="layout_y_433">1160.0px</dimen>
<dimen name="layout_y_434">1163.0px</dimen>
<dimen name="layout_y_435">1165.0px</dimen>
<dimen name="layout_y_436">1168.0px</dimen>
<dimen name="layout_y_437">1171.0px</dimen>
<dimen name="layout_y_438">1173.0px</dimen>
<dimen name="layout_y_439">1176.0px</dimen>
<dimen name="layout_y_440">1179.0px</dimen>
<dimen name="layout_y_441">1181.0px</dimen>
<dimen name="layout_y_442">1184.0px</dimen>
<dimen name="layout_y_443">1187.0px</dimen>
<dimen name="layout_y_444">1189.0px</dimen>
<dimen name="layout_y_445">1192.0px</dimen>
<dimen name="layout_y_446">1195.0px</dimen>
<dimen name="layout_y_447">1197.0px</dimen>
<dimen name="layout_y_448">1200.0px</dimen>
<dimen name="layout_y_449">1203.0px</dimen>
<dimen name="layout_y_450">1206.0px</dimen>
<dimen name="layout_y_451">1208.0px</dimen>
<dimen name="layout_y_452">1211.0px</dimen>
<dimen name="layout_y_453">1214.0px</dimen>
<dimen name="layout_y_454">1216.0px</dimen>
<dimen name="layout_y_455">1219.0px</dimen>
<dimen name="layout_y_456">1222.0px</dimen>
<dimen name="layout_y_457">1224.0px</dimen>
<dimen name="layout_y_458">1227.0px</dimen>
<dimen name="layout_y_459">1230.0px</dimen>
<dimen name="layout_y_460">1232.0px</dimen>
<dimen name="layout_y_461">1235.0px</dimen>
<dimen name="layout_y_462">1238.0px</dimen>
<dimen name="layout_y_463">1240.0px</dimen>
<dimen name="layout_y_464">1243.0px</dimen>
<dimen name="layout_y_465">1246.0px</dimen>
<dimen name="layout_y_466">1248.0px</dimen>
<dimen name="layout_y_467">1251.0px</dimen>
<dimen name="layout_y_468">1254.0px</dimen>
<dimen name="layout_y_469">1256.0px</dimen>
<dimen name="layout_y_470">1259.0px</dimen>
<dimen name="layout_y_471">1262.0px</dimen>
<dimen name="layout_y_472">1264.0px</dimen>
<dimen name="layout_y_473">1267.0px</dimen>
<dimen name="layout_y_474">1270.0px</dimen>
<dimen name="layout_y_475">1273.0px</dimen>
<dimen name="layout_y_476">1275.0px</dimen>
<dimen name="layout_y_477">1278.0px</dimen>
<dimen name="layout_y_478">1281.0px</dimen>
<dimen name="layout_y_479">1283.0px</dimen>
<dimen name="layout_y_480">1286.0px</dimen>
<dimen name="layout_y_481">1289.0px</dimen>
<dimen name="layout_y_482">1291.0px</dimen>
<dimen name="layout_y_483">1294.0px</dimen>
<dimen name="layout_y_484">1297.0px</dimen>
<dimen name="layout_y_485">1299.0px</dimen>
<dimen name="layout_y_486">1302.0px</dimen>
<dimen name="layout_y_487">1305.0px</dimen>
<dimen name="layout_y_488">1307.0px</dimen>
<dimen name="layout_y_489">1310.0px</dimen>
<dimen name="layout_y_490">1313.0px</dimen>
<dimen name="layout_y_491">1315.0px</dimen>
<dimen name="layout_y_492">1318.0px</dimen>
<dimen name="layout_y_493">1321.0px</dimen>
<dimen name="layout_y_494">1323.0px</dimen>
<dimen name="layout_y_495">1326.0px</dimen>
<dimen name="layout_y_496">1329.0px</dimen>
<dimen name="layout_y_497">1331.0px</dimen>
<dimen name="layout_y_498">1334.0px</dimen>
<dimen name="layout_y_499">1337.0px</dimen>
<dimen name="layout_y_500">1340.0px</dimen>
<dimen name="layout_y_501">1342.0px</dimen>
<dimen name="layout_y_502">1345.0px</dimen>
<dimen name="layout_y_503">1348.0px</dimen>
<dimen name="layout_y_504">1350.0px</dimen>
<dimen name="layout_y_505">1353.0px</dimen>
<dimen name="layout_y_506">1356.0px</dimen>
<dimen name="layout_y_507">1358.0px</dimen>
<dimen name="layout_y_508">1361.0px</dimen>
<dimen name="layout_y_509">1364.0px</dimen>
<dimen name="layout_y_510">1366.0px</dimen>
<dimen name="layout_y_511">1369.0px</dimen>
<dimen name="layout_y_512">1372.0px</dimen>
<dimen name="layout_y_513">1374.0px</dimen>
<dimen name="layout_y_514">1377.0px</dimen>
<dimen name="layout_y_515">1380.0px</dimen>
<dimen name="layout_y_516">1382.0px</dimen>
<dimen name="layout_y_517">1385.0px</dimen>
<dimen name="layout_y_518">1388.0px</dimen>
<dimen name="layout_y_519">1390.0px</dimen>
<dimen name="layout_y_520">1393.0px</dimen>
<dimen name="layout_y_521">1396.0px</dimen>
<dimen name="layout_y_522">1398.0px</dimen>
<dimen name="layout_y_523">1401.0px</dimen>
<dimen name="layout_y_524">1404.0px</dimen>
<dimen name="layout_y_525">1407.0px</dimen>
<dimen name="layout_y_526">1409.0px</dimen>
<dimen name="layout_y_527">1412.0px</dimen>
<dimen name="layout_y_528">1415.0px</dimen>
<dimen name="layout_y_529">1417.0px</dimen>
<dimen name="layout_y_530">1420.0px</dimen>
<dimen name="layout_y_531">1423.0px</dimen>
<dimen name="layout_y_532">1425.0px</dimen>
<dimen name="layout_y_533">1428.0px</dimen>
<dimen name="layout_y_534">1431.0px</dimen>
<dimen name="layout_y_535">1433.0px</dimen>
<dimen name="layout_y_536">1436.0px</dimen>
<dimen name="layout_y_537">1439.0px</dimen>
<dimen name="layout_y_538">1441.0px</dimen>
<dimen name="layout_y_539">1444.0px</dimen>
<dimen name="layout_y_540">1447.0px</dimen>
<dimen name="layout_y_541">1449.0px</dimen>
<dimen name="layout_y_542">1452.0px</dimen>
<dimen name="layout_y_543">1455.0px</dimen>
<dimen name="layout_y_544">1457.0px</dimen>
<dimen name="layout_y_545">1460.0px</dimen>
<dimen name="layout_y_546">1463.0px</dimen>
<dimen name="layout_y_547">1465.0px</dimen>
<dimen name="layout_y_548">1468.0px</dimen>
<dimen name="layout_y_549">1471.0px</dimen>
<dimen name="layout_y_550">1474.0px</dimen>
<dimen name="layout_y_551">1476.0px</dimen>
<dimen name="layout_y_552">1479.0px</dimen>
<dimen name="layout_y_553">1482.0px</dimen>
<dimen name="layout_y_554">1484.0px</dimen>
<dimen name="layout_y_555">1487.0px</dimen>
<dimen name="layout_y_556">1490.0px</dimen>
<dimen name="layout_y_557">1492.0px</dimen>
<dimen name="layout_y_558">1495.0px</dimen>
<dimen name="layout_y_559">1498.0px</dimen>
<dimen name="layout_y_560">1500.0px</dimen>
<dimen name="layout_y_561">1503.0px</dimen>
<dimen name="layout_y_562">1506.0px</dimen>
<dimen name="layout_y_563">1508.0px</dimen>
<dimen name="layout_y_564">1511.0px</dimen>
<dimen name="layout_y_565">1514.0px</dimen>
<dimen name="layout_y_566">1516.0px</dimen>
<dimen name="layout_y_567">1519.0px</dimen>
<dimen name="layout_y_568">1522.0px</dimen>
<dimen name="layout_y_569">1524.0px</dimen>
<dimen name="layout_y_570">1527.0px</dimen>
<dimen name="layout_y_571">1530.0px</dimen>
<dimen name="layout_y_572">1532.0px</dimen>
<dimen name="layout_y_573">1535.0px</dimen>
<dimen name="layout_y_574">1538.0px</dimen>
<dimen name="layout_y_575">1541.0px</dimen>
<dimen name="layout_y_576">1543.0px</dimen>
<dimen name="layout_y_577">1546.0px</dimen>
<dimen name="layout_y_578">1549.0px</dimen>
<dimen name="layout_y_579">1551.0px</dimen>
<dimen name="layout_y_580">1554.0px</dimen>
<dimen name="layout_y_581">1557.0px</dimen>
<dimen name="layout_y_582">1559.0px</dimen>
<dimen name="layout_y_583">1562.0px</dimen>
<dimen name="layout_y_584">1565.0px</dimen>
<dimen name="layout_y_585">1567.0px</dimen>
<dimen name="layout_y_586">1570.0px</dimen>
<dimen name="layout_y_587">1573.0px</dimen>
<dimen name="layout_y_588">1575.0px</dimen>
<dimen name="layout_y_589">1578.0px</dimen>
<dimen name="layout_y_590">1581.0px</dimen>
<dimen name="layout_y_591">1583.0px</dimen>
<dimen name="layout_y_592">1586.0px</dimen>
<dimen name="layout_y_593">1589.0px</dimen>
<dimen name="layout_y_594">1591.0px</dimen>
<dimen name="layout_y_595">1594.0px</dimen>
<dimen name="layout_y_596">1597.0px</dimen>
<dimen name="layout_y_597">1599.0px</dimen>
<dimen name="layout_y_598">1602.0px</dimen>
<dimen name="layout_y_599">1605.0px</dimen>
<dimen name="layout_y_600">1608.0px</dimen>
<dimen name="layout_y_601">1610.0px</dimen>
<dimen name="layout_y_602">1613.0px</dimen>
<dimen name="layout_y_603">1616.0px</dimen>
<dimen name="layout_y_604">1618.0px</dimen>
<dimen name="layout_y_605">1621.0px</dimen>
<dimen name="layout_y_606">1624.0px</dimen>
<dimen name="layout_y_607">1626.0px</dimen>
<dimen name="layout_y_608">1629.0px</dimen>
<dimen name="layout_y_609">1632.0px</dimen>
<dimen name="layout_y_610">1634.0px</dimen>
<dimen name="layout_y_611">1637.0px</dimen>
<dimen name="layout_y_612">1640.0px</dimen>
<dimen name="layout_y_613">1642.0px</dimen>
<dimen name="layout_y_614">1645.0px</dimen>
<dimen name="layout_y_615">1648.0px</dimen>
<dimen name="layout_y_616">1650.0px</dimen>
<dimen name="layout_y_617">1653.0px</dimen>
<dimen name="layout_y_618">1656.0px</dimen>
<dimen name="layout_y_619">1658.0px</dimen>
<dimen name="layout_y_620">1661.0px</dimen>
<dimen name="layout_y_621">1664.0px</dimen>
<dimen name="layout_y_622">1666.0px</dimen>
<dimen name="layout_y_623">1669.0px</dimen>
<dimen name="layout_y_624">1672.0px</dimen>
<dimen name="layout_y_625">1675.0px</dimen>
<dimen name="layout_y_626">1677.0px</dimen>
<dimen name="layout_y_627">1680.0px</dimen>
<dimen name="layout_y_628">1683.0px</dimen>
<dimen name="layout_y_629">1685.0px</dimen>
<dimen name="layout_y_630">1688.0px</dimen>
<dimen name="layout_y_631">1691.0px</dimen>
<dimen name="layout_y_632">1693.0px</dimen>
<dimen name="layout_y_633">1696.0px</dimen>
<dimen name="layout_y_634">1699.0px</dimen>
<dimen name="layout_y_635">1701.0px</dimen>
<dimen name="layout_y_636">1704.0px</dimen>
<dimen name="layout_y_637">1707.0px</dimen>
<dimen name="layout_y_638">1709.0px</dimen>
<dimen name="layout_y_639">1712.0px</dimen>
<dimen name="layout_y_640">1715.0px</dimen>
<dimen name="layout_y_641">1717.0px</dimen>
<dimen name="layout_y_642">1720.0px</dimen>
<dimen name="layout_y_643">1723.0px</dimen>
<dimen name="layout_y_644">1725.0px</dimen>
<dimen name="layout_y_645">1728.0px</dimen>
<dimen name="layout_y_646">1731.0px</dimen>
<dimen name="layout_y_647">1733.0px</dimen>
<dimen name="layout_y_648">1736.0px</dimen>
<dimen name="layout_y_649">1739.0px</dimen>
<dimen name="layout_y_650">1742.0px</dimen>
<dimen name="layout_y_651">1744.0px</dimen>
<dimen name="layout_y_652">1747.0px</dimen>
<dimen name="layout_y_653">1750.0px</dimen>
<dimen name="layout_y_654">1752.0px</dimen>
<dimen name="layout_y_655">1755.0px</dimen>
<dimen name="layout_y_656">1758.0px</dimen>
<dimen name="layout_y_657">1760.0px</dimen>
<dimen name="layout_y_658">1763.0px</dimen>
<dimen name="layout_y_659">1766.0px</dimen>
<dimen name="layout_y_660">1768.0px</dimen>
<dimen name="layout_y_661">1771.0px</dimen>
<dimen name="layout_y_662">1774.0px</dimen>
<dimen name="layout_y_663">1776.0px</dimen>
<dimen name="layout_y_664">1779.0px</dimen>
<dimen name="layout_y_665">1782.0px</dimen>
<dimen name="layout_y_666">1784.0px</dimen>
<dimen name="layout_y_667">1787.0px</dimen>
<dimen name="layout_y_668">1790.0px</dimen>
<dimen name="layout_y_669">1792.0px</dimen>
<dimen name="layout_y_670">1795.0px</dimen>
<dimen name="layout_y_671">1798.0px</dimen>
<dimen name="layout_y_672">1800.0px</dimen>
<dimen name="layout_y_673">1803.0px</dimen>
<dimen name="layout_y_674">1806.0px</dimen>
<dimen name="layout_y_675">1809.0px</dimen>
<dimen name="layout_y_676">1811.0px</dimen>
<dimen name="layout_y_677">1814.0px</dimen>
<dimen name="layout_y_678">1817.0px</dimen>
<dimen name="layout_y_679">1819.0px</dimen>
<dimen name="layout_y_680">1822.0px</dimen>
<dimen name="layout_y_681">1825.0px</dimen>
<dimen name="layout_y_682">1827.0px</dimen>
<dimen name="layout_y_683">1830.0px</dimen>
<dimen name="layout_y_684">1833.0px</dimen>
<dimen name="layout_y_685">1835.0px</dimen>
<dimen name="layout_y_686">1838.0px</dimen>
<dimen name="layout_y_687">1841.0px</dimen>
<dimen name="layout_y_688">1843.0px</dimen>
<dimen name="layout_y_689">1846.0px</dimen>
<dimen name="layout_y_690">1849.0px</dimen>
<dimen name="layout_y_691">1851.0px</dimen>
<dimen name="layout_y_692">1854.0px</dimen>
<dimen name="layout_y_693">1857.0px</dimen>
<dimen name="layout_y_694">1859.0px</dimen>
<dimen name="layout_y_695">1862.0px</dimen>
<dimen name="layout_y_696">1865.0px</dimen>
<dimen name="layout_y_697">1867.0px</dimen>
<dimen name="layout_y_698">1870.0px</dimen>
<dimen name="layout_y_699">1873.0px</dimen>
<dimen name="layout_y_700">1876.0px</dimen>
<dimen name="layout_y_701">1878.0px</dimen>
<dimen name="layout_y_702">1881.0px</dimen>
<dimen name="layout_y_703">1884.0px</dimen>
<dimen name="layout_y_704">1886.0px</dimen>
<dimen name="layout_y_705">1889.0px</dimen>
<dimen name="layout_y_706">1892.0px</dimen>
<dimen name="layout_y_707">1894.0px</dimen>
<dimen name="layout_y_708">1897.0px</dimen>
<dimen name="layout_y_709">1900.0px</dimen>
<dimen name="layout_y_710">1902.0px</dimen>
<dimen name="layout_y_711">1905.0px</dimen>
<dimen name="layout_y_712">1908.0px</dimen>
<dimen name="layout_y_713">1910.0px</dimen>
<dimen name="layout_y_714">1913.0px</dimen>
<dimen name="layout_y_715">1916.0px</dimen>
<dimen name="layout_y_716">1918.0px</dimen>
<dimen name="layout_y_717">1921.0px</dimen>
<dimen name="layout_y_718">1924.0px</dimen>
<dimen name="layout_y_719">1926.0px</dimen>
<dimen name="layout_y_720">1929.0px</dimen>
<dimen name="layout_y_721">1932.0px</dimen>
<dimen name="layout_y_722">1934.0px</dimen>
<dimen name="layout_y_723">1937.0px</dimen>
<dimen name="layout_y_724">1940.0px</dimen>
<dimen name="layout_y_725">1943.0px</dimen>
<dimen name="layout_y_726">1945.0px</dimen>
<dimen name="layout_y_727">1948.0px</dimen>
<dimen name="layout_y_728">1951.0px</dimen>
<dimen name="layout_y_729">1953.0px</dimen>
<dimen name="layout_y_730">1956.0px</dimen>
<dimen name="layout_y_731">1959.0px</dimen>
<dimen name="layout_y_732">1961.0px</dimen>
<dimen name="layout_y_733">1964.0px</dimen>
<dimen name="layout_y_734">1967.0px</dimen>
<dimen name="layout_y_735">1969.0px</dimen>
<dimen name="layout_y_736">1972.0px</dimen>
<dimen name="layout_y_737">1975.0px</dimen>
<dimen name="layout_y_738">1977.0px</dimen>
<dimen name="layout_y_739">1980.0px</dimen>
<dimen name="layout_y_740">1983.0px</dimen>
<dimen name="layout_y_741">1985.0px</dimen>
<dimen name="layout_y_742">1988.0px</dimen>
<dimen name="layout_y_743">1991.0px</dimen>
<dimen name="layout_y_744">1993.0px</dimen>
<dimen name="layout_y_745">1996.0px</dimen>
<dimen name="layout_y_746">1999.0px</dimen>
<dimen name="layout_y_747">2001.0px</dimen>
<dimen name="layout_y_748">2004.0px</dimen>
<dimen name="layout_y_749">2007.0px</dimen>
<dimen name="layout_y_750">2010.0px</dimen>
<dimen name="layout_y_751">2012.0px</dimen>
<dimen name="layout_y_752">2015.0px</dimen>
<dimen name="layout_y_753">2018.0px</dimen>
<dimen name="layout_y_754">2020.0px</dimen>
<dimen name="layout_y_755">2023.0px</dimen>
<dimen name="layout_y_756">2026.0px</dimen>
<dimen name="layout_y_757">2028.0px</dimen>
<dimen name="layout_y_758">2031.0px</dimen>
<dimen name="layout_y_759">2034.0px</dimen>
<dimen name="layout_y_760">2036.0px</dimen>
<dimen name="layout_y_761">2039.0px</dimen>
<dimen name="layout_y_762">2042.0px</dimen>
<dimen name="layout_y_763">2044.0px</dimen>
<dimen name="layout_y_764">2047.0px</dimen>
<dimen name="layout_y_765">2050.0px</dimen>
<dimen name="layout_y_766">2052.0px</dimen>
<dimen name="layout_y_767">2055.0px</dimen>
<dimen name="layout_y_768">2058.0px</dimen>
<dimen name="layout_y_769">2060.0px</dimen>
<dimen name="layout_y_770">2063.0px</dimen>
<dimen name="layout_y_771">2066.0px</dimen>
<dimen name="layout_y_772">2068.0px</dimen>
<dimen name="layout_y_773">2071.0px</dimen>
<dimen name="layout_y_774">2074.0px</dimen>
<dimen name="layout_y_775">2077.0px</dimen>
<dimen name="layout_y_776">2079.0px</dimen>
<dimen name="layout_y_777">2082.0px</dimen>
<dimen name="layout_y_778">2085.0px</dimen>
<dimen name="layout_y_779">2087.0px</dimen>
<dimen name="layout_y_780">2090.0px</dimen>
<dimen name="layout_y_781">2093.0px</dimen>
<dimen name="layout_y_782">2095.0px</dimen>
<dimen name="layout_y_783">2098.0px</dimen>
<dimen name="layout_y_784">2101.0px</dimen>
<dimen name="layout_y_785">2103.0px</dimen>
<dimen name="layout_y_786">2106.0px</dimen>
<dimen name="layout_y_787">2109.0px</dimen>
<dimen name="layout_y_788">2111.0px</dimen>
<dimen name="layout_y_789">2114.0px</dimen>
<dimen name="layout_y_790">2117.0px</dimen>
<dimen name="layout_y_791">2119.0px</dimen>
<dimen name="layout_y_792">2122.0px</dimen>
<dimen name="layout_y_793">2125.0px</dimen>
<dimen name="layout_y_794">2127.0px</dimen>
<dimen name="layout_y_795">2130.0px</dimen>
<dimen name="layout_y_796">2133.0px</dimen>
<dimen name="layout_y_797">2135.0px</dimen>
<dimen name="layout_y_798">2138.0px</dimen>
<dimen name="layout_y_799">2141.0px</dimen>
<dimen name="layout_y_800">1920px</dimen>
</resources>