<?xml version="1.0" encoding="utf-8"?>
<resources><dimen name="layout_y_0">0.0px</dimen>
<dimen name="layout_y_1">0.0px</dimen>
<dimen name="layout_y_2">1.0px</dimen>
<dimen name="layout_y_3">2.0px</dimen>
<dimen name="layout_y_4">2.0px</dimen>
<dimen name="layout_y_5">3.0px</dimen>
<dimen name="layout_y_6">4.0px</dimen>
<dimen name="layout_y_7">4.0px</dimen>
<dimen name="layout_y_8">5.0px</dimen>
<dimen name="layout_y_9">6.0px</dimen>
<dimen name="layout_y_10">6.0px</dimen>
<dimen name="layout_y_11">7.0px</dimen>
<dimen name="layout_y_12">8.0px</dimen>
<dimen name="layout_y_13">8.0px</dimen>
<dimen name="layout_y_14">9.0px</dimen>
<dimen name="layout_y_15">10.0px</dimen>
<dimen name="layout_y_16">10.0px</dimen>
<dimen name="layout_y_17">11.0px</dimen>
<dimen name="layout_y_18">12.0px</dimen>
<dimen name="layout_y_19">12.0px</dimen>
<dimen name="layout_y_20">13.0px</dimen>
<dimen name="layout_y_21">14.0px</dimen>
<dimen name="layout_y_22">14.0px</dimen>
<dimen name="layout_y_23">15.0px</dimen>
<dimen name="layout_y_24">16.0px</dimen>
<dimen name="layout_y_25">16.0px</dimen>
<dimen name="layout_y_26">17.0px</dimen>
<dimen name="layout_y_27">18.0px</dimen>
<dimen name="layout_y_28">18.0px</dimen>
<dimen name="layout_y_29">19.0px</dimen>
<dimen name="layout_y_30">20.0px</dimen>
<dimen name="layout_y_31">20.0px</dimen>
<dimen name="layout_y_32">21.0px</dimen>
<dimen name="layout_y_33">22.0px</dimen>
<dimen name="layout_y_34">22.0px</dimen>
<dimen name="layout_y_35">23.0px</dimen>
<dimen name="layout_y_36">24.0px</dimen>
<dimen name="layout_y_37">24.0px</dimen>
<dimen name="layout_y_38">25.0px</dimen>
<dimen name="layout_y_39">26.0px</dimen>
<dimen name="layout_y_40">26.0px</dimen>
<dimen name="layout_y_41">27.0px</dimen>
<dimen name="layout_y_42">28.0px</dimen>
<dimen name="layout_y_43">28.0px</dimen>
<dimen name="layout_y_44">29.0px</dimen>
<dimen name="layout_y_45">30.0px</dimen>
<dimen name="layout_y_46">30.0px</dimen>
<dimen name="layout_y_47">31.0px</dimen>
<dimen name="layout_y_48">32.0px</dimen>
<dimen name="layout_y_49">32.0px</dimen>
<dimen name="layout_y_50">33.0px</dimen>
<dimen name="layout_y_51">34.0px</dimen>
<dimen name="layout_y_52">34.0px</dimen>
<dimen name="layout_y_53">35.0px</dimen>
<dimen name="layout_y_54">36.0px</dimen>
<dimen name="layout_y_55">36.0px</dimen>
<dimen name="layout_y_56">37.0px</dimen>
<dimen name="layout_y_57">38.0px</dimen>
<dimen name="layout_y_58">38.0px</dimen>
<dimen name="layout_y_59">39.0px</dimen>
<dimen name="layout_y_60">40.0px</dimen>
<dimen name="layout_y_61">40.0px</dimen>
<dimen name="layout_y_62">41.0px</dimen>
<dimen name="layout_y_63">42.0px</dimen>
<dimen name="layout_y_64">42.0px</dimen>
<dimen name="layout_y_65">43.0px</dimen>
<dimen name="layout_y_66">44.0px</dimen>
<dimen name="layout_y_67">44.0px</dimen>
<dimen name="layout_y_68">45.0px</dimen>
<dimen name="layout_y_69">46.0px</dimen>
<dimen name="layout_y_70">46.0px</dimen>
<dimen name="layout_y_71">47.0px</dimen>
<dimen name="layout_y_72">48.0px</dimen>
<dimen name="layout_y_73">48.0px</dimen>
<dimen name="layout_y_74">49.0px</dimen>
<dimen name="layout_y_75">50.0px</dimen>
<dimen name="layout_y_76">50.0px</dimen>
<dimen name="layout_y_77">51.0px</dimen>
<dimen name="layout_y_78">52.0px</dimen>
<dimen name="layout_y_79">52.0px</dimen>
<dimen name="layout_y_80">53.0px</dimen>
<dimen name="layout_y_81">54.0px</dimen>
<dimen name="layout_y_82">54.0px</dimen>
<dimen name="layout_y_83">55.0px</dimen>
<dimen name="layout_y_84">56.0px</dimen>
<dimen name="layout_y_85">56.0px</dimen>
<dimen name="layout_y_86">57.0px</dimen>
<dimen name="layout_y_87">58.0px</dimen>
<dimen name="layout_y_88">58.0px</dimen>
<dimen name="layout_y_89">59.0px</dimen>
<dimen name="layout_y_90">60.0px</dimen>
<dimen name="layout_y_91">60.0px</dimen>
<dimen name="layout_y_92">61.0px</dimen>
<dimen name="layout_y_93">62.0px</dimen>
<dimen name="layout_y_94">62.0px</dimen>
<dimen name="layout_y_95">63.0px</dimen>
<dimen name="layout_y_96">64.0px</dimen>
<dimen name="layout_y_97">64.0px</dimen>
<dimen name="layout_y_98">65.0px</dimen>
<dimen name="layout_y_99">66.0px</dimen>
<dimen name="layout_y_100">67.0px</dimen>
<dimen name="layout_y_101">67.0px</dimen>
<dimen name="layout_y_102">68.0px</dimen>
<dimen name="layout_y_103">69.0px</dimen>
<dimen name="layout_y_104">69.0px</dimen>
<dimen name="layout_y_105">70.0px</dimen>
<dimen name="layout_y_106">71.0px</dimen>
<dimen name="layout_y_107">71.0px</dimen>
<dimen name="layout_y_108">72.0px</dimen>
<dimen name="layout_y_109">73.0px</dimen>
<dimen name="layout_y_110">73.0px</dimen>
<dimen name="layout_y_111">74.0px</dimen>
<dimen name="layout_y_112">75.0px</dimen>
<dimen name="layout_y_113">75.0px</dimen>
<dimen name="layout_y_114">76.0px</dimen>
<dimen name="layout_y_115">77.0px</dimen>
<dimen name="layout_y_116">77.0px</dimen>
<dimen name="layout_y_117">78.0px</dimen>
<dimen name="layout_y_118">79.0px</dimen>
<dimen name="layout_y_119">79.0px</dimen>
<dimen name="layout_y_120">80.0px</dimen>
<dimen name="layout_y_121">81.0px</dimen>
<dimen name="layout_y_122">81.0px</dimen>
<dimen name="layout_y_123">82.0px</dimen>
<dimen name="layout_y_124">83.0px</dimen>
<dimen name="layout_y_125">83.0px</dimen>
<dimen name="layout_y_126">84.0px</dimen>
<dimen name="layout_y_127">85.0px</dimen>
<dimen name="layout_y_128">85.0px</dimen>
<dimen name="layout_y_129">86.0px</dimen>
<dimen name="layout_y_130">87.0px</dimen>
<dimen name="layout_y_131">87.0px</dimen>
<dimen name="layout_y_132">88.0px</dimen>
<dimen name="layout_y_133">89.0px</dimen>
<dimen name="layout_y_134">89.0px</dimen>
<dimen name="layout_y_135">90.0px</dimen>
<dimen name="layout_y_136">91.0px</dimen>
<dimen name="layout_y_137">91.0px</dimen>
<dimen name="layout_y_138">92.0px</dimen>
<dimen name="layout_y_139">93.0px</dimen>
<dimen name="layout_y_140">93.0px</dimen>
<dimen name="layout_y_141">94.0px</dimen>
<dimen name="layout_y_142">95.0px</dimen>
<dimen name="layout_y_143">95.0px</dimen>
<dimen name="layout_y_144">96.0px</dimen>
<dimen name="layout_y_145">97.0px</dimen>
<dimen name="layout_y_146">97.0px</dimen>
<dimen name="layout_y_147">98.0px</dimen>
<dimen name="layout_y_148">99.0px</dimen>
<dimen name="layout_y_149">99.0px</dimen>
<dimen name="layout_y_150">100.0px</dimen>
<dimen name="layout_y_151">101.0px</dimen>
<dimen name="layout_y_152">101.0px</dimen>
<dimen name="layout_y_153">102.0px</dimen>
<dimen name="layout_y_154">103.0px</dimen>
<dimen name="layout_y_155">103.0px</dimen>
<dimen name="layout_y_156">104.0px</dimen>
<dimen name="layout_y_157">105.0px</dimen>
<dimen name="layout_y_158">105.0px</dimen>
<dimen name="layout_y_159">106.0px</dimen>
<dimen name="layout_y_160">107.0px</dimen>
<dimen name="layout_y_161">107.0px</dimen>
<dimen name="layout_y_162">108.0px</dimen>
<dimen name="layout_y_163">109.0px</dimen>
<dimen name="layout_y_164">109.0px</dimen>
<dimen name="layout_y_165">110.0px</dimen>
<dimen name="layout_y_166">111.0px</dimen>
<dimen name="layout_y_167">111.0px</dimen>
<dimen name="layout_y_168">112.0px</dimen>
<dimen name="layout_y_169">113.0px</dimen>
<dimen name="layout_y_170">113.0px</dimen>
<dimen name="layout_y_171">114.0px</dimen>
<dimen name="layout_y_172">115.0px</dimen>
<dimen name="layout_y_173">115.0px</dimen>
<dimen name="layout_y_174">116.0px</dimen>
<dimen name="layout_y_175">117.0px</dimen>
<dimen name="layout_y_176">117.0px</dimen>
<dimen name="layout_y_177">118.0px</dimen>
<dimen name="layout_y_178">119.0px</dimen>
<dimen name="layout_y_179">119.0px</dimen>
<dimen name="layout_y_180">120.0px</dimen>
<dimen name="layout_y_181">121.0px</dimen>
<dimen name="layout_y_182">121.0px</dimen>
<dimen name="layout_y_183">122.0px</dimen>
<dimen name="layout_y_184">123.0px</dimen>
<dimen name="layout_y_185">123.0px</dimen>
<dimen name="layout_y_186">124.0px</dimen>
<dimen name="layout_y_187">125.0px</dimen>
<dimen name="layout_y_188">125.0px</dimen>
<dimen name="layout_y_189">126.0px</dimen>
<dimen name="layout_y_190">127.0px</dimen>
<dimen name="layout_y_191">127.0px</dimen>
<dimen name="layout_y_192">128.0px</dimen>
<dimen name="layout_y_193">129.0px</dimen>
<dimen name="layout_y_194">129.0px</dimen>
<dimen name="layout_y_195">130.0px</dimen>
<dimen name="layout_y_196">131.0px</dimen>
<dimen name="layout_y_197">131.0px</dimen>
<dimen name="layout_y_198">132.0px</dimen>
<dimen name="layout_y_199">133.0px</dimen>
<dimen name="layout_y_200">134.0px</dimen>
<dimen name="layout_y_201">134.0px</dimen>
<dimen name="layout_y_202">135.0px</dimen>
<dimen name="layout_y_203">136.0px</dimen>
<dimen name="layout_y_204">136.0px</dimen>
<dimen name="layout_y_205">137.0px</dimen>
<dimen name="layout_y_206">138.0px</dimen>
<dimen name="layout_y_207">138.0px</dimen>
<dimen name="layout_y_208">139.0px</dimen>
<dimen name="layout_y_209">140.0px</dimen>
<dimen name="layout_y_210">140.0px</dimen>
<dimen name="layout_y_211">141.0px</dimen>
<dimen name="layout_y_212">142.0px</dimen>
<dimen name="layout_y_213">142.0px</dimen>
<dimen name="layout_y_214">143.0px</dimen>
<dimen name="layout_y_215">144.0px</dimen>
<dimen name="layout_y_216">144.0px</dimen>
<dimen name="layout_y_217">145.0px</dimen>
<dimen name="layout_y_218">146.0px</dimen>
<dimen name="layout_y_219">146.0px</dimen>
<dimen name="layout_y_220">147.0px</dimen>
<dimen name="layout_y_221">148.0px</dimen>
<dimen name="layout_y_222">148.0px</dimen>
<dimen name="layout_y_223">149.0px</dimen>
<dimen name="layout_y_224">150.0px</dimen>
<dimen name="layout_y_225">150.0px</dimen>
<dimen name="layout_y_226">151.0px</dimen>
<dimen name="layout_y_227">152.0px</dimen>
<dimen name="layout_y_228">152.0px</dimen>
<dimen name="layout_y_229">153.0px</dimen>
<dimen name="layout_y_230">154.0px</dimen>
<dimen name="layout_y_231">154.0px</dimen>
<dimen name="layout_y_232">155.0px</dimen>
<dimen name="layout_y_233">156.0px</dimen>
<dimen name="layout_y_234">156.0px</dimen>
<dimen name="layout_y_235">157.0px</dimen>
<dimen name="layout_y_236">158.0px</dimen>
<dimen name="layout_y_237">158.0px</dimen>
<dimen name="layout_y_238">159.0px</dimen>
<dimen name="layout_y_239">160.0px</dimen>
<dimen name="layout_y_240">160.0px</dimen>
<dimen name="layout_y_241">161.0px</dimen>
<dimen name="layout_y_242">162.0px</dimen>
<dimen name="layout_y_243">162.0px</dimen>
<dimen name="layout_y_244">163.0px</dimen>
<dimen name="layout_y_245">164.0px</dimen>
<dimen name="layout_y_246">164.0px</dimen>
<dimen name="layout_y_247">165.0px</dimen>
<dimen name="layout_y_248">166.0px</dimen>
<dimen name="layout_y_249">166.0px</dimen>
<dimen name="layout_y_250">167.0px</dimen>
<dimen name="layout_y_251">168.0px</dimen>
<dimen name="layout_y_252">168.0px</dimen>
<dimen name="layout_y_253">169.0px</dimen>
<dimen name="layout_y_254">170.0px</dimen>
<dimen name="layout_y_255">170.0px</dimen>
<dimen name="layout_y_256">171.0px</dimen>
<dimen name="layout_y_257">172.0px</dimen>
<dimen name="layout_y_258">172.0px</dimen>
<dimen name="layout_y_259">173.0px</dimen>
<dimen name="layout_y_260">174.0px</dimen>
<dimen name="layout_y_261">174.0px</dimen>
<dimen name="layout_y_262">175.0px</dimen>
<dimen name="layout_y_263">176.0px</dimen>
<dimen name="layout_y_264">176.0px</dimen>
<dimen name="layout_y_265">177.0px</dimen>
<dimen name="layout_y_266">178.0px</dimen>
<dimen name="layout_y_267">178.0px</dimen>
<dimen name="layout_y_268">179.0px</dimen>
<dimen name="layout_y_269">180.0px</dimen>
<dimen name="layout_y_270">180.0px</dimen>
<dimen name="layout_y_271">181.0px</dimen>
<dimen name="layout_y_272">182.0px</dimen>
<dimen name="layout_y_273">182.0px</dimen>
<dimen name="layout_y_274">183.0px</dimen>
<dimen name="layout_y_275">184.0px</dimen>
<dimen name="layout_y_276">184.0px</dimen>
<dimen name="layout_y_277">185.0px</dimen>
<dimen name="layout_y_278">186.0px</dimen>
<dimen name="layout_y_279">186.0px</dimen>
<dimen name="layout_y_280">187.0px</dimen>
<dimen name="layout_y_281">188.0px</dimen>
<dimen name="layout_y_282">188.0px</dimen>
<dimen name="layout_y_283">189.0px</dimen>
<dimen name="layout_y_284">190.0px</dimen>
<dimen name="layout_y_285">190.0px</dimen>
<dimen name="layout_y_286">191.0px</dimen>
<dimen name="layout_y_287">192.0px</dimen>
<dimen name="layout_y_288">192.0px</dimen>
<dimen name="layout_y_289">193.0px</dimen>
<dimen name="layout_y_290">194.0px</dimen>
<dimen name="layout_y_291">194.0px</dimen>
<dimen name="layout_y_292">195.0px</dimen>
<dimen name="layout_y_293">196.0px</dimen>
<dimen name="layout_y_294">196.0px</dimen>
<dimen name="layout_y_295">197.0px</dimen>
<dimen name="layout_y_296">198.0px</dimen>
<dimen name="layout_y_297">198.0px</dimen>
<dimen name="layout_y_298">199.0px</dimen>
<dimen name="layout_y_299">200.0px</dimen>
<dimen name="layout_y_300">201.0px</dimen>
<dimen name="layout_y_301">201.0px</dimen>
<dimen name="layout_y_302">202.0px</dimen>
<dimen name="layout_y_303">203.0px</dimen>
<dimen name="layout_y_304">203.0px</dimen>
<dimen name="layout_y_305">204.0px</dimen>
<dimen name="layout_y_306">205.0px</dimen>
<dimen name="layout_y_307">205.0px</dimen>
<dimen name="layout_y_308">206.0px</dimen>
<dimen name="layout_y_309">207.0px</dimen>
<dimen name="layout_y_310">207.0px</dimen>
<dimen name="layout_y_311">208.0px</dimen>
<dimen name="layout_y_312">209.0px</dimen>
<dimen name="layout_y_313">209.0px</dimen>
<dimen name="layout_y_314">210.0px</dimen>
<dimen name="layout_y_315">211.0px</dimen>
<dimen name="layout_y_316">211.0px</dimen>
<dimen name="layout_y_317">212.0px</dimen>
<dimen name="layout_y_318">213.0px</dimen>
<dimen name="layout_y_319">213.0px</dimen>
<dimen name="layout_y_320">214.0px</dimen>
<dimen name="layout_y_321">215.0px</dimen>
<dimen name="layout_y_322">215.0px</dimen>
<dimen name="layout_y_323">216.0px</dimen>
<dimen name="layout_y_324">217.0px</dimen>
<dimen name="layout_y_325">217.0px</dimen>
<dimen name="layout_y_326">218.0px</dimen>
<dimen name="layout_y_327">219.0px</dimen>
<dimen name="layout_y_328">219.0px</dimen>
<dimen name="layout_y_329">220.0px</dimen>
<dimen name="layout_y_330">221.0px</dimen>
<dimen name="layout_y_331">221.0px</dimen>
<dimen name="layout_y_332">222.0px</dimen>
<dimen name="layout_y_333">223.0px</dimen>
<dimen name="layout_y_334">223.0px</dimen>
<dimen name="layout_y_335">224.0px</dimen>
<dimen name="layout_y_336">225.0px</dimen>
<dimen name="layout_y_337">225.0px</dimen>
<dimen name="layout_y_338">226.0px</dimen>
<dimen name="layout_y_339">227.0px</dimen>
<dimen name="layout_y_340">227.0px</dimen>
<dimen name="layout_y_341">228.0px</dimen>
<dimen name="layout_y_342">229.0px</dimen>
<dimen name="layout_y_343">229.0px</dimen>
<dimen name="layout_y_344">230.0px</dimen>
<dimen name="layout_y_345">231.0px</dimen>
<dimen name="layout_y_346">231.0px</dimen>
<dimen name="layout_y_347">232.0px</dimen>
<dimen name="layout_y_348">233.0px</dimen>
<dimen name="layout_y_349">233.0px</dimen>
<dimen name="layout_y_350">234.0px</dimen>
<dimen name="layout_y_351">235.0px</dimen>
<dimen name="layout_y_352">235.0px</dimen>
<dimen name="layout_y_353">236.0px</dimen>
<dimen name="layout_y_354">237.0px</dimen>
<dimen name="layout_y_355">237.0px</dimen>
<dimen name="layout_y_356">238.0px</dimen>
<dimen name="layout_y_357">239.0px</dimen>
<dimen name="layout_y_358">239.0px</dimen>
<dimen name="layout_y_359">240.0px</dimen>
<dimen name="layout_y_360">241.0px</dimen>
<dimen name="layout_y_361">241.0px</dimen>
<dimen name="layout_y_362">242.0px</dimen>
<dimen name="layout_y_363">243.0px</dimen>
<dimen name="layout_y_364">243.0px</dimen>
<dimen name="layout_y_365">244.0px</dimen>
<dimen name="layout_y_366">245.0px</dimen>
<dimen name="layout_y_367">245.0px</dimen>
<dimen name="layout_y_368">246.0px</dimen>
<dimen name="layout_y_369">247.0px</dimen>
<dimen name="layout_y_370">247.0px</dimen>
<dimen name="layout_y_371">248.0px</dimen>
<dimen name="layout_y_372">249.0px</dimen>
<dimen name="layout_y_373">249.0px</dimen>
<dimen name="layout_y_374">250.0px</dimen>
<dimen name="layout_y_375">251.0px</dimen>
<dimen name="layout_y_376">251.0px</dimen>
<dimen name="layout_y_377">252.0px</dimen>
<dimen name="layout_y_378">253.0px</dimen>
<dimen name="layout_y_379">253.0px</dimen>
<dimen name="layout_y_380">254.0px</dimen>
<dimen name="layout_y_381">255.0px</dimen>
<dimen name="layout_y_382">255.0px</dimen>
<dimen name="layout_y_383">256.0px</dimen>
<dimen name="layout_y_384">257.0px</dimen>
<dimen name="layout_y_385">257.0px</dimen>
<dimen name="layout_y_386">258.0px</dimen>
<dimen name="layout_y_387">259.0px</dimen>
<dimen name="layout_y_388">259.0px</dimen>
<dimen name="layout_y_389">260.0px</dimen>
<dimen name="layout_y_390">261.0px</dimen>
<dimen name="layout_y_391">261.0px</dimen>
<dimen name="layout_y_392">262.0px</dimen>
<dimen name="layout_y_393">263.0px</dimen>
<dimen name="layout_y_394">263.0px</dimen>
<dimen name="layout_y_395">264.0px</dimen>
<dimen name="layout_y_396">265.0px</dimen>
<dimen name="layout_y_397">265.0px</dimen>
<dimen name="layout_y_398">266.0px</dimen>
<dimen name="layout_y_399">267.0px</dimen>
<dimen name="layout_y_400">268.0px</dimen>
<dimen name="layout_y_401">268.0px</dimen>
<dimen name="layout_y_402">269.0px</dimen>
<dimen name="layout_y_403">270.0px</dimen>
<dimen name="layout_y_404">270.0px</dimen>
<dimen name="layout_y_405">271.0px</dimen>
<dimen name="layout_y_406">272.0px</dimen>
<dimen name="layout_y_407">272.0px</dimen>
<dimen name="layout_y_408">273.0px</dimen>
<dimen name="layout_y_409">274.0px</dimen>
<dimen name="layout_y_410">274.0px</dimen>
<dimen name="layout_y_411">275.0px</dimen>
<dimen name="layout_y_412">276.0px</dimen>
<dimen name="layout_y_413">276.0px</dimen>
<dimen name="layout_y_414">277.0px</dimen>
<dimen name="layout_y_415">278.0px</dimen>
<dimen name="layout_y_416">278.0px</dimen>
<dimen name="layout_y_417">279.0px</dimen>
<dimen name="layout_y_418">280.0px</dimen>
<dimen name="layout_y_419">280.0px</dimen>
<dimen name="layout_y_420">281.0px</dimen>
<dimen name="layout_y_421">282.0px</dimen>
<dimen name="layout_y_422">282.0px</dimen>
<dimen name="layout_y_423">283.0px</dimen>
<dimen name="layout_y_424">284.0px</dimen>
<dimen name="layout_y_425">284.0px</dimen>
<dimen name="layout_y_426">285.0px</dimen>
<dimen name="layout_y_427">286.0px</dimen>
<dimen name="layout_y_428">286.0px</dimen>
<dimen name="layout_y_429">287.0px</dimen>
<dimen name="layout_y_430">288.0px</dimen>
<dimen name="layout_y_431">288.0px</dimen>
<dimen name="layout_y_432">289.0px</dimen>
<dimen name="layout_y_433">290.0px</dimen>
<dimen name="layout_y_434">290.0px</dimen>
<dimen name="layout_y_435">291.0px</dimen>
<dimen name="layout_y_436">292.0px</dimen>
<dimen name="layout_y_437">292.0px</dimen>
<dimen name="layout_y_438">293.0px</dimen>
<dimen name="layout_y_439">294.0px</dimen>
<dimen name="layout_y_440">294.0px</dimen>
<dimen name="layout_y_441">295.0px</dimen>
<dimen name="layout_y_442">296.0px</dimen>
<dimen name="layout_y_443">296.0px</dimen>
<dimen name="layout_y_444">297.0px</dimen>
<dimen name="layout_y_445">298.0px</dimen>
<dimen name="layout_y_446">298.0px</dimen>
<dimen name="layout_y_447">299.0px</dimen>
<dimen name="layout_y_448">300.0px</dimen>
<dimen name="layout_y_449">300.0px</dimen>
<dimen name="layout_y_450">301.0px</dimen>
<dimen name="layout_y_451">302.0px</dimen>
<dimen name="layout_y_452">302.0px</dimen>
<dimen name="layout_y_453">303.0px</dimen>
<dimen name="layout_y_454">304.0px</dimen>
<dimen name="layout_y_455">304.0px</dimen>
<dimen name="layout_y_456">305.0px</dimen>
<dimen name="layout_y_457">306.0px</dimen>
<dimen name="layout_y_458">306.0px</dimen>
<dimen name="layout_y_459">307.0px</dimen>
<dimen name="layout_y_460">308.0px</dimen>
<dimen name="layout_y_461">308.0px</dimen>
<dimen name="layout_y_462">309.0px</dimen>
<dimen name="layout_y_463">310.0px</dimen>
<dimen name="layout_y_464">310.0px</dimen>
<dimen name="layout_y_465">311.0px</dimen>
<dimen name="layout_y_466">312.0px</dimen>
<dimen name="layout_y_467">312.0px</dimen>
<dimen name="layout_y_468">313.0px</dimen>
<dimen name="layout_y_469">314.0px</dimen>
<dimen name="layout_y_470">314.0px</dimen>
<dimen name="layout_y_471">315.0px</dimen>
<dimen name="layout_y_472">316.0px</dimen>
<dimen name="layout_y_473">316.0px</dimen>
<dimen name="layout_y_474">317.0px</dimen>
<dimen name="layout_y_475">318.0px</dimen>
<dimen name="layout_y_476">318.0px</dimen>
<dimen name="layout_y_477">319.0px</dimen>
<dimen name="layout_y_478">320.0px</dimen>
<dimen name="layout_y_479">320.0px</dimen>
<dimen name="layout_y_480">321.0px</dimen>
<dimen name="layout_y_481">322.0px</dimen>
<dimen name="layout_y_482">322.0px</dimen>
<dimen name="layout_y_483">323.0px</dimen>
<dimen name="layout_y_484">324.0px</dimen>
<dimen name="layout_y_485">324.0px</dimen>
<dimen name="layout_y_486">325.0px</dimen>
<dimen name="layout_y_487">326.0px</dimen>
<dimen name="layout_y_488">326.0px</dimen>
<dimen name="layout_y_489">327.0px</dimen>
<dimen name="layout_y_490">328.0px</dimen>
<dimen name="layout_y_491">328.0px</dimen>
<dimen name="layout_y_492">329.0px</dimen>
<dimen name="layout_y_493">330.0px</dimen>
<dimen name="layout_y_494">330.0px</dimen>
<dimen name="layout_y_495">331.0px</dimen>
<dimen name="layout_y_496">332.0px</dimen>
<dimen name="layout_y_497">332.0px</dimen>
<dimen name="layout_y_498">333.0px</dimen>
<dimen name="layout_y_499">334.0px</dimen>
<dimen name="layout_y_500">335.0px</dimen>
<dimen name="layout_y_501">335.0px</dimen>
<dimen name="layout_y_502">336.0px</dimen>
<dimen name="layout_y_503">337.0px</dimen>
<dimen name="layout_y_504">337.0px</dimen>
<dimen name="layout_y_505">338.0px</dimen>
<dimen name="layout_y_506">339.0px</dimen>
<dimen name="layout_y_507">339.0px</dimen>
<dimen name="layout_y_508">340.0px</dimen>
<dimen name="layout_y_509">341.0px</dimen>
<dimen name="layout_y_510">341.0px</dimen>
<dimen name="layout_y_511">342.0px</dimen>
<dimen name="layout_y_512">343.0px</dimen>
<dimen name="layout_y_513">343.0px</dimen>
<dimen name="layout_y_514">344.0px</dimen>
<dimen name="layout_y_515">345.0px</dimen>
<dimen name="layout_y_516">345.0px</dimen>
<dimen name="layout_y_517">346.0px</dimen>
<dimen name="layout_y_518">347.0px</dimen>
<dimen name="layout_y_519">347.0px</dimen>
<dimen name="layout_y_520">348.0px</dimen>
<dimen name="layout_y_521">349.0px</dimen>
<dimen name="layout_y_522">349.0px</dimen>
<dimen name="layout_y_523">350.0px</dimen>
<dimen name="layout_y_524">351.0px</dimen>
<dimen name="layout_y_525">351.0px</dimen>
<dimen name="layout_y_526">352.0px</dimen>
<dimen name="layout_y_527">353.0px</dimen>
<dimen name="layout_y_528">353.0px</dimen>
<dimen name="layout_y_529">354.0px</dimen>
<dimen name="layout_y_530">355.0px</dimen>
<dimen name="layout_y_531">355.0px</dimen>
<dimen name="layout_y_532">356.0px</dimen>
<dimen name="layout_y_533">357.0px</dimen>
<dimen name="layout_y_534">357.0px</dimen>
<dimen name="layout_y_535">358.0px</dimen>
<dimen name="layout_y_536">359.0px</dimen>
<dimen name="layout_y_537">359.0px</dimen>
<dimen name="layout_y_538">360.0px</dimen>
<dimen name="layout_y_539">361.0px</dimen>
<dimen name="layout_y_540">361.0px</dimen>
<dimen name="layout_y_541">362.0px</dimen>
<dimen name="layout_y_542">363.0px</dimen>
<dimen name="layout_y_543">363.0px</dimen>
<dimen name="layout_y_544">364.0px</dimen>
<dimen name="layout_y_545">365.0px</dimen>
<dimen name="layout_y_546">365.0px</dimen>
<dimen name="layout_y_547">366.0px</dimen>
<dimen name="layout_y_548">367.0px</dimen>
<dimen name="layout_y_549">367.0px</dimen>
<dimen name="layout_y_550">368.0px</dimen>
<dimen name="layout_y_551">369.0px</dimen>
<dimen name="layout_y_552">369.0px</dimen>
<dimen name="layout_y_553">370.0px</dimen>
<dimen name="layout_y_554">371.0px</dimen>
<dimen name="layout_y_555">371.0px</dimen>
<dimen name="layout_y_556">372.0px</dimen>
<dimen name="layout_y_557">373.0px</dimen>
<dimen name="layout_y_558">373.0px</dimen>
<dimen name="layout_y_559">374.0px</dimen>
<dimen name="layout_y_560">375.0px</dimen>
<dimen name="layout_y_561">375.0px</dimen>
<dimen name="layout_y_562">376.0px</dimen>
<dimen name="layout_y_563">377.0px</dimen>
<dimen name="layout_y_564">377.0px</dimen>
<dimen name="layout_y_565">378.0px</dimen>
<dimen name="layout_y_566">379.0px</dimen>
<dimen name="layout_y_567">379.0px</dimen>
<dimen name="layout_y_568">380.0px</dimen>
<dimen name="layout_y_569">381.0px</dimen>
<dimen name="layout_y_570">381.0px</dimen>
<dimen name="layout_y_571">382.0px</dimen>
<dimen name="layout_y_572">383.0px</dimen>
<dimen name="layout_y_573">383.0px</dimen>
<dimen name="layout_y_574">384.0px</dimen>
<dimen name="layout_y_575">385.0px</dimen>
<dimen name="layout_y_576">385.0px</dimen>
<dimen name="layout_y_577">386.0px</dimen>
<dimen name="layout_y_578">387.0px</dimen>
<dimen name="layout_y_579">387.0px</dimen>
<dimen name="layout_y_580">388.0px</dimen>
<dimen name="layout_y_581">389.0px</dimen>
<dimen name="layout_y_582">389.0px</dimen>
<dimen name="layout_y_583">390.0px</dimen>
<dimen name="layout_y_584">391.0px</dimen>
<dimen name="layout_y_585">391.0px</dimen>
<dimen name="layout_y_586">392.0px</dimen>
<dimen name="layout_y_587">393.0px</dimen>
<dimen name="layout_y_588">393.0px</dimen>
<dimen name="layout_y_589">394.0px</dimen>
<dimen name="layout_y_590">395.0px</dimen>
<dimen name="layout_y_591">395.0px</dimen>
<dimen name="layout_y_592">396.0px</dimen>
<dimen name="layout_y_593">397.0px</dimen>
<dimen name="layout_y_594">397.0px</dimen>
<dimen name="layout_y_595">398.0px</dimen>
<dimen name="layout_y_596">399.0px</dimen>
<dimen name="layout_y_597">399.0px</dimen>
<dimen name="layout_y_598">400.0px</dimen>
<dimen name="layout_y_599">401.0px</dimen>
<dimen name="layout_y_600">402.0px</dimen>
<dimen name="layout_y_601">402.0px</dimen>
<dimen name="layout_y_602">403.0px</dimen>
<dimen name="layout_y_603">404.0px</dimen>
<dimen name="layout_y_604">404.0px</dimen>
<dimen name="layout_y_605">405.0px</dimen>
<dimen name="layout_y_606">406.0px</dimen>
<dimen name="layout_y_607">406.0px</dimen>
<dimen name="layout_y_608">407.0px</dimen>
<dimen name="layout_y_609">408.0px</dimen>
<dimen name="layout_y_610">408.0px</dimen>
<dimen name="layout_y_611">409.0px</dimen>
<dimen name="layout_y_612">410.0px</dimen>
<dimen name="layout_y_613">410.0px</dimen>
<dimen name="layout_y_614">411.0px</dimen>
<dimen name="layout_y_615">412.0px</dimen>
<dimen name="layout_y_616">412.0px</dimen>
<dimen name="layout_y_617">413.0px</dimen>
<dimen name="layout_y_618">414.0px</dimen>
<dimen name="layout_y_619">414.0px</dimen>
<dimen name="layout_y_620">415.0px</dimen>
<dimen name="layout_y_621">416.0px</dimen>
<dimen name="layout_y_622">416.0px</dimen>
<dimen name="layout_y_623">417.0px</dimen>
<dimen name="layout_y_624">418.0px</dimen>
<dimen name="layout_y_625">418.0px</dimen>
<dimen name="layout_y_626">419.0px</dimen>
<dimen name="layout_y_627">420.0px</dimen>
<dimen name="layout_y_628">420.0px</dimen>
<dimen name="layout_y_629">421.0px</dimen>
<dimen name="layout_y_630">422.0px</dimen>
<dimen name="layout_y_631">422.0px</dimen>
<dimen name="layout_y_632">423.0px</dimen>
<dimen name="layout_y_633">424.0px</dimen>
<dimen name="layout_y_634">424.0px</dimen>
<dimen name="layout_y_635">425.0px</dimen>
<dimen name="layout_y_636">426.0px</dimen>
<dimen name="layout_y_637">426.0px</dimen>
<dimen name="layout_y_638">427.0px</dimen>
<dimen name="layout_y_639">428.0px</dimen>
<dimen name="layout_y_640">428.0px</dimen>
<dimen name="layout_y_641">429.0px</dimen>
<dimen name="layout_y_642">430.0px</dimen>
<dimen name="layout_y_643">430.0px</dimen>
<dimen name="layout_y_644">431.0px</dimen>
<dimen name="layout_y_645">432.0px</dimen>
<dimen name="layout_y_646">432.0px</dimen>
<dimen name="layout_y_647">433.0px</dimen>
<dimen name="layout_y_648">434.0px</dimen>
<dimen name="layout_y_649">434.0px</dimen>
<dimen name="layout_y_650">435.0px</dimen>
<dimen name="layout_y_651">436.0px</dimen>
<dimen name="layout_y_652">436.0px</dimen>
<dimen name="layout_y_653">437.0px</dimen>
<dimen name="layout_y_654">438.0px</dimen>
<dimen name="layout_y_655">438.0px</dimen>
<dimen name="layout_y_656">439.0px</dimen>
<dimen name="layout_y_657">440.0px</dimen>
<dimen name="layout_y_658">440.0px</dimen>
<dimen name="layout_y_659">441.0px</dimen>
<dimen name="layout_y_660">442.0px</dimen>
<dimen name="layout_y_661">442.0px</dimen>
<dimen name="layout_y_662">443.0px</dimen>
<dimen name="layout_y_663">444.0px</dimen>
<dimen name="layout_y_664">444.0px</dimen>
<dimen name="layout_y_665">445.0px</dimen>
<dimen name="layout_y_666">446.0px</dimen>
<dimen name="layout_y_667">446.0px</dimen>
<dimen name="layout_y_668">447.0px</dimen>
<dimen name="layout_y_669">448.0px</dimen>
<dimen name="layout_y_670">448.0px</dimen>
<dimen name="layout_y_671">449.0px</dimen>
<dimen name="layout_y_672">450.0px</dimen>
<dimen name="layout_y_673">450.0px</dimen>
<dimen name="layout_y_674">451.0px</dimen>
<dimen name="layout_y_675">452.0px</dimen>
<dimen name="layout_y_676">452.0px</dimen>
<dimen name="layout_y_677">453.0px</dimen>
<dimen name="layout_y_678">454.0px</dimen>
<dimen name="layout_y_679">454.0px</dimen>
<dimen name="layout_y_680">455.0px</dimen>
<dimen name="layout_y_681">456.0px</dimen>
<dimen name="layout_y_682">456.0px</dimen>
<dimen name="layout_y_683">457.0px</dimen>
<dimen name="layout_y_684">458.0px</dimen>
<dimen name="layout_y_685">458.0px</dimen>
<dimen name="layout_y_686">459.0px</dimen>
<dimen name="layout_y_687">460.0px</dimen>
<dimen name="layout_y_688">460.0px</dimen>
<dimen name="layout_y_689">461.0px</dimen>
<dimen name="layout_y_690">462.0px</dimen>
<dimen name="layout_y_691">462.0px</dimen>
<dimen name="layout_y_692">463.0px</dimen>
<dimen name="layout_y_693">464.0px</dimen>
<dimen name="layout_y_694">464.0px</dimen>
<dimen name="layout_y_695">465.0px</dimen>
<dimen name="layout_y_696">466.0px</dimen>
<dimen name="layout_y_697">466.0px</dimen>
<dimen name="layout_y_698">467.0px</dimen>
<dimen name="layout_y_699">468.0px</dimen>
<dimen name="layout_y_700">469.0px</dimen>
<dimen name="layout_y_701">469.0px</dimen>
<dimen name="layout_y_702">470.0px</dimen>
<dimen name="layout_y_703">471.0px</dimen>
<dimen name="layout_y_704">471.0px</dimen>
<dimen name="layout_y_705">472.0px</dimen>
<dimen name="layout_y_706">473.0px</dimen>
<dimen name="layout_y_707">473.0px</dimen>
<dimen name="layout_y_708">474.0px</dimen>
<dimen name="layout_y_709">475.0px</dimen>
<dimen name="layout_y_710">475.0px</dimen>
<dimen name="layout_y_711">476.0px</dimen>
<dimen name="layout_y_712">477.0px</dimen>
<dimen name="layout_y_713">477.0px</dimen>
<dimen name="layout_y_714">478.0px</dimen>
<dimen name="layout_y_715">479.0px</dimen>
<dimen name="layout_y_716">479.0px</dimen>
<dimen name="layout_y_717">480.0px</dimen>
<dimen name="layout_y_718">481.0px</dimen>
<dimen name="layout_y_719">481.0px</dimen>
<dimen name="layout_y_720">482.0px</dimen>
<dimen name="layout_y_721">483.0px</dimen>
<dimen name="layout_y_722">483.0px</dimen>
<dimen name="layout_y_723">484.0px</dimen>
<dimen name="layout_y_724">485.0px</dimen>
<dimen name="layout_y_725">485.0px</dimen>
<dimen name="layout_y_726">486.0px</dimen>
<dimen name="layout_y_727">487.0px</dimen>
<dimen name="layout_y_728">487.0px</dimen>
<dimen name="layout_y_729">488.0px</dimen>
<dimen name="layout_y_730">489.0px</dimen>
<dimen name="layout_y_731">489.0px</dimen>
<dimen name="layout_y_732">490.0px</dimen>
<dimen name="layout_y_733">491.0px</dimen>
<dimen name="layout_y_734">491.0px</dimen>
<dimen name="layout_y_735">492.0px</dimen>
<dimen name="layout_y_736">493.0px</dimen>
<dimen name="layout_y_737">493.0px</dimen>
<dimen name="layout_y_738">494.0px</dimen>
<dimen name="layout_y_739">495.0px</dimen>
<dimen name="layout_y_740">495.0px</dimen>
<dimen name="layout_y_741">496.0px</dimen>
<dimen name="layout_y_742">497.0px</dimen>
<dimen name="layout_y_743">497.0px</dimen>
<dimen name="layout_y_744">498.0px</dimen>
<dimen name="layout_y_745">499.0px</dimen>
<dimen name="layout_y_746">499.0px</dimen>
<dimen name="layout_y_747">500.0px</dimen>
<dimen name="layout_y_748">501.0px</dimen>
<dimen name="layout_y_749">501.0px</dimen>
<dimen name="layout_y_750">502.0px</dimen>
<dimen name="layout_y_751">503.0px</dimen>
<dimen name="layout_y_752">503.0px</dimen>
<dimen name="layout_y_753">504.0px</dimen>
<dimen name="layout_y_754">505.0px</dimen>
<dimen name="layout_y_755">505.0px</dimen>
<dimen name="layout_y_756">506.0px</dimen>
<dimen name="layout_y_757">507.0px</dimen>
<dimen name="layout_y_758">507.0px</dimen>
<dimen name="layout_y_759">508.0px</dimen>
<dimen name="layout_y_760">509.0px</dimen>
<dimen name="layout_y_761">509.0px</dimen>
<dimen name="layout_y_762">510.0px</dimen>
<dimen name="layout_y_763">511.0px</dimen>
<dimen name="layout_y_764">511.0px</dimen>
<dimen name="layout_y_765">512.0px</dimen>
<dimen name="layout_y_766">513.0px</dimen>
<dimen name="layout_y_767">513.0px</dimen>
<dimen name="layout_y_768">514.0px</dimen>
<dimen name="layout_y_769">515.0px</dimen>
<dimen name="layout_y_770">515.0px</dimen>
<dimen name="layout_y_771">516.0px</dimen>
<dimen name="layout_y_772">517.0px</dimen>
<dimen name="layout_y_773">517.0px</dimen>
<dimen name="layout_y_774">518.0px</dimen>
<dimen name="layout_y_775">519.0px</dimen>
<dimen name="layout_y_776">519.0px</dimen>
<dimen name="layout_y_777">520.0px</dimen>
<dimen name="layout_y_778">521.0px</dimen>
<dimen name="layout_y_779">521.0px</dimen>
<dimen name="layout_y_780">522.0px</dimen>
<dimen name="layout_y_781">523.0px</dimen>
<dimen name="layout_y_782">523.0px</dimen>
<dimen name="layout_y_783">524.0px</dimen>
<dimen name="layout_y_784">525.0px</dimen>
<dimen name="layout_y_785">525.0px</dimen>
<dimen name="layout_y_786">526.0px</dimen>
<dimen name="layout_y_787">527.0px</dimen>
<dimen name="layout_y_788">527.0px</dimen>
<dimen name="layout_y_789">528.0px</dimen>
<dimen name="layout_y_790">529.0px</dimen>
<dimen name="layout_y_791">529.0px</dimen>
<dimen name="layout_y_792">530.0px</dimen>
<dimen name="layout_y_793">531.0px</dimen>
<dimen name="layout_y_794">531.0px</dimen>
<dimen name="layout_y_795">532.0px</dimen>
<dimen name="layout_y_796">533.0px</dimen>
<dimen name="layout_y_797">533.0px</dimen>
<dimen name="layout_y_798">534.0px</dimen>
<dimen name="layout_y_799">535.0px</dimen>
<dimen name="layout_y_800">480px</dimen>
</resources>