<?xml version="1.0" encoding="utf-8"?>
<resources><dimen name="layout_x_0">0.0px</dimen>
<dimen name="layout_x_1">0.0px</dimen>
<dimen name="layout_x_2">1.0px</dimen>
<dimen name="layout_x_3">2.0px</dimen>
<dimen name="layout_x_4">2.0px</dimen>
<dimen name="layout_x_5">3.0px</dimen>
<dimen name="layout_x_6">4.0px</dimen>
<dimen name="layout_x_7">4.0px</dimen>
<dimen name="layout_x_8">5.0px</dimen>
<dimen name="layout_x_9">6.0px</dimen>
<dimen name="layout_x_10">6.0px</dimen>
<dimen name="layout_x_11">7.0px</dimen>
<dimen name="layout_x_12">8.0px</dimen>
<dimen name="layout_x_13">8.0px</dimen>
<dimen name="layout_x_14">9.0px</dimen>
<dimen name="layout_x_15">10.0px</dimen>
<dimen name="layout_x_16">10.0px</dimen>
<dimen name="layout_x_17">11.0px</dimen>
<dimen name="layout_x_18">12.0px</dimen>
<dimen name="layout_x_19">12.0px</dimen>
<dimen name="layout_x_20">13.0px</dimen>
<dimen name="layout_x_21">14.0px</dimen>
<dimen name="layout_x_22">14.0px</dimen>
<dimen name="layout_x_23">15.0px</dimen>
<dimen name="layout_x_24">16.0px</dimen>
<dimen name="layout_x_25">16.0px</dimen>
<dimen name="layout_x_26">17.0px</dimen>
<dimen name="layout_x_27">18.0px</dimen>
<dimen name="layout_x_28">18.0px</dimen>
<dimen name="layout_x_29">19.0px</dimen>
<dimen name="layout_x_30">20.0px</dimen>
<dimen name="layout_x_31">20.0px</dimen>
<dimen name="layout_x_32">21.0px</dimen>
<dimen name="layout_x_33">22.0px</dimen>
<dimen name="layout_x_34">22.0px</dimen>
<dimen name="layout_x_35">23.0px</dimen>
<dimen name="layout_x_36">24.0px</dimen>
<dimen name="layout_x_37">24.0px</dimen>
<dimen name="layout_x_38">25.0px</dimen>
<dimen name="layout_x_39">26.0px</dimen>
<dimen name="layout_x_40">26.0px</dimen>
<dimen name="layout_x_41">27.0px</dimen>
<dimen name="layout_x_42">28.0px</dimen>
<dimen name="layout_x_43">28.0px</dimen>
<dimen name="layout_x_44">29.0px</dimen>
<dimen name="layout_x_45">30.0px</dimen>
<dimen name="layout_x_46">30.0px</dimen>
<dimen name="layout_x_47">31.0px</dimen>
<dimen name="layout_x_48">32.0px</dimen>
<dimen name="layout_x_49">32.0px</dimen>
<dimen name="layout_x_50">33.0px</dimen>
<dimen name="layout_x_51">34.0px</dimen>
<dimen name="layout_x_52">34.0px</dimen>
<dimen name="layout_x_53">35.0px</dimen>
<dimen name="layout_x_54">36.0px</dimen>
<dimen name="layout_x_55">36.0px</dimen>
<dimen name="layout_x_56">37.0px</dimen>
<dimen name="layout_x_57">38.0px</dimen>
<dimen name="layout_x_58">38.0px</dimen>
<dimen name="layout_x_59">39.0px</dimen>
<dimen name="layout_x_60">40.0px</dimen>
<dimen name="layout_x_61">40.0px</dimen>
<dimen name="layout_x_62">41.0px</dimen>
<dimen name="layout_x_63">42.0px</dimen>
<dimen name="layout_x_64">42.0px</dimen>
<dimen name="layout_x_65">43.0px</dimen>
<dimen name="layout_x_66">44.0px</dimen>
<dimen name="layout_x_67">44.0px</dimen>
<dimen name="layout_x_68">45.0px</dimen>
<dimen name="layout_x_69">46.0px</dimen>
<dimen name="layout_x_70">46.0px</dimen>
<dimen name="layout_x_71">47.0px</dimen>
<dimen name="layout_x_72">48.0px</dimen>
<dimen name="layout_x_73">48.0px</dimen>
<dimen name="layout_x_74">49.0px</dimen>
<dimen name="layout_x_75">50.0px</dimen>
<dimen name="layout_x_76">50.0px</dimen>
<dimen name="layout_x_77">51.0px</dimen>
<dimen name="layout_x_78">52.0px</dimen>
<dimen name="layout_x_79">52.0px</dimen>
<dimen name="layout_x_80">53.0px</dimen>
<dimen name="layout_x_81">54.0px</dimen>
<dimen name="layout_x_82">54.0px</dimen>
<dimen name="layout_x_83">55.0px</dimen>
<dimen name="layout_x_84">56.0px</dimen>
<dimen name="layout_x_85">56.0px</dimen>
<dimen name="layout_x_86">57.0px</dimen>
<dimen name="layout_x_87">58.0px</dimen>
<dimen name="layout_x_88">58.0px</dimen>
<dimen name="layout_x_89">59.0px</dimen>
<dimen name="layout_x_90">60.0px</dimen>
<dimen name="layout_x_91">60.0px</dimen>
<dimen name="layout_x_92">61.0px</dimen>
<dimen name="layout_x_93">62.0px</dimen>
<dimen name="layout_x_94">62.0px</dimen>
<dimen name="layout_x_95">63.0px</dimen>
<dimen name="layout_x_96">64.0px</dimen>
<dimen name="layout_x_97">64.0px</dimen>
<dimen name="layout_x_98">65.0px</dimen>
<dimen name="layout_x_99">66.0px</dimen>
<dimen name="layout_x_100">67.0px</dimen>
<dimen name="layout_x_101">67.0px</dimen>
<dimen name="layout_x_102">68.0px</dimen>
<dimen name="layout_x_103">69.0px</dimen>
<dimen name="layout_x_104">69.0px</dimen>
<dimen name="layout_x_105">70.0px</dimen>
<dimen name="layout_x_106">71.0px</dimen>
<dimen name="layout_x_107">71.0px</dimen>
<dimen name="layout_x_108">72.0px</dimen>
<dimen name="layout_x_109">73.0px</dimen>
<dimen name="layout_x_110">73.0px</dimen>
<dimen name="layout_x_111">74.0px</dimen>
<dimen name="layout_x_112">75.0px</dimen>
<dimen name="layout_x_113">75.0px</dimen>
<dimen name="layout_x_114">76.0px</dimen>
<dimen name="layout_x_115">77.0px</dimen>
<dimen name="layout_x_116">77.0px</dimen>
<dimen name="layout_x_117">78.0px</dimen>
<dimen name="layout_x_118">79.0px</dimen>
<dimen name="layout_x_119">79.0px</dimen>
<dimen name="layout_x_120">80.0px</dimen>
<dimen name="layout_x_121">81.0px</dimen>
<dimen name="layout_x_122">81.0px</dimen>
<dimen name="layout_x_123">82.0px</dimen>
<dimen name="layout_x_124">83.0px</dimen>
<dimen name="layout_x_125">83.0px</dimen>
<dimen name="layout_x_126">84.0px</dimen>
<dimen name="layout_x_127">85.0px</dimen>
<dimen name="layout_x_128">85.0px</dimen>
<dimen name="layout_x_129">86.0px</dimen>
<dimen name="layout_x_130">87.0px</dimen>
<dimen name="layout_x_131">87.0px</dimen>
<dimen name="layout_x_132">88.0px</dimen>
<dimen name="layout_x_133">89.0px</dimen>
<dimen name="layout_x_134">89.0px</dimen>
<dimen name="layout_x_135">90.0px</dimen>
<dimen name="layout_x_136">91.0px</dimen>
<dimen name="layout_x_137">91.0px</dimen>
<dimen name="layout_x_138">92.0px</dimen>
<dimen name="layout_x_139">93.0px</dimen>
<dimen name="layout_x_140">93.0px</dimen>
<dimen name="layout_x_141">94.0px</dimen>
<dimen name="layout_x_142">95.0px</dimen>
<dimen name="layout_x_143">95.0px</dimen>
<dimen name="layout_x_144">96.0px</dimen>
<dimen name="layout_x_145">97.0px</dimen>
<dimen name="layout_x_146">97.0px</dimen>
<dimen name="layout_x_147">98.0px</dimen>
<dimen name="layout_x_148">99.0px</dimen>
<dimen name="layout_x_149">99.0px</dimen>
<dimen name="layout_x_150">100.0px</dimen>
<dimen name="layout_x_151">101.0px</dimen>
<dimen name="layout_x_152">101.0px</dimen>
<dimen name="layout_x_153">102.0px</dimen>
<dimen name="layout_x_154">103.0px</dimen>
<dimen name="layout_x_155">103.0px</dimen>
<dimen name="layout_x_156">104.0px</dimen>
<dimen name="layout_x_157">105.0px</dimen>
<dimen name="layout_x_158">105.0px</dimen>
<dimen name="layout_x_159">106.0px</dimen>
<dimen name="layout_x_160">107.0px</dimen>
<dimen name="layout_x_161">107.0px</dimen>
<dimen name="layout_x_162">108.0px</dimen>
<dimen name="layout_x_163">109.0px</dimen>
<dimen name="layout_x_164">109.0px</dimen>
<dimen name="layout_x_165">110.0px</dimen>
<dimen name="layout_x_166">111.0px</dimen>
<dimen name="layout_x_167">111.0px</dimen>
<dimen name="layout_x_168">112.0px</dimen>
<dimen name="layout_x_169">113.0px</dimen>
<dimen name="layout_x_170">113.0px</dimen>
<dimen name="layout_x_171">114.0px</dimen>
<dimen name="layout_x_172">115.0px</dimen>
<dimen name="layout_x_173">115.0px</dimen>
<dimen name="layout_x_174">116.0px</dimen>
<dimen name="layout_x_175">117.0px</dimen>
<dimen name="layout_x_176">117.0px</dimen>
<dimen name="layout_x_177">118.0px</dimen>
<dimen name="layout_x_178">119.0px</dimen>
<dimen name="layout_x_179">119.0px</dimen>
<dimen name="layout_x_180">120.0px</dimen>
<dimen name="layout_x_181">121.0px</dimen>
<dimen name="layout_x_182">121.0px</dimen>
<dimen name="layout_x_183">122.0px</dimen>
<dimen name="layout_x_184">123.0px</dimen>
<dimen name="layout_x_185">123.0px</dimen>
<dimen name="layout_x_186">124.0px</dimen>
<dimen name="layout_x_187">125.0px</dimen>
<dimen name="layout_x_188">125.0px</dimen>
<dimen name="layout_x_189">126.0px</dimen>
<dimen name="layout_x_190">127.0px</dimen>
<dimen name="layout_x_191">127.0px</dimen>
<dimen name="layout_x_192">128.0px</dimen>
<dimen name="layout_x_193">129.0px</dimen>
<dimen name="layout_x_194">129.0px</dimen>
<dimen name="layout_x_195">130.0px</dimen>
<dimen name="layout_x_196">131.0px</dimen>
<dimen name="layout_x_197">131.0px</dimen>
<dimen name="layout_x_198">132.0px</dimen>
<dimen name="layout_x_199">133.0px</dimen>
<dimen name="layout_x_200">134.0px</dimen>
<dimen name="layout_x_201">134.0px</dimen>
<dimen name="layout_x_202">135.0px</dimen>
<dimen name="layout_x_203">136.0px</dimen>
<dimen name="layout_x_204">136.0px</dimen>
<dimen name="layout_x_205">137.0px</dimen>
<dimen name="layout_x_206">138.0px</dimen>
<dimen name="layout_x_207">138.0px</dimen>
<dimen name="layout_x_208">139.0px</dimen>
<dimen name="layout_x_209">140.0px</dimen>
<dimen name="layout_x_210">140.0px</dimen>
<dimen name="layout_x_211">141.0px</dimen>
<dimen name="layout_x_212">142.0px</dimen>
<dimen name="layout_x_213">142.0px</dimen>
<dimen name="layout_x_214">143.0px</dimen>
<dimen name="layout_x_215">144.0px</dimen>
<dimen name="layout_x_216">144.0px</dimen>
<dimen name="layout_x_217">145.0px</dimen>
<dimen name="layout_x_218">146.0px</dimen>
<dimen name="layout_x_219">146.0px</dimen>
<dimen name="layout_x_220">147.0px</dimen>
<dimen name="layout_x_221">148.0px</dimen>
<dimen name="layout_x_222">148.0px</dimen>
<dimen name="layout_x_223">149.0px</dimen>
<dimen name="layout_x_224">150.0px</dimen>
<dimen name="layout_x_225">150.0px</dimen>
<dimen name="layout_x_226">151.0px</dimen>
<dimen name="layout_x_227">152.0px</dimen>
<dimen name="layout_x_228">152.0px</dimen>
<dimen name="layout_x_229">153.0px</dimen>
<dimen name="layout_x_230">154.0px</dimen>
<dimen name="layout_x_231">154.0px</dimen>
<dimen name="layout_x_232">155.0px</dimen>
<dimen name="layout_x_233">156.0px</dimen>
<dimen name="layout_x_234">156.0px</dimen>
<dimen name="layout_x_235">157.0px</dimen>
<dimen name="layout_x_236">158.0px</dimen>
<dimen name="layout_x_237">158.0px</dimen>
<dimen name="layout_x_238">159.0px</dimen>
<dimen name="layout_x_239">160.0px</dimen>
<dimen name="layout_x_240">160.0px</dimen>
<dimen name="layout_x_241">161.0px</dimen>
<dimen name="layout_x_242">162.0px</dimen>
<dimen name="layout_x_243">162.0px</dimen>
<dimen name="layout_x_244">163.0px</dimen>
<dimen name="layout_x_245">164.0px</dimen>
<dimen name="layout_x_246">164.0px</dimen>
<dimen name="layout_x_247">165.0px</dimen>
<dimen name="layout_x_248">166.0px</dimen>
<dimen name="layout_x_249">166.0px</dimen>
<dimen name="layout_x_250">167.0px</dimen>
<dimen name="layout_x_251">168.0px</dimen>
<dimen name="layout_x_252">168.0px</dimen>
<dimen name="layout_x_253">169.0px</dimen>
<dimen name="layout_x_254">170.0px</dimen>
<dimen name="layout_x_255">170.0px</dimen>
<dimen name="layout_x_256">171.0px</dimen>
<dimen name="layout_x_257">172.0px</dimen>
<dimen name="layout_x_258">172.0px</dimen>
<dimen name="layout_x_259">173.0px</dimen>
<dimen name="layout_x_260">174.0px</dimen>
<dimen name="layout_x_261">174.0px</dimen>
<dimen name="layout_x_262">175.0px</dimen>
<dimen name="layout_x_263">176.0px</dimen>
<dimen name="layout_x_264">176.0px</dimen>
<dimen name="layout_x_265">177.0px</dimen>
<dimen name="layout_x_266">178.0px</dimen>
<dimen name="layout_x_267">178.0px</dimen>
<dimen name="layout_x_268">179.0px</dimen>
<dimen name="layout_x_269">180.0px</dimen>
<dimen name="layout_x_270">180.0px</dimen>
<dimen name="layout_x_271">181.0px</dimen>
<dimen name="layout_x_272">182.0px</dimen>
<dimen name="layout_x_273">182.0px</dimen>
<dimen name="layout_x_274">183.0px</dimen>
<dimen name="layout_x_275">184.0px</dimen>
<dimen name="layout_x_276">184.0px</dimen>
<dimen name="layout_x_277">185.0px</dimen>
<dimen name="layout_x_278">186.0px</dimen>
<dimen name="layout_x_279">186.0px</dimen>
<dimen name="layout_x_280">187.0px</dimen>
<dimen name="layout_x_281">188.0px</dimen>
<dimen name="layout_x_282">188.0px</dimen>
<dimen name="layout_x_283">189.0px</dimen>
<dimen name="layout_x_284">190.0px</dimen>
<dimen name="layout_x_285">190.0px</dimen>
<dimen name="layout_x_286">191.0px</dimen>
<dimen name="layout_x_287">192.0px</dimen>
<dimen name="layout_x_288">192.0px</dimen>
<dimen name="layout_x_289">193.0px</dimen>
<dimen name="layout_x_290">194.0px</dimen>
<dimen name="layout_x_291">194.0px</dimen>
<dimen name="layout_x_292">195.0px</dimen>
<dimen name="layout_x_293">196.0px</dimen>
<dimen name="layout_x_294">196.0px</dimen>
<dimen name="layout_x_295">197.0px</dimen>
<dimen name="layout_x_296">198.0px</dimen>
<dimen name="layout_x_297">198.0px</dimen>
<dimen name="layout_x_298">199.0px</dimen>
<dimen name="layout_x_299">200.0px</dimen>
<dimen name="layout_x_300">201.0px</dimen>
<dimen name="layout_x_301">201.0px</dimen>
<dimen name="layout_x_302">202.0px</dimen>
<dimen name="layout_x_303">203.0px</dimen>
<dimen name="layout_x_304">203.0px</dimen>
<dimen name="layout_x_305">204.0px</dimen>
<dimen name="layout_x_306">205.0px</dimen>
<dimen name="layout_x_307">205.0px</dimen>
<dimen name="layout_x_308">206.0px</dimen>
<dimen name="layout_x_309">207.0px</dimen>
<dimen name="layout_x_310">207.0px</dimen>
<dimen name="layout_x_311">208.0px</dimen>
<dimen name="layout_x_312">209.0px</dimen>
<dimen name="layout_x_313">209.0px</dimen>
<dimen name="layout_x_314">210.0px</dimen>
<dimen name="layout_x_315">211.0px</dimen>
<dimen name="layout_x_316">211.0px</dimen>
<dimen name="layout_x_317">212.0px</dimen>
<dimen name="layout_x_318">213.0px</dimen>
<dimen name="layout_x_319">213.0px</dimen>
<dimen name="layout_x_320">214.0px</dimen>
<dimen name="layout_x_321">215.0px</dimen>
<dimen name="layout_x_322">215.0px</dimen>
<dimen name="layout_x_323">216.0px</dimen>
<dimen name="layout_x_324">217.0px</dimen>
<dimen name="layout_x_325">217.0px</dimen>
<dimen name="layout_x_326">218.0px</dimen>
<dimen name="layout_x_327">219.0px</dimen>
<dimen name="layout_x_328">219.0px</dimen>
<dimen name="layout_x_329">220.0px</dimen>
<dimen name="layout_x_330">221.0px</dimen>
<dimen name="layout_x_331">221.0px</dimen>
<dimen name="layout_x_332">222.0px</dimen>
<dimen name="layout_x_333">223.0px</dimen>
<dimen name="layout_x_334">223.0px</dimen>
<dimen name="layout_x_335">224.0px</dimen>
<dimen name="layout_x_336">225.0px</dimen>
<dimen name="layout_x_337">225.0px</dimen>
<dimen name="layout_x_338">226.0px</dimen>
<dimen name="layout_x_339">227.0px</dimen>
<dimen name="layout_x_340">227.0px</dimen>
<dimen name="layout_x_341">228.0px</dimen>
<dimen name="layout_x_342">229.0px</dimen>
<dimen name="layout_x_343">229.0px</dimen>
<dimen name="layout_x_344">230.0px</dimen>
<dimen name="layout_x_345">231.0px</dimen>
<dimen name="layout_x_346">231.0px</dimen>
<dimen name="layout_x_347">232.0px</dimen>
<dimen name="layout_x_348">233.0px</dimen>
<dimen name="layout_x_349">233.0px</dimen>
<dimen name="layout_x_350">234.0px</dimen>
<dimen name="layout_x_351">235.0px</dimen>
<dimen name="layout_x_352">235.0px</dimen>
<dimen name="layout_x_353">236.0px</dimen>
<dimen name="layout_x_354">237.0px</dimen>
<dimen name="layout_x_355">237.0px</dimen>
<dimen name="layout_x_356">238.0px</dimen>
<dimen name="layout_x_357">239.0px</dimen>
<dimen name="layout_x_358">239.0px</dimen>
<dimen name="layout_x_359">240.0px</dimen>
<dimen name="layout_x_360">241.0px</dimen>
<dimen name="layout_x_361">241.0px</dimen>
<dimen name="layout_x_362">242.0px</dimen>
<dimen name="layout_x_363">243.0px</dimen>
<dimen name="layout_x_364">243.0px</dimen>
<dimen name="layout_x_365">244.0px</dimen>
<dimen name="layout_x_366">245.0px</dimen>
<dimen name="layout_x_367">245.0px</dimen>
<dimen name="layout_x_368">246.0px</dimen>
<dimen name="layout_x_369">247.0px</dimen>
<dimen name="layout_x_370">247.0px</dimen>
<dimen name="layout_x_371">248.0px</dimen>
<dimen name="layout_x_372">249.0px</dimen>
<dimen name="layout_x_373">249.0px</dimen>
<dimen name="layout_x_374">250.0px</dimen>
<dimen name="layout_x_375">251.0px</dimen>
<dimen name="layout_x_376">251.0px</dimen>
<dimen name="layout_x_377">252.0px</dimen>
<dimen name="layout_x_378">253.0px</dimen>
<dimen name="layout_x_379">253.0px</dimen>
<dimen name="layout_x_380">254.0px</dimen>
<dimen name="layout_x_381">255.0px</dimen>
<dimen name="layout_x_382">255.0px</dimen>
<dimen name="layout_x_383">256.0px</dimen>
<dimen name="layout_x_384">257.0px</dimen>
<dimen name="layout_x_385">257.0px</dimen>
<dimen name="layout_x_386">258.0px</dimen>
<dimen name="layout_x_387">259.0px</dimen>
<dimen name="layout_x_388">259.0px</dimen>
<dimen name="layout_x_389">260.0px</dimen>
<dimen name="layout_x_390">261.0px</dimen>
<dimen name="layout_x_391">261.0px</dimen>
<dimen name="layout_x_392">262.0px</dimen>
<dimen name="layout_x_393">263.0px</dimen>
<dimen name="layout_x_394">263.0px</dimen>
<dimen name="layout_x_395">264.0px</dimen>
<dimen name="layout_x_396">265.0px</dimen>
<dimen name="layout_x_397">265.0px</dimen>
<dimen name="layout_x_398">266.0px</dimen>
<dimen name="layout_x_399">267.0px</dimen>
<dimen name="layout_x_400">268.0px</dimen>
<dimen name="layout_x_401">268.0px</dimen>
<dimen name="layout_x_402">269.0px</dimen>
<dimen name="layout_x_403">270.0px</dimen>
<dimen name="layout_x_404">270.0px</dimen>
<dimen name="layout_x_405">271.0px</dimen>
<dimen name="layout_x_406">272.0px</dimen>
<dimen name="layout_x_407">272.0px</dimen>
<dimen name="layout_x_408">273.0px</dimen>
<dimen name="layout_x_409">274.0px</dimen>
<dimen name="layout_x_410">274.0px</dimen>
<dimen name="layout_x_411">275.0px</dimen>
<dimen name="layout_x_412">276.0px</dimen>
<dimen name="layout_x_413">276.0px</dimen>
<dimen name="layout_x_414">277.0px</dimen>
<dimen name="layout_x_415">278.0px</dimen>
<dimen name="layout_x_416">278.0px</dimen>
<dimen name="layout_x_417">279.0px</dimen>
<dimen name="layout_x_418">280.0px</dimen>
<dimen name="layout_x_419">280.0px</dimen>
<dimen name="layout_x_420">281.0px</dimen>
<dimen name="layout_x_421">282.0px</dimen>
<dimen name="layout_x_422">282.0px</dimen>
<dimen name="layout_x_423">283.0px</dimen>
<dimen name="layout_x_424">284.0px</dimen>
<dimen name="layout_x_425">284.0px</dimen>
<dimen name="layout_x_426">285.0px</dimen>
<dimen name="layout_x_427">286.0px</dimen>
<dimen name="layout_x_428">286.0px</dimen>
<dimen name="layout_x_429">287.0px</dimen>
<dimen name="layout_x_430">288.0px</dimen>
<dimen name="layout_x_431">288.0px</dimen>
<dimen name="layout_x_432">289.0px</dimen>
<dimen name="layout_x_433">290.0px</dimen>
<dimen name="layout_x_434">290.0px</dimen>
<dimen name="layout_x_435">291.0px</dimen>
<dimen name="layout_x_436">292.0px</dimen>
<dimen name="layout_x_437">292.0px</dimen>
<dimen name="layout_x_438">293.0px</dimen>
<dimen name="layout_x_439">294.0px</dimen>
<dimen name="layout_x_440">294.0px</dimen>
<dimen name="layout_x_441">295.0px</dimen>
<dimen name="layout_x_442">296.0px</dimen>
<dimen name="layout_x_443">296.0px</dimen>
<dimen name="layout_x_444">297.0px</dimen>
<dimen name="layout_x_445">298.0px</dimen>
<dimen name="layout_x_446">298.0px</dimen>
<dimen name="layout_x_447">299.0px</dimen>
<dimen name="layout_x_448">300.0px</dimen>
<dimen name="layout_x_449">300.0px</dimen>
<dimen name="layout_x_450">301.0px</dimen>
<dimen name="layout_x_451">302.0px</dimen>
<dimen name="layout_x_452">302.0px</dimen>
<dimen name="layout_x_453">303.0px</dimen>
<dimen name="layout_x_454">304.0px</dimen>
<dimen name="layout_x_455">304.0px</dimen>
<dimen name="layout_x_456">305.0px</dimen>
<dimen name="layout_x_457">306.0px</dimen>
<dimen name="layout_x_458">306.0px</dimen>
<dimen name="layout_x_459">307.0px</dimen>
<dimen name="layout_x_460">308.0px</dimen>
<dimen name="layout_x_461">308.0px</dimen>
<dimen name="layout_x_462">309.0px</dimen>
<dimen name="layout_x_463">310.0px</dimen>
<dimen name="layout_x_464">310.0px</dimen>
<dimen name="layout_x_465">311.0px</dimen>
<dimen name="layout_x_466">312.0px</dimen>
<dimen name="layout_x_467">312.0px</dimen>
<dimen name="layout_x_468">313.0px</dimen>
<dimen name="layout_x_469">314.0px</dimen>
<dimen name="layout_x_470">314.0px</dimen>
<dimen name="layout_x_471">315.0px</dimen>
<dimen name="layout_x_472">316.0px</dimen>
<dimen name="layout_x_473">316.0px</dimen>
<dimen name="layout_x_474">317.0px</dimen>
<dimen name="layout_x_475">318.0px</dimen>
<dimen name="layout_x_476">318.0px</dimen>
<dimen name="layout_x_477">319.0px</dimen>
<dimen name="layout_x_478">320.0px</dimen>
<dimen name="layout_x_479">320.0px</dimen>
<dimen name="layout_x_480">320px</dimen>
</resources>