<?xml version="1.0" encoding="utf-8"?>
<resources><dimen name="layout_y_0">0.0px</dimen>
<dimen name="layout_y_1">1.0px</dimen>
<dimen name="layout_y_2">3.0px</dimen>
<dimen name="layout_y_3">5.0px</dimen>
<dimen name="layout_y_4">7.0px</dimen>
<dimen name="layout_y_5">8.0px</dimen>
<dimen name="layout_y_6">10.0px</dimen>
<dimen name="layout_y_7">12.0px</dimen>
<dimen name="layout_y_8">14.0px</dimen>
<dimen name="layout_y_9">16.0px</dimen>
<dimen name="layout_y_10">17.0px</dimen>
<dimen name="layout_y_11">19.0px</dimen>
<dimen name="layout_y_12">21.0px</dimen>
<dimen name="layout_y_13">23.0px</dimen>
<dimen name="layout_y_14">25.0px</dimen>
<dimen name="layout_y_15">26.0px</dimen>
<dimen name="layout_y_16">28.0px</dimen>
<dimen name="layout_y_17">30.0px</dimen>
<dimen name="layout_y_18">32.0px</dimen>
<dimen name="layout_y_19">33.0px</dimen>
<dimen name="layout_y_20">35.0px</dimen>
<dimen name="layout_y_21">37.0px</dimen>
<dimen name="layout_y_22">39.0px</dimen>
<dimen name="layout_y_23">41.0px</dimen>
<dimen name="layout_y_24">42.0px</dimen>
<dimen name="layout_y_25">44.0px</dimen>
<dimen name="layout_y_26">46.0px</dimen>
<dimen name="layout_y_27">48.0px</dimen>
<dimen name="layout_y_28">50.0px</dimen>
<dimen name="layout_y_29">51.0px</dimen>
<dimen name="layout_y_30">53.0px</dimen>
<dimen name="layout_y_31">55.0px</dimen>
<dimen name="layout_y_32">57.0px</dimen>
<dimen name="layout_y_33">58.0px</dimen>
<dimen name="layout_y_34">60.0px</dimen>
<dimen name="layout_y_35">62.0px</dimen>
<dimen name="layout_y_36">64.0px</dimen>
<dimen name="layout_y_37">66.0px</dimen>
<dimen name="layout_y_38">67.0px</dimen>
<dimen name="layout_y_39">69.0px</dimen>
<dimen name="layout_y_40">71.0px</dimen>
<dimen name="layout_y_41">73.0px</dimen>
<dimen name="layout_y_42">75.0px</dimen>
<dimen name="layout_y_43">76.0px</dimen>
<dimen name="layout_y_44">78.0px</dimen>
<dimen name="layout_y_45">80.0px</dimen>
<dimen name="layout_y_46">82.0px</dimen>
<dimen name="layout_y_47">83.0px</dimen>
<dimen name="layout_y_48">85.0px</dimen>
<dimen name="layout_y_49">87.0px</dimen>
<dimen name="layout_y_50">89.0px</dimen>
<dimen name="layout_y_51">91.0px</dimen>
<dimen name="layout_y_52">92.0px</dimen>
<dimen name="layout_y_53">94.0px</dimen>
<dimen name="layout_y_54">96.0px</dimen>
<dimen name="layout_y_55">98.0px</dimen>
<dimen name="layout_y_56">100.0px</dimen>
<dimen name="layout_y_57">101.0px</dimen>
<dimen name="layout_y_58">103.0px</dimen>
<dimen name="layout_y_59">105.0px</dimen>
<dimen name="layout_y_60">107.0px</dimen>
<dimen name="layout_y_61">108.0px</dimen>
<dimen name="layout_y_62">110.0px</dimen>
<dimen name="layout_y_63">112.0px</dimen>
<dimen name="layout_y_64">114.0px</dimen>
<dimen name="layout_y_65">116.0px</dimen>
<dimen name="layout_y_66">117.0px</dimen>
<dimen name="layout_y_67">119.0px</dimen>
<dimen name="layout_y_68">121.0px</dimen>
<dimen name="layout_y_69">123.0px</dimen>
<dimen name="layout_y_70">125.0px</dimen>
<dimen name="layout_y_71">126.0px</dimen>
<dimen name="layout_y_72">128.0px</dimen>
<dimen name="layout_y_73">130.0px</dimen>
<dimen name="layout_y_74">132.0px</dimen>
<dimen name="layout_y_75">134.0px</dimen>
<dimen name="layout_y_76">135.0px</dimen>
<dimen name="layout_y_77">137.0px</dimen>
<dimen name="layout_y_78">139.0px</dimen>
<dimen name="layout_y_79">141.0px</dimen>
<dimen name="layout_y_80">142.0px</dimen>
<dimen name="layout_y_81">144.0px</dimen>
<dimen name="layout_y_82">146.0px</dimen>
<dimen name="layout_y_83">148.0px</dimen>
<dimen name="layout_y_84">150.0px</dimen>
<dimen name="layout_y_85">151.0px</dimen>
<dimen name="layout_y_86">153.0px</dimen>
<dimen name="layout_y_87">155.0px</dimen>
<dimen name="layout_y_88">157.0px</dimen>
<dimen name="layout_y_89">159.0px</dimen>
<dimen name="layout_y_90">160.0px</dimen>
<dimen name="layout_y_91">162.0px</dimen>
<dimen name="layout_y_92">164.0px</dimen>
<dimen name="layout_y_93">166.0px</dimen>
<dimen name="layout_y_94">167.0px</dimen>
<dimen name="layout_y_95">169.0px</dimen>
<dimen name="layout_y_96">171.0px</dimen>
<dimen name="layout_y_97">173.0px</dimen>
<dimen name="layout_y_98">175.0px</dimen>
<dimen name="layout_y_99">176.0px</dimen>
<dimen name="layout_y_100">178.0px</dimen>
<dimen name="layout_y_101">180.0px</dimen>
<dimen name="layout_y_102">182.0px</dimen>
<dimen name="layout_y_103">184.0px</dimen>
<dimen name="layout_y_104">185.0px</dimen>
<dimen name="layout_y_105">187.0px</dimen>
<dimen name="layout_y_106">189.0px</dimen>
<dimen name="layout_y_107">191.0px</dimen>
<dimen name="layout_y_108">192.0px</dimen>
<dimen name="layout_y_109">194.0px</dimen>
<dimen name="layout_y_110">196.0px</dimen>
<dimen name="layout_y_111">198.0px</dimen>
<dimen name="layout_y_112">200.0px</dimen>
<dimen name="layout_y_113">201.0px</dimen>
<dimen name="layout_y_114">203.0px</dimen>
<dimen name="layout_y_115">205.0px</dimen>
<dimen name="layout_y_116">207.0px</dimen>
<dimen name="layout_y_117">209.0px</dimen>
<dimen name="layout_y_118">210.0px</dimen>
<dimen name="layout_y_119">212.0px</dimen>
<dimen name="layout_y_120">214.0px</dimen>
<dimen name="layout_y_121">216.0px</dimen>
<dimen name="layout_y_122">217.0px</dimen>
<dimen name="layout_y_123">219.0px</dimen>
<dimen name="layout_y_124">221.0px</dimen>
<dimen name="layout_y_125">223.0px</dimen>
<dimen name="layout_y_126">225.0px</dimen>
<dimen name="layout_y_127">226.0px</dimen>
<dimen name="layout_y_128">228.0px</dimen>
<dimen name="layout_y_129">230.0px</dimen>
<dimen name="layout_y_130">232.0px</dimen>
<dimen name="layout_y_131">234.0px</dimen>
<dimen name="layout_y_132">235.0px</dimen>
<dimen name="layout_y_133">237.0px</dimen>
<dimen name="layout_y_134">239.0px</dimen>
<dimen name="layout_y_135">241.0px</dimen>
<dimen name="layout_y_136">242.0px</dimen>
<dimen name="layout_y_137">244.0px</dimen>
<dimen name="layout_y_138">246.0px</dimen>
<dimen name="layout_y_139">248.0px</dimen>
<dimen name="layout_y_140">250.0px</dimen>
<dimen name="layout_y_141">251.0px</dimen>
<dimen name="layout_y_142">253.0px</dimen>
<dimen name="layout_y_143">255.0px</dimen>
<dimen name="layout_y_144">257.0px</dimen>
<dimen name="layout_y_145">259.0px</dimen>
<dimen name="layout_y_146">260.0px</dimen>
<dimen name="layout_y_147">262.0px</dimen>
<dimen name="layout_y_148">264.0px</dimen>
<dimen name="layout_y_149">266.0px</dimen>
<dimen name="layout_y_150">268.0px</dimen>
<dimen name="layout_y_151">269.0px</dimen>
<dimen name="layout_y_152">271.0px</dimen>
<dimen name="layout_y_153">273.0px</dimen>
<dimen name="layout_y_154">275.0px</dimen>
<dimen name="layout_y_155">276.0px</dimen>
<dimen name="layout_y_156">278.0px</dimen>
<dimen name="layout_y_157">280.0px</dimen>
<dimen name="layout_y_158">282.0px</dimen>
<dimen name="layout_y_159">284.0px</dimen>
<dimen name="layout_y_160">285.0px</dimen>
<dimen name="layout_y_161">287.0px</dimen>
<dimen name="layout_y_162">289.0px</dimen>
<dimen name="layout_y_163">291.0px</dimen>
<dimen name="layout_y_164">293.0px</dimen>
<dimen name="layout_y_165">294.0px</dimen>
<dimen name="layout_y_166">296.0px</dimen>
<dimen name="layout_y_167">298.0px</dimen>
<dimen name="layout_y_168">300.0px</dimen>
<dimen name="layout_y_169">301.0px</dimen>
<dimen name="layout_y_170">303.0px</dimen>
<dimen name="layout_y_171">305.0px</dimen>
<dimen name="layout_y_172">307.0px</dimen>
<dimen name="layout_y_173">309.0px</dimen>
<dimen name="layout_y_174">310.0px</dimen>
<dimen name="layout_y_175">312.0px</dimen>
<dimen name="layout_y_176">314.0px</dimen>
<dimen name="layout_y_177">316.0px</dimen>
<dimen name="layout_y_178">318.0px</dimen>
<dimen name="layout_y_179">319.0px</dimen>
<dimen name="layout_y_180">321.0px</dimen>
<dimen name="layout_y_181">323.0px</dimen>
<dimen name="layout_y_182">325.0px</dimen>
<dimen name="layout_y_183">326.0px</dimen>
<dimen name="layout_y_184">328.0px</dimen>
<dimen name="layout_y_185">330.0px</dimen>
<dimen name="layout_y_186">332.0px</dimen>
<dimen name="layout_y_187">334.0px</dimen>
<dimen name="layout_y_188">335.0px</dimen>
<dimen name="layout_y_189">337.0px</dimen>
<dimen name="layout_y_190">339.0px</dimen>
<dimen name="layout_y_191">341.0px</dimen>
<dimen name="layout_y_192">343.0px</dimen>
<dimen name="layout_y_193">344.0px</dimen>
<dimen name="layout_y_194">346.0px</dimen>
<dimen name="layout_y_195">348.0px</dimen>
<dimen name="layout_y_196">350.0px</dimen>
<dimen name="layout_y_197">351.0px</dimen>
<dimen name="layout_y_198">353.0px</dimen>
<dimen name="layout_y_199">355.0px</dimen>
<dimen name="layout_y_200">357.0px</dimen>
<dimen name="layout_y_201">359.0px</dimen>
<dimen name="layout_y_202">360.0px</dimen>
<dimen name="layout_y_203">362.0px</dimen>
<dimen name="layout_y_204">364.0px</dimen>
<dimen name="layout_y_205">366.0px</dimen>
<dimen name="layout_y_206">368.0px</dimen>
<dimen name="layout_y_207">369.0px</dimen>
<dimen name="layout_y_208">371.0px</dimen>
<dimen name="layout_y_209">373.0px</dimen>
<dimen name="layout_y_210">375.0px</dimen>
<dimen name="layout_y_211">376.0px</dimen>
<dimen name="layout_y_212">378.0px</dimen>
<dimen name="layout_y_213">380.0px</dimen>
<dimen name="layout_y_214">382.0px</dimen>
<dimen name="layout_y_215">384.0px</dimen>
<dimen name="layout_y_216">385.0px</dimen>
<dimen name="layout_y_217">387.0px</dimen>
<dimen name="layout_y_218">389.0px</dimen>
<dimen name="layout_y_219">391.0px</dimen>
<dimen name="layout_y_220">393.0px</dimen>
<dimen name="layout_y_221">394.0px</dimen>
<dimen name="layout_y_222">396.0px</dimen>
<dimen name="layout_y_223">398.0px</dimen>
<dimen name="layout_y_224">400.0px</dimen>
<dimen name="layout_y_225">402.0px</dimen>
<dimen name="layout_y_226">403.0px</dimen>
<dimen name="layout_y_227">405.0px</dimen>
<dimen name="layout_y_228">407.0px</dimen>
<dimen name="layout_y_229">409.0px</dimen>
<dimen name="layout_y_230">410.0px</dimen>
<dimen name="layout_y_231">412.0px</dimen>
<dimen name="layout_y_232">414.0px</dimen>
<dimen name="layout_y_233">416.0px</dimen>
<dimen name="layout_y_234">418.0px</dimen>
<dimen name="layout_y_235">419.0px</dimen>
<dimen name="layout_y_236">421.0px</dimen>
<dimen name="layout_y_237">423.0px</dimen>
<dimen name="layout_y_238">425.0px</dimen>
<dimen name="layout_y_239">427.0px</dimen>
<dimen name="layout_y_240">428.0px</dimen>
<dimen name="layout_y_241">430.0px</dimen>
<dimen name="layout_y_242">432.0px</dimen>
<dimen name="layout_y_243">434.0px</dimen>
<dimen name="layout_y_244">435.0px</dimen>
<dimen name="layout_y_245">437.0px</dimen>
<dimen name="layout_y_246">439.0px</dimen>
<dimen name="layout_y_247">441.0px</dimen>
<dimen name="layout_y_248">443.0px</dimen>
<dimen name="layout_y_249">444.0px</dimen>
<dimen name="layout_y_250">446.0px</dimen>
<dimen name="layout_y_251">448.0px</dimen>
<dimen name="layout_y_252">450.0px</dimen>
<dimen name="layout_y_253">452.0px</dimen>
<dimen name="layout_y_254">453.0px</dimen>
<dimen name="layout_y_255">455.0px</dimen>
<dimen name="layout_y_256">457.0px</dimen>
<dimen name="layout_y_257">459.0px</dimen>
<dimen name="layout_y_258">460.0px</dimen>
<dimen name="layout_y_259">462.0px</dimen>
<dimen name="layout_y_260">464.0px</dimen>
<dimen name="layout_y_261">466.0px</dimen>
<dimen name="layout_y_262">468.0px</dimen>
<dimen name="layout_y_263">469.0px</dimen>
<dimen name="layout_y_264">471.0px</dimen>
<dimen name="layout_y_265">473.0px</dimen>
<dimen name="layout_y_266">475.0px</dimen>
<dimen name="layout_y_267">477.0px</dimen>
<dimen name="layout_y_268">478.0px</dimen>
<dimen name="layout_y_269">480.0px</dimen>
<dimen name="layout_y_270">482.0px</dimen>
<dimen name="layout_y_271">484.0px</dimen>
<dimen name="layout_y_272">485.0px</dimen>
<dimen name="layout_y_273">487.0px</dimen>
<dimen name="layout_y_274">489.0px</dimen>
<dimen name="layout_y_275">491.0px</dimen>
<dimen name="layout_y_276">493.0px</dimen>
<dimen name="layout_y_277">494.0px</dimen>
<dimen name="layout_y_278">496.0px</dimen>
<dimen name="layout_y_279">498.0px</dimen>
<dimen name="layout_y_280">500.0px</dimen>
<dimen name="layout_y_281">502.0px</dimen>
<dimen name="layout_y_282">503.0px</dimen>
<dimen name="layout_y_283">505.0px</dimen>
<dimen name="layout_y_284">507.0px</dimen>
<dimen name="layout_y_285">509.0px</dimen>
<dimen name="layout_y_286">510.0px</dimen>
<dimen name="layout_y_287">512.0px</dimen>
<dimen name="layout_y_288">514.0px</dimen>
<dimen name="layout_y_289">516.0px</dimen>
<dimen name="layout_y_290">518.0px</dimen>
<dimen name="layout_y_291">519.0px</dimen>
<dimen name="layout_y_292">521.0px</dimen>
<dimen name="layout_y_293">523.0px</dimen>
<dimen name="layout_y_294">525.0px</dimen>
<dimen name="layout_y_295">527.0px</dimen>
<dimen name="layout_y_296">528.0px</dimen>
<dimen name="layout_y_297">530.0px</dimen>
<dimen name="layout_y_298">532.0px</dimen>
<dimen name="layout_y_299">534.0px</dimen>
<dimen name="layout_y_300">536.0px</dimen>
<dimen name="layout_y_301">537.0px</dimen>
<dimen name="layout_y_302">539.0px</dimen>
<dimen name="layout_y_303">541.0px</dimen>
<dimen name="layout_y_304">543.0px</dimen>
<dimen name="layout_y_305">544.0px</dimen>
<dimen name="layout_y_306">546.0px</dimen>
<dimen name="layout_y_307">548.0px</dimen>
<dimen name="layout_y_308">550.0px</dimen>
<dimen name="layout_y_309">552.0px</dimen>
<dimen name="layout_y_310">553.0px</dimen>
<dimen name="layout_y_311">555.0px</dimen>
<dimen name="layout_y_312">557.0px</dimen>
<dimen name="layout_y_313">559.0px</dimen>
<dimen name="layout_y_314">561.0px</dimen>
<dimen name="layout_y_315">562.0px</dimen>
<dimen name="layout_y_316">564.0px</dimen>
<dimen name="layout_y_317">566.0px</dimen>
<dimen name="layout_y_318">568.0px</dimen>
<dimen name="layout_y_319">569.0px</dimen>
<dimen name="layout_y_320">571.0px</dimen>
<dimen name="layout_y_321">573.0px</dimen>
<dimen name="layout_y_322">575.0px</dimen>
<dimen name="layout_y_323">577.0px</dimen>
<dimen name="layout_y_324">578.0px</dimen>
<dimen name="layout_y_325">580.0px</dimen>
<dimen name="layout_y_326">582.0px</dimen>
<dimen name="layout_y_327">584.0px</dimen>
<dimen name="layout_y_328">586.0px</dimen>
<dimen name="layout_y_329">587.0px</dimen>
<dimen name="layout_y_330">589.0px</dimen>
<dimen name="layout_y_331">591.0px</dimen>
<dimen name="layout_y_332">593.0px</dimen>
<dimen name="layout_y_333">594.0px</dimen>
<dimen name="layout_y_334">596.0px</dimen>
<dimen name="layout_y_335">598.0px</dimen>
<dimen name="layout_y_336">600.0px</dimen>
<dimen name="layout_y_337">602.0px</dimen>
<dimen name="layout_y_338">603.0px</dimen>
<dimen name="layout_y_339">605.0px</dimen>
<dimen name="layout_y_340">607.0px</dimen>
<dimen name="layout_y_341">609.0px</dimen>
<dimen name="layout_y_342">611.0px</dimen>
<dimen name="layout_y_343">612.0px</dimen>
<dimen name="layout_y_344">614.0px</dimen>
<dimen name="layout_y_345">616.0px</dimen>
<dimen name="layout_y_346">618.0px</dimen>
<dimen name="layout_y_347">619.0px</dimen>
<dimen name="layout_y_348">621.0px</dimen>
<dimen name="layout_y_349">623.0px</dimen>
<dimen name="layout_y_350">625.0px</dimen>
<dimen name="layout_y_351">627.0px</dimen>
<dimen name="layout_y_352">628.0px</dimen>
<dimen name="layout_y_353">630.0px</dimen>
<dimen name="layout_y_354">632.0px</dimen>
<dimen name="layout_y_355">634.0px</dimen>
<dimen name="layout_y_356">636.0px</dimen>
<dimen name="layout_y_357">637.0px</dimen>
<dimen name="layout_y_358">639.0px</dimen>
<dimen name="layout_y_359">641.0px</dimen>
<dimen name="layout_y_360">643.0px</dimen>
<dimen name="layout_y_361">644.0px</dimen>
<dimen name="layout_y_362">646.0px</dimen>
<dimen name="layout_y_363">648.0px</dimen>
<dimen name="layout_y_364">650.0px</dimen>
<dimen name="layout_y_365">652.0px</dimen>
<dimen name="layout_y_366">653.0px</dimen>
<dimen name="layout_y_367">655.0px</dimen>
<dimen name="layout_y_368">657.0px</dimen>
<dimen name="layout_y_369">659.0px</dimen>
<dimen name="layout_y_370">661.0px</dimen>
<dimen name="layout_y_371">662.0px</dimen>
<dimen name="layout_y_372">664.0px</dimen>
<dimen name="layout_y_373">666.0px</dimen>
<dimen name="layout_y_374">668.0px</dimen>
<dimen name="layout_y_375">670.0px</dimen>
<dimen name="layout_y_376">671.0px</dimen>
<dimen name="layout_y_377">673.0px</dimen>
<dimen name="layout_y_378">675.0px</dimen>
<dimen name="layout_y_379">677.0px</dimen>
<dimen name="layout_y_380">678.0px</dimen>
<dimen name="layout_y_381">680.0px</dimen>
<dimen name="layout_y_382">682.0px</dimen>
<dimen name="layout_y_383">684.0px</dimen>
<dimen name="layout_y_384">686.0px</dimen>
<dimen name="layout_y_385">687.0px</dimen>
<dimen name="layout_y_386">689.0px</dimen>
<dimen name="layout_y_387">691.0px</dimen>
<dimen name="layout_y_388">693.0px</dimen>
<dimen name="layout_y_389">695.0px</dimen>
<dimen name="layout_y_390">696.0px</dimen>
<dimen name="layout_y_391">698.0px</dimen>
<dimen name="layout_y_392">700.0px</dimen>
<dimen name="layout_y_393">702.0px</dimen>
<dimen name="layout_y_394">703.0px</dimen>
<dimen name="layout_y_395">705.0px</dimen>
<dimen name="layout_y_396">707.0px</dimen>
<dimen name="layout_y_397">709.0px</dimen>
<dimen name="layout_y_398">711.0px</dimen>
<dimen name="layout_y_399">712.0px</dimen>
<dimen name="layout_y_400">714.0px</dimen>
<dimen name="layout_y_401">716.0px</dimen>
<dimen name="layout_y_402">718.0px</dimen>
<dimen name="layout_y_403">720.0px</dimen>
<dimen name="layout_y_404">721.0px</dimen>
<dimen name="layout_y_405">723.0px</dimen>
<dimen name="layout_y_406">725.0px</dimen>
<dimen name="layout_y_407">727.0px</dimen>
<dimen name="layout_y_408">728.0px</dimen>
<dimen name="layout_y_409">730.0px</dimen>
<dimen name="layout_y_410">732.0px</dimen>
<dimen name="layout_y_411">734.0px</dimen>
<dimen name="layout_y_412">736.0px</dimen>
<dimen name="layout_y_413">737.0px</dimen>
<dimen name="layout_y_414">739.0px</dimen>
<dimen name="layout_y_415">741.0px</dimen>
<dimen name="layout_y_416">743.0px</dimen>
<dimen name="layout_y_417">745.0px</dimen>
<dimen name="layout_y_418">746.0px</dimen>
<dimen name="layout_y_419">748.0px</dimen>
<dimen name="layout_y_420">750.0px</dimen>
<dimen name="layout_y_421">752.0px</dimen>
<dimen name="layout_y_422">753.0px</dimen>
<dimen name="layout_y_423">755.0px</dimen>
<dimen name="layout_y_424">757.0px</dimen>
<dimen name="layout_y_425">759.0px</dimen>
<dimen name="layout_y_426">761.0px</dimen>
<dimen name="layout_y_427">762.0px</dimen>
<dimen name="layout_y_428">764.0px</dimen>
<dimen name="layout_y_429">766.0px</dimen>
<dimen name="layout_y_430">768.0px</dimen>
<dimen name="layout_y_431">770.0px</dimen>
<dimen name="layout_y_432">771.0px</dimen>
<dimen name="layout_y_433">773.0px</dimen>
<dimen name="layout_y_434">775.0px</dimen>
<dimen name="layout_y_435">777.0px</dimen>
<dimen name="layout_y_436">778.0px</dimen>
<dimen name="layout_y_437">780.0px</dimen>
<dimen name="layout_y_438">782.0px</dimen>
<dimen name="layout_y_439">784.0px</dimen>
<dimen name="layout_y_440">786.0px</dimen>
<dimen name="layout_y_441">787.0px</dimen>
<dimen name="layout_y_442">789.0px</dimen>
<dimen name="layout_y_443">791.0px</dimen>
<dimen name="layout_y_444">793.0px</dimen>
<dimen name="layout_y_445">795.0px</dimen>
<dimen name="layout_y_446">796.0px</dimen>
<dimen name="layout_y_447">798.0px</dimen>
<dimen name="layout_y_448">800.0px</dimen>
<dimen name="layout_y_449">802.0px</dimen>
<dimen name="layout_y_450">804.0px</dimen>
<dimen name="layout_y_451">805.0px</dimen>
<dimen name="layout_y_452">807.0px</dimen>
<dimen name="layout_y_453">809.0px</dimen>
<dimen name="layout_y_454">811.0px</dimen>
<dimen name="layout_y_455">812.0px</dimen>
<dimen name="layout_y_456">814.0px</dimen>
<dimen name="layout_y_457">816.0px</dimen>
<dimen name="layout_y_458">818.0px</dimen>
<dimen name="layout_y_459">820.0px</dimen>
<dimen name="layout_y_460">821.0px</dimen>
<dimen name="layout_y_461">823.0px</dimen>
<dimen name="layout_y_462">825.0px</dimen>
<dimen name="layout_y_463">827.0px</dimen>
<dimen name="layout_y_464">829.0px</dimen>
<dimen name="layout_y_465">830.0px</dimen>
<dimen name="layout_y_466">832.0px</dimen>
<dimen name="layout_y_467">834.0px</dimen>
<dimen name="layout_y_468">836.0px</dimen>
<dimen name="layout_y_469">837.0px</dimen>
<dimen name="layout_y_470">839.0px</dimen>
<dimen name="layout_y_471">841.0px</dimen>
<dimen name="layout_y_472">843.0px</dimen>
<dimen name="layout_y_473">845.0px</dimen>
<dimen name="layout_y_474">846.0px</dimen>
<dimen name="layout_y_475">848.0px</dimen>
<dimen name="layout_y_476">850.0px</dimen>
<dimen name="layout_y_477">852.0px</dimen>
<dimen name="layout_y_478">854.0px</dimen>
<dimen name="layout_y_479">855.0px</dimen>
<dimen name="layout_y_480">857.0px</dimen>
<dimen name="layout_y_481">859.0px</dimen>
<dimen name="layout_y_482">861.0px</dimen>
<dimen name="layout_y_483">862.0px</dimen>
<dimen name="layout_y_484">864.0px</dimen>
<dimen name="layout_y_485">866.0px</dimen>
<dimen name="layout_y_486">868.0px</dimen>
<dimen name="layout_y_487">870.0px</dimen>
<dimen name="layout_y_488">871.0px</dimen>
<dimen name="layout_y_489">873.0px</dimen>
<dimen name="layout_y_490">875.0px</dimen>
<dimen name="layout_y_491">877.0px</dimen>
<dimen name="layout_y_492">879.0px</dimen>
<dimen name="layout_y_493">880.0px</dimen>
<dimen name="layout_y_494">882.0px</dimen>
<dimen name="layout_y_495">884.0px</dimen>
<dimen name="layout_y_496">886.0px</dimen>
<dimen name="layout_y_497">887.0px</dimen>
<dimen name="layout_y_498">889.0px</dimen>
<dimen name="layout_y_499">891.0px</dimen>
<dimen name="layout_y_500">893.0px</dimen>
<dimen name="layout_y_501">895.0px</dimen>
<dimen name="layout_y_502">896.0px</dimen>
<dimen name="layout_y_503">898.0px</dimen>
<dimen name="layout_y_504">900.0px</dimen>
<dimen name="layout_y_505">902.0px</dimen>
<dimen name="layout_y_506">904.0px</dimen>
<dimen name="layout_y_507">905.0px</dimen>
<dimen name="layout_y_508">907.0px</dimen>
<dimen name="layout_y_509">909.0px</dimen>
<dimen name="layout_y_510">911.0px</dimen>
<dimen name="layout_y_511">912.0px</dimen>
<dimen name="layout_y_512">914.0px</dimen>
<dimen name="layout_y_513">916.0px</dimen>
<dimen name="layout_y_514">918.0px</dimen>
<dimen name="layout_y_515">920.0px</dimen>
<dimen name="layout_y_516">921.0px</dimen>
<dimen name="layout_y_517">923.0px</dimen>
<dimen name="layout_y_518">925.0px</dimen>
<dimen name="layout_y_519">927.0px</dimen>
<dimen name="layout_y_520">929.0px</dimen>
<dimen name="layout_y_521">930.0px</dimen>
<dimen name="layout_y_522">932.0px</dimen>
<dimen name="layout_y_523">934.0px</dimen>
<dimen name="layout_y_524">936.0px</dimen>
<dimen name="layout_y_525">938.0px</dimen>
<dimen name="layout_y_526">939.0px</dimen>
<dimen name="layout_y_527">941.0px</dimen>
<dimen name="layout_y_528">943.0px</dimen>
<dimen name="layout_y_529">945.0px</dimen>
<dimen name="layout_y_530">946.0px</dimen>
<dimen name="layout_y_531">948.0px</dimen>
<dimen name="layout_y_532">950.0px</dimen>
<dimen name="layout_y_533">952.0px</dimen>
<dimen name="layout_y_534">954.0px</dimen>
<dimen name="layout_y_535">955.0px</dimen>
<dimen name="layout_y_536">957.0px</dimen>
<dimen name="layout_y_537">959.0px</dimen>
<dimen name="layout_y_538">961.0px</dimen>
<dimen name="layout_y_539">963.0px</dimen>
<dimen name="layout_y_540">964.0px</dimen>
<dimen name="layout_y_541">966.0px</dimen>
<dimen name="layout_y_542">968.0px</dimen>
<dimen name="layout_y_543">970.0px</dimen>
<dimen name="layout_y_544">971.0px</dimen>
<dimen name="layout_y_545">973.0px</dimen>
<dimen name="layout_y_546">975.0px</dimen>
<dimen name="layout_y_547">977.0px</dimen>
<dimen name="layout_y_548">979.0px</dimen>
<dimen name="layout_y_549">980.0px</dimen>
<dimen name="layout_y_550">982.0px</dimen>
<dimen name="layout_y_551">984.0px</dimen>
<dimen name="layout_y_552">986.0px</dimen>
<dimen name="layout_y_553">988.0px</dimen>
<dimen name="layout_y_554">989.0px</dimen>
<dimen name="layout_y_555">991.0px</dimen>
<dimen name="layout_y_556">993.0px</dimen>
<dimen name="layout_y_557">995.0px</dimen>
<dimen name="layout_y_558">996.0px</dimen>
<dimen name="layout_y_559">998.0px</dimen>
<dimen name="layout_y_560">1000.0px</dimen>
<dimen name="layout_y_561">1002.0px</dimen>
<dimen name="layout_y_562">1004.0px</dimen>
<dimen name="layout_y_563">1005.0px</dimen>
<dimen name="layout_y_564">1007.0px</dimen>
<dimen name="layout_y_565">1009.0px</dimen>
<dimen name="layout_y_566">1011.0px</dimen>
<dimen name="layout_y_567">1013.0px</dimen>
<dimen name="layout_y_568">1014.0px</dimen>
<dimen name="layout_y_569">1016.0px</dimen>
<dimen name="layout_y_570">1018.0px</dimen>
<dimen name="layout_y_571">1020.0px</dimen>
<dimen name="layout_y_572">1021.0px</dimen>
<dimen name="layout_y_573">1023.0px</dimen>
<dimen name="layout_y_574">1025.0px</dimen>
<dimen name="layout_y_575">1027.0px</dimen>
<dimen name="layout_y_576">1029.0px</dimen>
<dimen name="layout_y_577">1030.0px</dimen>
<dimen name="layout_y_578">1032.0px</dimen>
<dimen name="layout_y_579">1034.0px</dimen>
<dimen name="layout_y_580">1036.0px</dimen>
<dimen name="layout_y_581">1038.0px</dimen>
<dimen name="layout_y_582">1039.0px</dimen>
<dimen name="layout_y_583">1041.0px</dimen>
<dimen name="layout_y_584">1043.0px</dimen>
<dimen name="layout_y_585">1045.0px</dimen>
<dimen name="layout_y_586">1046.0px</dimen>
<dimen name="layout_y_587">1048.0px</dimen>
<dimen name="layout_y_588">1050.0px</dimen>
<dimen name="layout_y_589">1052.0px</dimen>
<dimen name="layout_y_590">1054.0px</dimen>
<dimen name="layout_y_591">1055.0px</dimen>
<dimen name="layout_y_592">1057.0px</dimen>
<dimen name="layout_y_593">1059.0px</dimen>
<dimen name="layout_y_594">1061.0px</dimen>
<dimen name="layout_y_595">1063.0px</dimen>
<dimen name="layout_y_596">1064.0px</dimen>
<dimen name="layout_y_597">1066.0px</dimen>
<dimen name="layout_y_598">1068.0px</dimen>
<dimen name="layout_y_599">1070.0px</dimen>
<dimen name="layout_y_600">1072.0px</dimen>
<dimen name="layout_y_601">1073.0px</dimen>
<dimen name="layout_y_602">1075.0px</dimen>
<dimen name="layout_y_603">1077.0px</dimen>
<dimen name="layout_y_604">1079.0px</dimen>
<dimen name="layout_y_605">1080.0px</dimen>
<dimen name="layout_y_606">1082.0px</dimen>
<dimen name="layout_y_607">1084.0px</dimen>
<dimen name="layout_y_608">1086.0px</dimen>
<dimen name="layout_y_609">1088.0px</dimen>
<dimen name="layout_y_610">1089.0px</dimen>
<dimen name="layout_y_611">1091.0px</dimen>
<dimen name="layout_y_612">1093.0px</dimen>
<dimen name="layout_y_613">1095.0px</dimen>
<dimen name="layout_y_614">1097.0px</dimen>
<dimen name="layout_y_615">1098.0px</dimen>
<dimen name="layout_y_616">1100.0px</dimen>
<dimen name="layout_y_617">1102.0px</dimen>
<dimen name="layout_y_618">1104.0px</dimen>
<dimen name="layout_y_619">1105.0px</dimen>
<dimen name="layout_y_620">1107.0px</dimen>
<dimen name="layout_y_621">1109.0px</dimen>
<dimen name="layout_y_622">1111.0px</dimen>
<dimen name="layout_y_623">1113.0px</dimen>
<dimen name="layout_y_624">1114.0px</dimen>
<dimen name="layout_y_625">1116.0px</dimen>
<dimen name="layout_y_626">1118.0px</dimen>
<dimen name="layout_y_627">1120.0px</dimen>
<dimen name="layout_y_628">1122.0px</dimen>
<dimen name="layout_y_629">1123.0px</dimen>
<dimen name="layout_y_630">1125.0px</dimen>
<dimen name="layout_y_631">1127.0px</dimen>
<dimen name="layout_y_632">1129.0px</dimen>
<dimen name="layout_y_633">1130.0px</dimen>
<dimen name="layout_y_634">1132.0px</dimen>
<dimen name="layout_y_635">1134.0px</dimen>
<dimen name="layout_y_636">1136.0px</dimen>
<dimen name="layout_y_637">1138.0px</dimen>
<dimen name="layout_y_638">1139.0px</dimen>
<dimen name="layout_y_639">1141.0px</dimen>
<dimen name="layout_y_640">1143.0px</dimen>
<dimen name="layout_y_641">1145.0px</dimen>
<dimen name="layout_y_642">1147.0px</dimen>
<dimen name="layout_y_643">1148.0px</dimen>
<dimen name="layout_y_644">1150.0px</dimen>
<dimen name="layout_y_645">1152.0px</dimen>
<dimen name="layout_y_646">1154.0px</dimen>
<dimen name="layout_y_647">1155.0px</dimen>
<dimen name="layout_y_648">1157.0px</dimen>
<dimen name="layout_y_649">1159.0px</dimen>
<dimen name="layout_y_650">1161.0px</dimen>
<dimen name="layout_y_651">1163.0px</dimen>
<dimen name="layout_y_652">1164.0px</dimen>
<dimen name="layout_y_653">1166.0px</dimen>
<dimen name="layout_y_654">1168.0px</dimen>
<dimen name="layout_y_655">1170.0px</dimen>
<dimen name="layout_y_656">1172.0px</dimen>
<dimen name="layout_y_657">1173.0px</dimen>
<dimen name="layout_y_658">1175.0px</dimen>
<dimen name="layout_y_659">1177.0px</dimen>
<dimen name="layout_y_660">1179.0px</dimen>
<dimen name="layout_y_661">1180.0px</dimen>
<dimen name="layout_y_662">1182.0px</dimen>
<dimen name="layout_y_663">1184.0px</dimen>
<dimen name="layout_y_664">1186.0px</dimen>
<dimen name="layout_y_665">1188.0px</dimen>
<dimen name="layout_y_666">1189.0px</dimen>
<dimen name="layout_y_667">1191.0px</dimen>
<dimen name="layout_y_668">1193.0px</dimen>
<dimen name="layout_y_669">1195.0px</dimen>
<dimen name="layout_y_670">1197.0px</dimen>
<dimen name="layout_y_671">1198.0px</dimen>
<dimen name="layout_y_672">1200.0px</dimen>
<dimen name="layout_y_673">1202.0px</dimen>
<dimen name="layout_y_674">1204.0px</dimen>
<dimen name="layout_y_675">1206.0px</dimen>
<dimen name="layout_y_676">1207.0px</dimen>
<dimen name="layout_y_677">1209.0px</dimen>
<dimen name="layout_y_678">1211.0px</dimen>
<dimen name="layout_y_679">1213.0px</dimen>
<dimen name="layout_y_680">1214.0px</dimen>
<dimen name="layout_y_681">1216.0px</dimen>
<dimen name="layout_y_682">1218.0px</dimen>
<dimen name="layout_y_683">1220.0px</dimen>
<dimen name="layout_y_684">1222.0px</dimen>
<dimen name="layout_y_685">1223.0px</dimen>
<dimen name="layout_y_686">1225.0px</dimen>
<dimen name="layout_y_687">1227.0px</dimen>
<dimen name="layout_y_688">1229.0px</dimen>
<dimen name="layout_y_689">1231.0px</dimen>
<dimen name="layout_y_690">1232.0px</dimen>
<dimen name="layout_y_691">1234.0px</dimen>
<dimen name="layout_y_692">1236.0px</dimen>
<dimen name="layout_y_693">1238.0px</dimen>
<dimen name="layout_y_694">1239.0px</dimen>
<dimen name="layout_y_695">1241.0px</dimen>
<dimen name="layout_y_696">1243.0px</dimen>
<dimen name="layout_y_697">1245.0px</dimen>
<dimen name="layout_y_698">1247.0px</dimen>
<dimen name="layout_y_699">1248.0px</dimen>
<dimen name="layout_y_700">1250.0px</dimen>
<dimen name="layout_y_701">1252.0px</dimen>
<dimen name="layout_y_702">1254.0px</dimen>
<dimen name="layout_y_703">1256.0px</dimen>
<dimen name="layout_y_704">1257.0px</dimen>
<dimen name="layout_y_705">1259.0px</dimen>
<dimen name="layout_y_706">1261.0px</dimen>
<dimen name="layout_y_707">1263.0px</dimen>
<dimen name="layout_y_708">1264.0px</dimen>
<dimen name="layout_y_709">1266.0px</dimen>
<dimen name="layout_y_710">1268.0px</dimen>
<dimen name="layout_y_711">1270.0px</dimen>
<dimen name="layout_y_712">1272.0px</dimen>
<dimen name="layout_y_713">1273.0px</dimen>
<dimen name="layout_y_714">1275.0px</dimen>
<dimen name="layout_y_715">1277.0px</dimen>
<dimen name="layout_y_716">1279.0px</dimen>
<dimen name="layout_y_717">1281.0px</dimen>
<dimen name="layout_y_718">1282.0px</dimen>
<dimen name="layout_y_719">1284.0px</dimen>
<dimen name="layout_y_720">1286.0px</dimen>
<dimen name="layout_y_721">1288.0px</dimen>
<dimen name="layout_y_722">1289.0px</dimen>
<dimen name="layout_y_723">1291.0px</dimen>
<dimen name="layout_y_724">1293.0px</dimen>
<dimen name="layout_y_725">1295.0px</dimen>
<dimen name="layout_y_726">1297.0px</dimen>
<dimen name="layout_y_727">1298.0px</dimen>
<dimen name="layout_y_728">1300.0px</dimen>
<dimen name="layout_y_729">1302.0px</dimen>
<dimen name="layout_y_730">1304.0px</dimen>
<dimen name="layout_y_731">1306.0px</dimen>
<dimen name="layout_y_732">1307.0px</dimen>
<dimen name="layout_y_733">1309.0px</dimen>
<dimen name="layout_y_734">1311.0px</dimen>
<dimen name="layout_y_735">1313.0px</dimen>
<dimen name="layout_y_736">1314.0px</dimen>
<dimen name="layout_y_737">1316.0px</dimen>
<dimen name="layout_y_738">1318.0px</dimen>
<dimen name="layout_y_739">1320.0px</dimen>
<dimen name="layout_y_740">1322.0px</dimen>
<dimen name="layout_y_741">1323.0px</dimen>
<dimen name="layout_y_742">1325.0px</dimen>
<dimen name="layout_y_743">1327.0px</dimen>
<dimen name="layout_y_744">1329.0px</dimen>
<dimen name="layout_y_745">1331.0px</dimen>
<dimen name="layout_y_746">1332.0px</dimen>
<dimen name="layout_y_747">1334.0px</dimen>
<dimen name="layout_y_748">1336.0px</dimen>
<dimen name="layout_y_749">1338.0px</dimen>
<dimen name="layout_y_750">1340.0px</dimen>
<dimen name="layout_y_751">1341.0px</dimen>
<dimen name="layout_y_752">1343.0px</dimen>
<dimen name="layout_y_753">1345.0px</dimen>
<dimen name="layout_y_754">1347.0px</dimen>
<dimen name="layout_y_755">1348.0px</dimen>
<dimen name="layout_y_756">1350.0px</dimen>
<dimen name="layout_y_757">1352.0px</dimen>
<dimen name="layout_y_758">1354.0px</dimen>
<dimen name="layout_y_759">1356.0px</dimen>
<dimen name="layout_y_760">1357.0px</dimen>
<dimen name="layout_y_761">1359.0px</dimen>
<dimen name="layout_y_762">1361.0px</dimen>
<dimen name="layout_y_763">1363.0px</dimen>
<dimen name="layout_y_764">1365.0px</dimen>
<dimen name="layout_y_765">1366.0px</dimen>
<dimen name="layout_y_766">1368.0px</dimen>
<dimen name="layout_y_767">1370.0px</dimen>
<dimen name="layout_y_768">1372.0px</dimen>
<dimen name="layout_y_769">1373.0px</dimen>
<dimen name="layout_y_770">1375.0px</dimen>
<dimen name="layout_y_771">1377.0px</dimen>
<dimen name="layout_y_772">1379.0px</dimen>
<dimen name="layout_y_773">1381.0px</dimen>
<dimen name="layout_y_774">1382.0px</dimen>
<dimen name="layout_y_775">1384.0px</dimen>
<dimen name="layout_y_776">1386.0px</dimen>
<dimen name="layout_y_777">1388.0px</dimen>
<dimen name="layout_y_778">1390.0px</dimen>
<dimen name="layout_y_779">1391.0px</dimen>
<dimen name="layout_y_780">1393.0px</dimen>
<dimen name="layout_y_781">1395.0px</dimen>
<dimen name="layout_y_782">1397.0px</dimen>
<dimen name="layout_y_783">1398.0px</dimen>
<dimen name="layout_y_784">1400.0px</dimen>
<dimen name="layout_y_785">1402.0px</dimen>
<dimen name="layout_y_786">1404.0px</dimen>
<dimen name="layout_y_787">1406.0px</dimen>
<dimen name="layout_y_788">1407.0px</dimen>
<dimen name="layout_y_789">1409.0px</dimen>
<dimen name="layout_y_790">1411.0px</dimen>
<dimen name="layout_y_791">1413.0px</dimen>
<dimen name="layout_y_792">1415.0px</dimen>
<dimen name="layout_y_793">1416.0px</dimen>
<dimen name="layout_y_794">1418.0px</dimen>
<dimen name="layout_y_795">1420.0px</dimen>
<dimen name="layout_y_796">1422.0px</dimen>
<dimen name="layout_y_797">1423.0px</dimen>
<dimen name="layout_y_798">1425.0px</dimen>
<dimen name="layout_y_799">1427.0px</dimen>
<dimen name="layout_y_800">1280px</dimen>
</resources>