<?xml version="1.0" encoding="utf-8"?>
<resources><dimen name="layout_y_0">0.0px</dimen>
<dimen name="layout_y_1">1.0px</dimen>
<dimen name="layout_y_2">2.0px</dimen>
<dimen name="layout_y_3">3.0px</dimen>
<dimen name="layout_y_4">4.0px</dimen>
<dimen name="layout_y_5">5.0px</dimen>
<dimen name="layout_y_6">6.0px</dimen>
<dimen name="layout_y_7">7.0px</dimen>
<dimen name="layout_y_8">8.0px</dimen>
<dimen name="layout_y_9">9.0px</dimen>
<dimen name="layout_y_10">10.0px</dimen>
<dimen name="layout_y_11">11.0px</dimen>
<dimen name="layout_y_12">12.0px</dimen>
<dimen name="layout_y_13">13.0px</dimen>
<dimen name="layout_y_14">14.0px</dimen>
<dimen name="layout_y_15">15.0px</dimen>
<dimen name="layout_y_16">16.0px</dimen>
<dimen name="layout_y_17">17.0px</dimen>
<dimen name="layout_y_18">18.0px</dimen>
<dimen name="layout_y_19">19.0px</dimen>
<dimen name="layout_y_20">20.0px</dimen>
<dimen name="layout_y_21">21.0px</dimen>
<dimen name="layout_y_22">22.0px</dimen>
<dimen name="layout_y_23">23.0px</dimen>
<dimen name="layout_y_24">24.0px</dimen>
<dimen name="layout_y_25">25.0px</dimen>
<dimen name="layout_y_26">26.0px</dimen>
<dimen name="layout_y_27">27.0px</dimen>
<dimen name="layout_y_28">28.0px</dimen>
<dimen name="layout_y_29">29.0px</dimen>
<dimen name="layout_y_30">30.0px</dimen>
<dimen name="layout_y_31">31.0px</dimen>
<dimen name="layout_y_32">32.0px</dimen>
<dimen name="layout_y_33">33.0px</dimen>
<dimen name="layout_y_34">34.0px</dimen>
<dimen name="layout_y_35">35.0px</dimen>
<dimen name="layout_y_36">36.0px</dimen>
<dimen name="layout_y_37">37.0px</dimen>
<dimen name="layout_y_38">38.0px</dimen>
<dimen name="layout_y_39">39.0px</dimen>
<dimen name="layout_y_40">40.0px</dimen>
<dimen name="layout_y_41">41.0px</dimen>
<dimen name="layout_y_42">42.0px</dimen>
<dimen name="layout_y_43">43.0px</dimen>
<dimen name="layout_y_44">44.0px</dimen>
<dimen name="layout_y_45">45.0px</dimen>
<dimen name="layout_y_46">46.0px</dimen>
<dimen name="layout_y_47">47.0px</dimen>
<dimen name="layout_y_48">48.0px</dimen>
<dimen name="layout_y_49">49.0px</dimen>
<dimen name="layout_y_50">50.0px</dimen>
<dimen name="layout_y_51">51.0px</dimen>
<dimen name="layout_y_52">52.0px</dimen>
<dimen name="layout_y_53">53.0px</dimen>
<dimen name="layout_y_54">54.0px</dimen>
<dimen name="layout_y_55">55.0px</dimen>
<dimen name="layout_y_56">56.0px</dimen>
<dimen name="layout_y_57">57.0px</dimen>
<dimen name="layout_y_58">58.0px</dimen>
<dimen name="layout_y_59">59.0px</dimen>
<dimen name="layout_y_60">60.0px</dimen>
<dimen name="layout_y_61">61.0px</dimen>
<dimen name="layout_y_62">62.0px</dimen>
<dimen name="layout_y_63">63.0px</dimen>
<dimen name="layout_y_64">64.0px</dimen>
<dimen name="layout_y_65">65.0px</dimen>
<dimen name="layout_y_66">66.0px</dimen>
<dimen name="layout_y_67">67.0px</dimen>
<dimen name="layout_y_68">68.0px</dimen>
<dimen name="layout_y_69">69.0px</dimen>
<dimen name="layout_y_70">70.0px</dimen>
<dimen name="layout_y_71">71.0px</dimen>
<dimen name="layout_y_72">72.0px</dimen>
<dimen name="layout_y_73">73.0px</dimen>
<dimen name="layout_y_74">74.0px</dimen>
<dimen name="layout_y_75">75.0px</dimen>
<dimen name="layout_y_76">76.0px</dimen>
<dimen name="layout_y_77">77.0px</dimen>
<dimen name="layout_y_78">78.0px</dimen>
<dimen name="layout_y_79">79.0px</dimen>
<dimen name="layout_y_80">80.0px</dimen>
<dimen name="layout_y_81">81.0px</dimen>
<dimen name="layout_y_82">82.0px</dimen>
<dimen name="layout_y_83">83.0px</dimen>
<dimen name="layout_y_84">84.0px</dimen>
<dimen name="layout_y_85">85.0px</dimen>
<dimen name="layout_y_86">86.0px</dimen>
<dimen name="layout_y_87">87.0px</dimen>
<dimen name="layout_y_88">88.0px</dimen>
<dimen name="layout_y_89">89.0px</dimen>
<dimen name="layout_y_90">90.0px</dimen>
<dimen name="layout_y_91">91.0px</dimen>
<dimen name="layout_y_92">92.0px</dimen>
<dimen name="layout_y_93">93.0px</dimen>
<dimen name="layout_y_94">94.0px</dimen>
<dimen name="layout_y_95">95.0px</dimen>
<dimen name="layout_y_96">96.0px</dimen>
<dimen name="layout_y_97">97.0px</dimen>
<dimen name="layout_y_98">98.0px</dimen>
<dimen name="layout_y_99">99.0px</dimen>
<dimen name="layout_y_100">100.0px</dimen>
<dimen name="layout_y_101">101.0px</dimen>
<dimen name="layout_y_102">102.0px</dimen>
<dimen name="layout_y_103">103.0px</dimen>
<dimen name="layout_y_104">104.0px</dimen>
<dimen name="layout_y_105">105.0px</dimen>
<dimen name="layout_y_106">106.0px</dimen>
<dimen name="layout_y_107">107.0px</dimen>
<dimen name="layout_y_108">108.0px</dimen>
<dimen name="layout_y_109">109.0px</dimen>
<dimen name="layout_y_110">110.0px</dimen>
<dimen name="layout_y_111">111.0px</dimen>
<dimen name="layout_y_112">112.0px</dimen>
<dimen name="layout_y_113">113.0px</dimen>
<dimen name="layout_y_114">114.0px</dimen>
<dimen name="layout_y_115">115.0px</dimen>
<dimen name="layout_y_116">116.0px</dimen>
<dimen name="layout_y_117">117.0px</dimen>
<dimen name="layout_y_118">118.0px</dimen>
<dimen name="layout_y_119">119.0px</dimen>
<dimen name="layout_y_120">120.0px</dimen>
<dimen name="layout_y_121">121.0px</dimen>
<dimen name="layout_y_122">122.0px</dimen>
<dimen name="layout_y_123">123.0px</dimen>
<dimen name="layout_y_124">124.0px</dimen>
<dimen name="layout_y_125">125.0px</dimen>
<dimen name="layout_y_126">126.0px</dimen>
<dimen name="layout_y_127">127.0px</dimen>
<dimen name="layout_y_128">128.0px</dimen>
<dimen name="layout_y_129">129.0px</dimen>
<dimen name="layout_y_130">130.0px</dimen>
<dimen name="layout_y_131">131.0px</dimen>
<dimen name="layout_y_132">132.0px</dimen>
<dimen name="layout_y_133">133.0px</dimen>
<dimen name="layout_y_134">134.0px</dimen>
<dimen name="layout_y_135">135.0px</dimen>
<dimen name="layout_y_136">136.0px</dimen>
<dimen name="layout_y_137">137.0px</dimen>
<dimen name="layout_y_138">138.0px</dimen>
<dimen name="layout_y_139">139.0px</dimen>
<dimen name="layout_y_140">140.0px</dimen>
<dimen name="layout_y_141">141.0px</dimen>
<dimen name="layout_y_142">142.0px</dimen>
<dimen name="layout_y_143">143.0px</dimen>
<dimen name="layout_y_144">144.0px</dimen>
<dimen name="layout_y_145">145.0px</dimen>
<dimen name="layout_y_146">146.0px</dimen>
<dimen name="layout_y_147">147.0px</dimen>
<dimen name="layout_y_148">148.0px</dimen>
<dimen name="layout_y_149">149.0px</dimen>
<dimen name="layout_y_150">150.0px</dimen>
<dimen name="layout_y_151">151.0px</dimen>
<dimen name="layout_y_152">152.0px</dimen>
<dimen name="layout_y_153">153.0px</dimen>
<dimen name="layout_y_154">154.0px</dimen>
<dimen name="layout_y_155">155.0px</dimen>
<dimen name="layout_y_156">156.0px</dimen>
<dimen name="layout_y_157">157.0px</dimen>
<dimen name="layout_y_158">158.0px</dimen>
<dimen name="layout_y_159">159.0px</dimen>
<dimen name="layout_y_160">160.0px</dimen>
<dimen name="layout_y_161">161.0px</dimen>
<dimen name="layout_y_162">162.0px</dimen>
<dimen name="layout_y_163">163.0px</dimen>
<dimen name="layout_y_164">164.0px</dimen>
<dimen name="layout_y_165">165.0px</dimen>
<dimen name="layout_y_166">166.0px</dimen>
<dimen name="layout_y_167">167.0px</dimen>
<dimen name="layout_y_168">168.0px</dimen>
<dimen name="layout_y_169">169.0px</dimen>
<dimen name="layout_y_170">170.0px</dimen>
<dimen name="layout_y_171">171.0px</dimen>
<dimen name="layout_y_172">172.0px</dimen>
<dimen name="layout_y_173">173.0px</dimen>
<dimen name="layout_y_174">174.0px</dimen>
<dimen name="layout_y_175">175.0px</dimen>
<dimen name="layout_y_176">176.0px</dimen>
<dimen name="layout_y_177">177.0px</dimen>
<dimen name="layout_y_178">178.0px</dimen>
<dimen name="layout_y_179">179.0px</dimen>
<dimen name="layout_y_180">180.0px</dimen>
<dimen name="layout_y_181">181.0px</dimen>
<dimen name="layout_y_182">182.0px</dimen>
<dimen name="layout_y_183">183.0px</dimen>
<dimen name="layout_y_184">184.0px</dimen>
<dimen name="layout_y_185">185.0px</dimen>
<dimen name="layout_y_186">186.0px</dimen>
<dimen name="layout_y_187">187.0px</dimen>
<dimen name="layout_y_188">188.0px</dimen>
<dimen name="layout_y_189">189.0px</dimen>
<dimen name="layout_y_190">190.0px</dimen>
<dimen name="layout_y_191">191.0px</dimen>
<dimen name="layout_y_192">192.0px</dimen>
<dimen name="layout_y_193">193.0px</dimen>
<dimen name="layout_y_194">194.0px</dimen>
<dimen name="layout_y_195">195.0px</dimen>
<dimen name="layout_y_196">196.0px</dimen>
<dimen name="layout_y_197">197.0px</dimen>
<dimen name="layout_y_198">198.0px</dimen>
<dimen name="layout_y_199">199.0px</dimen>
<dimen name="layout_y_200">201.0px</dimen>
<dimen name="layout_y_201">202.0px</dimen>
<dimen name="layout_y_202">203.0px</dimen>
<dimen name="layout_y_203">204.0px</dimen>
<dimen name="layout_y_204">205.0px</dimen>
<dimen name="layout_y_205">206.0px</dimen>
<dimen name="layout_y_206">207.0px</dimen>
<dimen name="layout_y_207">208.0px</dimen>
<dimen name="layout_y_208">209.0px</dimen>
<dimen name="layout_y_209">210.0px</dimen>
<dimen name="layout_y_210">211.0px</dimen>
<dimen name="layout_y_211">212.0px</dimen>
<dimen name="layout_y_212">213.0px</dimen>
<dimen name="layout_y_213">214.0px</dimen>
<dimen name="layout_y_214">215.0px</dimen>
<dimen name="layout_y_215">216.0px</dimen>
<dimen name="layout_y_216">217.0px</dimen>
<dimen name="layout_y_217">218.0px</dimen>
<dimen name="layout_y_218">219.0px</dimen>
<dimen name="layout_y_219">220.0px</dimen>
<dimen name="layout_y_220">221.0px</dimen>
<dimen name="layout_y_221">222.0px</dimen>
<dimen name="layout_y_222">223.0px</dimen>
<dimen name="layout_y_223">224.0px</dimen>
<dimen name="layout_y_224">225.0px</dimen>
<dimen name="layout_y_225">226.0px</dimen>
<dimen name="layout_y_226">227.0px</dimen>
<dimen name="layout_y_227">228.0px</dimen>
<dimen name="layout_y_228">229.0px</dimen>
<dimen name="layout_y_229">230.0px</dimen>
<dimen name="layout_y_230">231.0px</dimen>
<dimen name="layout_y_231">232.0px</dimen>
<dimen name="layout_y_232">233.0px</dimen>
<dimen name="layout_y_233">234.0px</dimen>
<dimen name="layout_y_234">235.0px</dimen>
<dimen name="layout_y_235">236.0px</dimen>
<dimen name="layout_y_236">237.0px</dimen>
<dimen name="layout_y_237">238.0px</dimen>
<dimen name="layout_y_238">239.0px</dimen>
<dimen name="layout_y_239">240.0px</dimen>
<dimen name="layout_y_240">241.0px</dimen>
<dimen name="layout_y_241">242.0px</dimen>
<dimen name="layout_y_242">243.0px</dimen>
<dimen name="layout_y_243">244.0px</dimen>
<dimen name="layout_y_244">245.0px</dimen>
<dimen name="layout_y_245">246.0px</dimen>
<dimen name="layout_y_246">247.0px</dimen>
<dimen name="layout_y_247">248.0px</dimen>
<dimen name="layout_y_248">249.0px</dimen>
<dimen name="layout_y_249">250.0px</dimen>
<dimen name="layout_y_250">251.0px</dimen>
<dimen name="layout_y_251">252.0px</dimen>
<dimen name="layout_y_252">253.0px</dimen>
<dimen name="layout_y_253">254.0px</dimen>
<dimen name="layout_y_254">255.0px</dimen>
<dimen name="layout_y_255">256.0px</dimen>
<dimen name="layout_y_256">257.0px</dimen>
<dimen name="layout_y_257">258.0px</dimen>
<dimen name="layout_y_258">259.0px</dimen>
<dimen name="layout_y_259">260.0px</dimen>
<dimen name="layout_y_260">261.0px</dimen>
<dimen name="layout_y_261">262.0px</dimen>
<dimen name="layout_y_262">263.0px</dimen>
<dimen name="layout_y_263">264.0px</dimen>
<dimen name="layout_y_264">265.0px</dimen>
<dimen name="layout_y_265">266.0px</dimen>
<dimen name="layout_y_266">267.0px</dimen>
<dimen name="layout_y_267">268.0px</dimen>
<dimen name="layout_y_268">269.0px</dimen>
<dimen name="layout_y_269">270.0px</dimen>
<dimen name="layout_y_270">271.0px</dimen>
<dimen name="layout_y_271">272.0px</dimen>
<dimen name="layout_y_272">273.0px</dimen>
<dimen name="layout_y_273">274.0px</dimen>
<dimen name="layout_y_274">275.0px</dimen>
<dimen name="layout_y_275">276.0px</dimen>
<dimen name="layout_y_276">277.0px</dimen>
<dimen name="layout_y_277">278.0px</dimen>
<dimen name="layout_y_278">279.0px</dimen>
<dimen name="layout_y_279">280.0px</dimen>
<dimen name="layout_y_280">281.0px</dimen>
<dimen name="layout_y_281">282.0px</dimen>
<dimen name="layout_y_282">283.0px</dimen>
<dimen name="layout_y_283">284.0px</dimen>
<dimen name="layout_y_284">285.0px</dimen>
<dimen name="layout_y_285">286.0px</dimen>
<dimen name="layout_y_286">287.0px</dimen>
<dimen name="layout_y_287">288.0px</dimen>
<dimen name="layout_y_288">289.0px</dimen>
<dimen name="layout_y_289">290.0px</dimen>
<dimen name="layout_y_290">291.0px</dimen>
<dimen name="layout_y_291">292.0px</dimen>
<dimen name="layout_y_292">293.0px</dimen>
<dimen name="layout_y_293">294.0px</dimen>
<dimen name="layout_y_294">295.0px</dimen>
<dimen name="layout_y_295">296.0px</dimen>
<dimen name="layout_y_296">297.0px</dimen>
<dimen name="layout_y_297">298.0px</dimen>
<dimen name="layout_y_298">299.0px</dimen>
<dimen name="layout_y_299">300.0px</dimen>
<dimen name="layout_y_300">301.0px</dimen>
<dimen name="layout_y_301">302.0px</dimen>
<dimen name="layout_y_302">303.0px</dimen>
<dimen name="layout_y_303">304.0px</dimen>
<dimen name="layout_y_304">305.0px</dimen>
<dimen name="layout_y_305">306.0px</dimen>
<dimen name="layout_y_306">307.0px</dimen>
<dimen name="layout_y_307">308.0px</dimen>
<dimen name="layout_y_308">309.0px</dimen>
<dimen name="layout_y_309">310.0px</dimen>
<dimen name="layout_y_310">311.0px</dimen>
<dimen name="layout_y_311">312.0px</dimen>
<dimen name="layout_y_312">313.0px</dimen>
<dimen name="layout_y_313">314.0px</dimen>
<dimen name="layout_y_314">315.0px</dimen>
<dimen name="layout_y_315">316.0px</dimen>
<dimen name="layout_y_316">317.0px</dimen>
<dimen name="layout_y_317">318.0px</dimen>
<dimen name="layout_y_318">319.0px</dimen>
<dimen name="layout_y_319">320.0px</dimen>
<dimen name="layout_y_320">321.0px</dimen>
<dimen name="layout_y_321">322.0px</dimen>
<dimen name="layout_y_322">323.0px</dimen>
<dimen name="layout_y_323">324.0px</dimen>
<dimen name="layout_y_324">325.0px</dimen>
<dimen name="layout_y_325">326.0px</dimen>
<dimen name="layout_y_326">327.0px</dimen>
<dimen name="layout_y_327">328.0px</dimen>
<dimen name="layout_y_328">329.0px</dimen>
<dimen name="layout_y_329">330.0px</dimen>
<dimen name="layout_y_330">331.0px</dimen>
<dimen name="layout_y_331">332.0px</dimen>
<dimen name="layout_y_332">333.0px</dimen>
<dimen name="layout_y_333">334.0px</dimen>
<dimen name="layout_y_334">335.0px</dimen>
<dimen name="layout_y_335">336.0px</dimen>
<dimen name="layout_y_336">337.0px</dimen>
<dimen name="layout_y_337">338.0px</dimen>
<dimen name="layout_y_338">339.0px</dimen>
<dimen name="layout_y_339">340.0px</dimen>
<dimen name="layout_y_340">341.0px</dimen>
<dimen name="layout_y_341">342.0px</dimen>
<dimen name="layout_y_342">343.0px</dimen>
<dimen name="layout_y_343">344.0px</dimen>
<dimen name="layout_y_344">345.0px</dimen>
<dimen name="layout_y_345">346.0px</dimen>
<dimen name="layout_y_346">347.0px</dimen>
<dimen name="layout_y_347">348.0px</dimen>
<dimen name="layout_y_348">349.0px</dimen>
<dimen name="layout_y_349">350.0px</dimen>
<dimen name="layout_y_350">351.0px</dimen>
<dimen name="layout_y_351">352.0px</dimen>
<dimen name="layout_y_352">353.0px</dimen>
<dimen name="layout_y_353">354.0px</dimen>
<dimen name="layout_y_354">355.0px</dimen>
<dimen name="layout_y_355">356.0px</dimen>
<dimen name="layout_y_356">357.0px</dimen>
<dimen name="layout_y_357">358.0px</dimen>
<dimen name="layout_y_358">359.0px</dimen>
<dimen name="layout_y_359">360.0px</dimen>
<dimen name="layout_y_360">361.0px</dimen>
<dimen name="layout_y_361">362.0px</dimen>
<dimen name="layout_y_362">363.0px</dimen>
<dimen name="layout_y_363">364.0px</dimen>
<dimen name="layout_y_364">365.0px</dimen>
<dimen name="layout_y_365">366.0px</dimen>
<dimen name="layout_y_366">367.0px</dimen>
<dimen name="layout_y_367">368.0px</dimen>
<dimen name="layout_y_368">369.0px</dimen>
<dimen name="layout_y_369">370.0px</dimen>
<dimen name="layout_y_370">371.0px</dimen>
<dimen name="layout_y_371">372.0px</dimen>
<dimen name="layout_y_372">373.0px</dimen>
<dimen name="layout_y_373">374.0px</dimen>
<dimen name="layout_y_374">375.0px</dimen>
<dimen name="layout_y_375">376.0px</dimen>
<dimen name="layout_y_376">377.0px</dimen>
<dimen name="layout_y_377">378.0px</dimen>
<dimen name="layout_y_378">379.0px</dimen>
<dimen name="layout_y_379">380.0px</dimen>
<dimen name="layout_y_380">381.0px</dimen>
<dimen name="layout_y_381">382.0px</dimen>
<dimen name="layout_y_382">383.0px</dimen>
<dimen name="layout_y_383">384.0px</dimen>
<dimen name="layout_y_384">385.0px</dimen>
<dimen name="layout_y_385">386.0px</dimen>
<dimen name="layout_y_386">387.0px</dimen>
<dimen name="layout_y_387">388.0px</dimen>
<dimen name="layout_y_388">389.0px</dimen>
<dimen name="layout_y_389">390.0px</dimen>
<dimen name="layout_y_390">391.0px</dimen>
<dimen name="layout_y_391">392.0px</dimen>
<dimen name="layout_y_392">393.0px</dimen>
<dimen name="layout_y_393">394.0px</dimen>
<dimen name="layout_y_394">395.0px</dimen>
<dimen name="layout_y_395">396.0px</dimen>
<dimen name="layout_y_396">397.0px</dimen>
<dimen name="layout_y_397">398.0px</dimen>
<dimen name="layout_y_398">399.0px</dimen>
<dimen name="layout_y_399">400.0px</dimen>
<dimen name="layout_y_400">402.0px</dimen>
<dimen name="layout_y_401">403.0px</dimen>
<dimen name="layout_y_402">404.0px</dimen>
<dimen name="layout_y_403">405.0px</dimen>
<dimen name="layout_y_404">406.0px</dimen>
<dimen name="layout_y_405">407.0px</dimen>
<dimen name="layout_y_406">408.0px</dimen>
<dimen name="layout_y_407">409.0px</dimen>
<dimen name="layout_y_408">410.0px</dimen>
<dimen name="layout_y_409">411.0px</dimen>
<dimen name="layout_y_410">412.0px</dimen>
<dimen name="layout_y_411">413.0px</dimen>
<dimen name="layout_y_412">414.0px</dimen>
<dimen name="layout_y_413">415.0px</dimen>
<dimen name="layout_y_414">416.0px</dimen>
<dimen name="layout_y_415">417.0px</dimen>
<dimen name="layout_y_416">418.0px</dimen>
<dimen name="layout_y_417">419.0px</dimen>
<dimen name="layout_y_418">420.0px</dimen>
<dimen name="layout_y_419">421.0px</dimen>
<dimen name="layout_y_420">422.0px</dimen>
<dimen name="layout_y_421">423.0px</dimen>
<dimen name="layout_y_422">424.0px</dimen>
<dimen name="layout_y_423">425.0px</dimen>
<dimen name="layout_y_424">426.0px</dimen>
<dimen name="layout_y_425">427.0px</dimen>
<dimen name="layout_y_426">428.0px</dimen>
<dimen name="layout_y_427">429.0px</dimen>
<dimen name="layout_y_428">430.0px</dimen>
<dimen name="layout_y_429">431.0px</dimen>
<dimen name="layout_y_430">432.0px</dimen>
<dimen name="layout_y_431">433.0px</dimen>
<dimen name="layout_y_432">434.0px</dimen>
<dimen name="layout_y_433">435.0px</dimen>
<dimen name="layout_y_434">436.0px</dimen>
<dimen name="layout_y_435">437.0px</dimen>
<dimen name="layout_y_436">438.0px</dimen>
<dimen name="layout_y_437">439.0px</dimen>
<dimen name="layout_y_438">440.0px</dimen>
<dimen name="layout_y_439">441.0px</dimen>
<dimen name="layout_y_440">442.0px</dimen>
<dimen name="layout_y_441">443.0px</dimen>
<dimen name="layout_y_442">444.0px</dimen>
<dimen name="layout_y_443">445.0px</dimen>
<dimen name="layout_y_444">446.0px</dimen>
<dimen name="layout_y_445">447.0px</dimen>
<dimen name="layout_y_446">448.0px</dimen>
<dimen name="layout_y_447">449.0px</dimen>
<dimen name="layout_y_448">450.0px</dimen>
<dimen name="layout_y_449">451.0px</dimen>
<dimen name="layout_y_450">452.0px</dimen>
<dimen name="layout_y_451">453.0px</dimen>
<dimen name="layout_y_452">454.0px</dimen>
<dimen name="layout_y_453">455.0px</dimen>
<dimen name="layout_y_454">456.0px</dimen>
<dimen name="layout_y_455">457.0px</dimen>
<dimen name="layout_y_456">458.0px</dimen>
<dimen name="layout_y_457">459.0px</dimen>
<dimen name="layout_y_458">460.0px</dimen>
<dimen name="layout_y_459">461.0px</dimen>
<dimen name="layout_y_460">462.0px</dimen>
<dimen name="layout_y_461">463.0px</dimen>
<dimen name="layout_y_462">464.0px</dimen>
<dimen name="layout_y_463">465.0px</dimen>
<dimen name="layout_y_464">466.0px</dimen>
<dimen name="layout_y_465">467.0px</dimen>
<dimen name="layout_y_466">468.0px</dimen>
<dimen name="layout_y_467">469.0px</dimen>
<dimen name="layout_y_468">470.0px</dimen>
<dimen name="layout_y_469">471.0px</dimen>
<dimen name="layout_y_470">472.0px</dimen>
<dimen name="layout_y_471">473.0px</dimen>
<dimen name="layout_y_472">474.0px</dimen>
<dimen name="layout_y_473">475.0px</dimen>
<dimen name="layout_y_474">476.0px</dimen>
<dimen name="layout_y_475">477.0px</dimen>
<dimen name="layout_y_476">478.0px</dimen>
<dimen name="layout_y_477">479.0px</dimen>
<dimen name="layout_y_478">480.0px</dimen>
<dimen name="layout_y_479">481.0px</dimen>
<dimen name="layout_y_480">482.0px</dimen>
<dimen name="layout_y_481">483.0px</dimen>
<dimen name="layout_y_482">484.0px</dimen>
<dimen name="layout_y_483">485.0px</dimen>
<dimen name="layout_y_484">486.0px</dimen>
<dimen name="layout_y_485">487.0px</dimen>
<dimen name="layout_y_486">488.0px</dimen>
<dimen name="layout_y_487">489.0px</dimen>
<dimen name="layout_y_488">490.0px</dimen>
<dimen name="layout_y_489">491.0px</dimen>
<dimen name="layout_y_490">492.0px</dimen>
<dimen name="layout_y_491">493.0px</dimen>
<dimen name="layout_y_492">494.0px</dimen>
<dimen name="layout_y_493">495.0px</dimen>
<dimen name="layout_y_494">496.0px</dimen>
<dimen name="layout_y_495">497.0px</dimen>
<dimen name="layout_y_496">498.0px</dimen>
<dimen name="layout_y_497">499.0px</dimen>
<dimen name="layout_y_498">500.0px</dimen>
<dimen name="layout_y_499">501.0px</dimen>
<dimen name="layout_y_500">502.0px</dimen>
<dimen name="layout_y_501">503.0px</dimen>
<dimen name="layout_y_502">504.0px</dimen>
<dimen name="layout_y_503">505.0px</dimen>
<dimen name="layout_y_504">506.0px</dimen>
<dimen name="layout_y_505">507.0px</dimen>
<dimen name="layout_y_506">508.0px</dimen>
<dimen name="layout_y_507">509.0px</dimen>
<dimen name="layout_y_508">510.0px</dimen>
<dimen name="layout_y_509">511.0px</dimen>
<dimen name="layout_y_510">512.0px</dimen>
<dimen name="layout_y_511">513.0px</dimen>
<dimen name="layout_y_512">514.0px</dimen>
<dimen name="layout_y_513">515.0px</dimen>
<dimen name="layout_y_514">516.0px</dimen>
<dimen name="layout_y_515">517.0px</dimen>
<dimen name="layout_y_516">518.0px</dimen>
<dimen name="layout_y_517">519.0px</dimen>
<dimen name="layout_y_518">520.0px</dimen>
<dimen name="layout_y_519">521.0px</dimen>
<dimen name="layout_y_520">522.0px</dimen>
<dimen name="layout_y_521">523.0px</dimen>
<dimen name="layout_y_522">524.0px</dimen>
<dimen name="layout_y_523">525.0px</dimen>
<dimen name="layout_y_524">526.0px</dimen>
<dimen name="layout_y_525">527.0px</dimen>
<dimen name="layout_y_526">528.0px</dimen>
<dimen name="layout_y_527">529.0px</dimen>
<dimen name="layout_y_528">530.0px</dimen>
<dimen name="layout_y_529">531.0px</dimen>
<dimen name="layout_y_530">532.0px</dimen>
<dimen name="layout_y_531">533.0px</dimen>
<dimen name="layout_y_532">534.0px</dimen>
<dimen name="layout_y_533">535.0px</dimen>
<dimen name="layout_y_534">536.0px</dimen>
<dimen name="layout_y_535">537.0px</dimen>
<dimen name="layout_y_536">538.0px</dimen>
<dimen name="layout_y_537">539.0px</dimen>
<dimen name="layout_y_538">540.0px</dimen>
<dimen name="layout_y_539">541.0px</dimen>
<dimen name="layout_y_540">542.0px</dimen>
<dimen name="layout_y_541">543.0px</dimen>
<dimen name="layout_y_542">544.0px</dimen>
<dimen name="layout_y_543">545.0px</dimen>
<dimen name="layout_y_544">546.0px</dimen>
<dimen name="layout_y_545">547.0px</dimen>
<dimen name="layout_y_546">548.0px</dimen>
<dimen name="layout_y_547">549.0px</dimen>
<dimen name="layout_y_548">550.0px</dimen>
<dimen name="layout_y_549">551.0px</dimen>
<dimen name="layout_y_550">552.0px</dimen>
<dimen name="layout_y_551">553.0px</dimen>
<dimen name="layout_y_552">554.0px</dimen>
<dimen name="layout_y_553">555.0px</dimen>
<dimen name="layout_y_554">556.0px</dimen>
<dimen name="layout_y_555">557.0px</dimen>
<dimen name="layout_y_556">558.0px</dimen>
<dimen name="layout_y_557">559.0px</dimen>
<dimen name="layout_y_558">560.0px</dimen>
<dimen name="layout_y_559">561.0px</dimen>
<dimen name="layout_y_560">562.0px</dimen>
<dimen name="layout_y_561">563.0px</dimen>
<dimen name="layout_y_562">564.0px</dimen>
<dimen name="layout_y_563">565.0px</dimen>
<dimen name="layout_y_564">566.0px</dimen>
<dimen name="layout_y_565">567.0px</dimen>
<dimen name="layout_y_566">568.0px</dimen>
<dimen name="layout_y_567">569.0px</dimen>
<dimen name="layout_y_568">570.0px</dimen>
<dimen name="layout_y_569">571.0px</dimen>
<dimen name="layout_y_570">572.0px</dimen>
<dimen name="layout_y_571">573.0px</dimen>
<dimen name="layout_y_572">574.0px</dimen>
<dimen name="layout_y_573">575.0px</dimen>
<dimen name="layout_y_574">576.0px</dimen>
<dimen name="layout_y_575">577.0px</dimen>
<dimen name="layout_y_576">578.0px</dimen>
<dimen name="layout_y_577">579.0px</dimen>
<dimen name="layout_y_578">580.0px</dimen>
<dimen name="layout_y_579">581.0px</dimen>
<dimen name="layout_y_580">582.0px</dimen>
<dimen name="layout_y_581">583.0px</dimen>
<dimen name="layout_y_582">584.0px</dimen>
<dimen name="layout_y_583">585.0px</dimen>
<dimen name="layout_y_584">586.0px</dimen>
<dimen name="layout_y_585">587.0px</dimen>
<dimen name="layout_y_586">588.0px</dimen>
<dimen name="layout_y_587">589.0px</dimen>
<dimen name="layout_y_588">590.0px</dimen>
<dimen name="layout_y_589">591.0px</dimen>
<dimen name="layout_y_590">592.0px</dimen>
<dimen name="layout_y_591">593.0px</dimen>
<dimen name="layout_y_592">594.0px</dimen>
<dimen name="layout_y_593">595.0px</dimen>
<dimen name="layout_y_594">596.0px</dimen>
<dimen name="layout_y_595">597.0px</dimen>
<dimen name="layout_y_596">598.0px</dimen>
<dimen name="layout_y_597">599.0px</dimen>
<dimen name="layout_y_598">600.0px</dimen>
<dimen name="layout_y_599">601.0px</dimen>
<dimen name="layout_y_600">603.0px</dimen>
<dimen name="layout_y_601">604.0px</dimen>
<dimen name="layout_y_602">605.0px</dimen>
<dimen name="layout_y_603">606.0px</dimen>
<dimen name="layout_y_604">607.0px</dimen>
<dimen name="layout_y_605">608.0px</dimen>
<dimen name="layout_y_606">609.0px</dimen>
<dimen name="layout_y_607">610.0px</dimen>
<dimen name="layout_y_608">611.0px</dimen>
<dimen name="layout_y_609">612.0px</dimen>
<dimen name="layout_y_610">613.0px</dimen>
<dimen name="layout_y_611">614.0px</dimen>
<dimen name="layout_y_612">615.0px</dimen>
<dimen name="layout_y_613">616.0px</dimen>
<dimen name="layout_y_614">617.0px</dimen>
<dimen name="layout_y_615">618.0px</dimen>
<dimen name="layout_y_616">619.0px</dimen>
<dimen name="layout_y_617">620.0px</dimen>
<dimen name="layout_y_618">621.0px</dimen>
<dimen name="layout_y_619">622.0px</dimen>
<dimen name="layout_y_620">623.0px</dimen>
<dimen name="layout_y_621">624.0px</dimen>
<dimen name="layout_y_622">625.0px</dimen>
<dimen name="layout_y_623">626.0px</dimen>
<dimen name="layout_y_624">627.0px</dimen>
<dimen name="layout_y_625">628.0px</dimen>
<dimen name="layout_y_626">629.0px</dimen>
<dimen name="layout_y_627">630.0px</dimen>
<dimen name="layout_y_628">631.0px</dimen>
<dimen name="layout_y_629">632.0px</dimen>
<dimen name="layout_y_630">633.0px</dimen>
<dimen name="layout_y_631">634.0px</dimen>
<dimen name="layout_y_632">635.0px</dimen>
<dimen name="layout_y_633">636.0px</dimen>
<dimen name="layout_y_634">637.0px</dimen>
<dimen name="layout_y_635">638.0px</dimen>
<dimen name="layout_y_636">639.0px</dimen>
<dimen name="layout_y_637">640.0px</dimen>
<dimen name="layout_y_638">641.0px</dimen>
<dimen name="layout_y_639">642.0px</dimen>
<dimen name="layout_y_640">643.0px</dimen>
<dimen name="layout_y_641">644.0px</dimen>
<dimen name="layout_y_642">645.0px</dimen>
<dimen name="layout_y_643">646.0px</dimen>
<dimen name="layout_y_644">647.0px</dimen>
<dimen name="layout_y_645">648.0px</dimen>
<dimen name="layout_y_646">649.0px</dimen>
<dimen name="layout_y_647">650.0px</dimen>
<dimen name="layout_y_648">651.0px</dimen>
<dimen name="layout_y_649">652.0px</dimen>
<dimen name="layout_y_650">653.0px</dimen>
<dimen name="layout_y_651">654.0px</dimen>
<dimen name="layout_y_652">655.0px</dimen>
<dimen name="layout_y_653">656.0px</dimen>
<dimen name="layout_y_654">657.0px</dimen>
<dimen name="layout_y_655">658.0px</dimen>
<dimen name="layout_y_656">659.0px</dimen>
<dimen name="layout_y_657">660.0px</dimen>
<dimen name="layout_y_658">661.0px</dimen>
<dimen name="layout_y_659">662.0px</dimen>
<dimen name="layout_y_660">663.0px</dimen>
<dimen name="layout_y_661">664.0px</dimen>
<dimen name="layout_y_662">665.0px</dimen>
<dimen name="layout_y_663">666.0px</dimen>
<dimen name="layout_y_664">667.0px</dimen>
<dimen name="layout_y_665">668.0px</dimen>
<dimen name="layout_y_666">669.0px</dimen>
<dimen name="layout_y_667">670.0px</dimen>
<dimen name="layout_y_668">671.0px</dimen>
<dimen name="layout_y_669">672.0px</dimen>
<dimen name="layout_y_670">673.0px</dimen>
<dimen name="layout_y_671">674.0px</dimen>
<dimen name="layout_y_672">675.0px</dimen>
<dimen name="layout_y_673">676.0px</dimen>
<dimen name="layout_y_674">677.0px</dimen>
<dimen name="layout_y_675">678.0px</dimen>
<dimen name="layout_y_676">679.0px</dimen>
<dimen name="layout_y_677">680.0px</dimen>
<dimen name="layout_y_678">681.0px</dimen>
<dimen name="layout_y_679">682.0px</dimen>
<dimen name="layout_y_680">683.0px</dimen>
<dimen name="layout_y_681">684.0px</dimen>
<dimen name="layout_y_682">685.0px</dimen>
<dimen name="layout_y_683">686.0px</dimen>
<dimen name="layout_y_684">687.0px</dimen>
<dimen name="layout_y_685">688.0px</dimen>
<dimen name="layout_y_686">689.0px</dimen>
<dimen name="layout_y_687">690.0px</dimen>
<dimen name="layout_y_688">691.0px</dimen>
<dimen name="layout_y_689">692.0px</dimen>
<dimen name="layout_y_690">693.0px</dimen>
<dimen name="layout_y_691">694.0px</dimen>
<dimen name="layout_y_692">695.0px</dimen>
<dimen name="layout_y_693">696.0px</dimen>
<dimen name="layout_y_694">697.0px</dimen>
<dimen name="layout_y_695">698.0px</dimen>
<dimen name="layout_y_696">699.0px</dimen>
<dimen name="layout_y_697">700.0px</dimen>
<dimen name="layout_y_698">701.0px</dimen>
<dimen name="layout_y_699">702.0px</dimen>
<dimen name="layout_y_700">703.0px</dimen>
<dimen name="layout_y_701">704.0px</dimen>
<dimen name="layout_y_702">705.0px</dimen>
<dimen name="layout_y_703">706.0px</dimen>
<dimen name="layout_y_704">707.0px</dimen>
<dimen name="layout_y_705">708.0px</dimen>
<dimen name="layout_y_706">709.0px</dimen>
<dimen name="layout_y_707">710.0px</dimen>
<dimen name="layout_y_708">711.0px</dimen>
<dimen name="layout_y_709">712.0px</dimen>
<dimen name="layout_y_710">713.0px</dimen>
<dimen name="layout_y_711">714.0px</dimen>
<dimen name="layout_y_712">715.0px</dimen>
<dimen name="layout_y_713">716.0px</dimen>
<dimen name="layout_y_714">717.0px</dimen>
<dimen name="layout_y_715">718.0px</dimen>
<dimen name="layout_y_716">719.0px</dimen>
<dimen name="layout_y_717">720.0px</dimen>
<dimen name="layout_y_718">721.0px</dimen>
<dimen name="layout_y_719">722.0px</dimen>
<dimen name="layout_y_720">723.0px</dimen>
<dimen name="layout_y_721">724.0px</dimen>
<dimen name="layout_y_722">725.0px</dimen>
<dimen name="layout_y_723">726.0px</dimen>
<dimen name="layout_y_724">727.0px</dimen>
<dimen name="layout_y_725">728.0px</dimen>
<dimen name="layout_y_726">729.0px</dimen>
<dimen name="layout_y_727">730.0px</dimen>
<dimen name="layout_y_728">731.0px</dimen>
<dimen name="layout_y_729">732.0px</dimen>
<dimen name="layout_y_730">733.0px</dimen>
<dimen name="layout_y_731">734.0px</dimen>
<dimen name="layout_y_732">735.0px</dimen>
<dimen name="layout_y_733">736.0px</dimen>
<dimen name="layout_y_734">737.0px</dimen>
<dimen name="layout_y_735">738.0px</dimen>
<dimen name="layout_y_736">739.0px</dimen>
<dimen name="layout_y_737">740.0px</dimen>
<dimen name="layout_y_738">741.0px</dimen>
<dimen name="layout_y_739">742.0px</dimen>
<dimen name="layout_y_740">743.0px</dimen>
<dimen name="layout_y_741">744.0px</dimen>
<dimen name="layout_y_742">745.0px</dimen>
<dimen name="layout_y_743">746.0px</dimen>
<dimen name="layout_y_744">747.0px</dimen>
<dimen name="layout_y_745">748.0px</dimen>
<dimen name="layout_y_746">749.0px</dimen>
<dimen name="layout_y_747">750.0px</dimen>
<dimen name="layout_y_748">751.0px</dimen>
<dimen name="layout_y_749">752.0px</dimen>
<dimen name="layout_y_750">753.0px</dimen>
<dimen name="layout_y_751">754.0px</dimen>
<dimen name="layout_y_752">755.0px</dimen>
<dimen name="layout_y_753">756.0px</dimen>
<dimen name="layout_y_754">757.0px</dimen>
<dimen name="layout_y_755">758.0px</dimen>
<dimen name="layout_y_756">759.0px</dimen>
<dimen name="layout_y_757">760.0px</dimen>
<dimen name="layout_y_758">761.0px</dimen>
<dimen name="layout_y_759">762.0px</dimen>
<dimen name="layout_y_760">763.0px</dimen>
<dimen name="layout_y_761">764.0px</dimen>
<dimen name="layout_y_762">765.0px</dimen>
<dimen name="layout_y_763">766.0px</dimen>
<dimen name="layout_y_764">767.0px</dimen>
<dimen name="layout_y_765">768.0px</dimen>
<dimen name="layout_y_766">769.0px</dimen>
<dimen name="layout_y_767">770.0px</dimen>
<dimen name="layout_y_768">771.0px</dimen>
<dimen name="layout_y_769">772.0px</dimen>
<dimen name="layout_y_770">773.0px</dimen>
<dimen name="layout_y_771">774.0px</dimen>
<dimen name="layout_y_772">775.0px</dimen>
<dimen name="layout_y_773">776.0px</dimen>
<dimen name="layout_y_774">777.0px</dimen>
<dimen name="layout_y_775">778.0px</dimen>
<dimen name="layout_y_776">779.0px</dimen>
<dimen name="layout_y_777">780.0px</dimen>
<dimen name="layout_y_778">781.0px</dimen>
<dimen name="layout_y_779">782.0px</dimen>
<dimen name="layout_y_780">783.0px</dimen>
<dimen name="layout_y_781">784.0px</dimen>
<dimen name="layout_y_782">785.0px</dimen>
<dimen name="layout_y_783">786.0px</dimen>
<dimen name="layout_y_784">787.0px</dimen>
<dimen name="layout_y_785">788.0px</dimen>
<dimen name="layout_y_786">789.0px</dimen>
<dimen name="layout_y_787">790.0px</dimen>
<dimen name="layout_y_788">791.0px</dimen>
<dimen name="layout_y_789">792.0px</dimen>
<dimen name="layout_y_790">793.0px</dimen>
<dimen name="layout_y_791">794.0px</dimen>
<dimen name="layout_y_792">795.0px</dimen>
<dimen name="layout_y_793">796.0px</dimen>
<dimen name="layout_y_794">797.0px</dimen>
<dimen name="layout_y_795">798.0px</dimen>
<dimen name="layout_y_796">799.0px</dimen>
<dimen name="layout_y_797">800.0px</dimen>
<dimen name="layout_y_798">801.0px</dimen>
<dimen name="layout_y_799">802.0px</dimen>
<dimen name="layout_y_800">720px</dimen>
</resources>