<?xml version="1.0" encoding="utf-8"?>
<resources><dimen name="layout_x_0">0.0px</dimen>
<dimen name="layout_x_1">2.0px</dimen>
<dimen name="layout_x_2">5.0px</dimen>
<dimen name="layout_x_3">8.0px</dimen>
<dimen name="layout_x_4">11.0px</dimen>
<dimen name="layout_x_5">14.0px</dimen>
<dimen name="layout_x_6">17.0px</dimen>
<dimen name="layout_x_7">20.0px</dimen>
<dimen name="layout_x_8">22.0px</dimen>
<dimen name="layout_x_9">25.0px</dimen>
<dimen name="layout_x_10">28.0px</dimen>
<dimen name="layout_x_11">31.0px</dimen>
<dimen name="layout_x_12">34.0px</dimen>
<dimen name="layout_x_13">37.0px</dimen>
<dimen name="layout_x_14">40.0px</dimen>
<dimen name="layout_x_15">42.0px</dimen>
<dimen name="layout_x_16">45.0px</dimen>
<dimen name="layout_x_17">48.0px</dimen>
<dimen name="layout_x_18">51.0px</dimen>
<dimen name="layout_x_19">54.0px</dimen>
<dimen name="layout_x_20">57.0px</dimen>
<dimen name="layout_x_21">60.0px</dimen>
<dimen name="layout_x_22">62.0px</dimen>
<dimen name="layout_x_23">65.0px</dimen>
<dimen name="layout_x_24">68.0px</dimen>
<dimen name="layout_x_25">71.0px</dimen>
<dimen name="layout_x_26">74.0px</dimen>
<dimen name="layout_x_27">77.0px</dimen>
<dimen name="layout_x_28">80.0px</dimen>
<dimen name="layout_x_29">82.0px</dimen>
<dimen name="layout_x_30">85.0px</dimen>
<dimen name="layout_x_31">88.0px</dimen>
<dimen name="layout_x_32">91.0px</dimen>
<dimen name="layout_x_33">94.0px</dimen>
<dimen name="layout_x_34">97.0px</dimen>
<dimen name="layout_x_35">100.0px</dimen>
<dimen name="layout_x_36">102.0px</dimen>
<dimen name="layout_x_37">105.0px</dimen>
<dimen name="layout_x_38">108.0px</dimen>
<dimen name="layout_x_39">111.0px</dimen>
<dimen name="layout_x_40">114.0px</dimen>
<dimen name="layout_x_41">117.0px</dimen>
<dimen name="layout_x_42">120.0px</dimen>
<dimen name="layout_x_43">122.0px</dimen>
<dimen name="layout_x_44">125.0px</dimen>
<dimen name="layout_x_45">128.0px</dimen>
<dimen name="layout_x_46">131.0px</dimen>
<dimen name="layout_x_47">134.0px</dimen>
<dimen name="layout_x_48">137.0px</dimen>
<dimen name="layout_x_49">140.0px</dimen>
<dimen name="layout_x_50">143.0px</dimen>
<dimen name="layout_x_51">145.0px</dimen>
<dimen name="layout_x_52">148.0px</dimen>
<dimen name="layout_x_53">151.0px</dimen>
<dimen name="layout_x_54">154.0px</dimen>
<dimen name="layout_x_55">157.0px</dimen>
<dimen name="layout_x_56">160.0px</dimen>
<dimen name="layout_x_57">163.0px</dimen>
<dimen name="layout_x_58">165.0px</dimen>
<dimen name="layout_x_59">168.0px</dimen>
<dimen name="layout_x_60">171.0px</dimen>
<dimen name="layout_x_61">174.0px</dimen>
<dimen name="layout_x_62">177.0px</dimen>
<dimen name="layout_x_63">180.0px</dimen>
<dimen name="layout_x_64">183.0px</dimen>
<dimen name="layout_x_65">185.0px</dimen>
<dimen name="layout_x_66">188.0px</dimen>
<dimen name="layout_x_67">191.0px</dimen>
<dimen name="layout_x_68">194.0px</dimen>
<dimen name="layout_x_69">197.0px</dimen>
<dimen name="layout_x_70">200.0px</dimen>
<dimen name="layout_x_71">203.0px</dimen>
<dimen name="layout_x_72">205.0px</dimen>
<dimen name="layout_x_73">208.0px</dimen>
<dimen name="layout_x_74">211.0px</dimen>
<dimen name="layout_x_75">214.0px</dimen>
<dimen name="layout_x_76">217.0px</dimen>
<dimen name="layout_x_77">220.0px</dimen>
<dimen name="layout_x_78">223.0px</dimen>
<dimen name="layout_x_79">225.0px</dimen>
<dimen name="layout_x_80">228.0px</dimen>
<dimen name="layout_x_81">231.0px</dimen>
<dimen name="layout_x_82">234.0px</dimen>
<dimen name="layout_x_83">237.0px</dimen>
<dimen name="layout_x_84">240.0px</dimen>
<dimen name="layout_x_85">243.0px</dimen>
<dimen name="layout_x_86">245.0px</dimen>
<dimen name="layout_x_87">248.0px</dimen>
<dimen name="layout_x_88">251.0px</dimen>
<dimen name="layout_x_89">254.0px</dimen>
<dimen name="layout_x_90">257.0px</dimen>
<dimen name="layout_x_91">260.0px</dimen>
<dimen name="layout_x_92">263.0px</dimen>
<dimen name="layout_x_93">265.0px</dimen>
<dimen name="layout_x_94">268.0px</dimen>
<dimen name="layout_x_95">271.0px</dimen>
<dimen name="layout_x_96">274.0px</dimen>
<dimen name="layout_x_97">277.0px</dimen>
<dimen name="layout_x_98">280.0px</dimen>
<dimen name="layout_x_99">283.0px</dimen>
<dimen name="layout_x_100">286.0px</dimen>
<dimen name="layout_x_101">288.0px</dimen>
<dimen name="layout_x_102">291.0px</dimen>
<dimen name="layout_x_103">294.0px</dimen>
<dimen name="layout_x_104">297.0px</dimen>
<dimen name="layout_x_105">300.0px</dimen>
<dimen name="layout_x_106">303.0px</dimen>
<dimen name="layout_x_107">306.0px</dimen>
<dimen name="layout_x_108">308.0px</dimen>
<dimen name="layout_x_109">311.0px</dimen>
<dimen name="layout_x_110">314.0px</dimen>
<dimen name="layout_x_111">317.0px</dimen>
<dimen name="layout_x_112">320.0px</dimen>
<dimen name="layout_x_113">323.0px</dimen>
<dimen name="layout_x_114">326.0px</dimen>
<dimen name="layout_x_115">328.0px</dimen>
<dimen name="layout_x_116">331.0px</dimen>
<dimen name="layout_x_117">334.0px</dimen>
<dimen name="layout_x_118">337.0px</dimen>
<dimen name="layout_x_119">340.0px</dimen>
<dimen name="layout_x_120">343.0px</dimen>
<dimen name="layout_x_121">346.0px</dimen>
<dimen name="layout_x_122">348.0px</dimen>
<dimen name="layout_x_123">351.0px</dimen>
<dimen name="layout_x_124">354.0px</dimen>
<dimen name="layout_x_125">357.0px</dimen>
<dimen name="layout_x_126">360.0px</dimen>
<dimen name="layout_x_127">363.0px</dimen>
<dimen name="layout_x_128">366.0px</dimen>
<dimen name="layout_x_129">368.0px</dimen>
<dimen name="layout_x_130">371.0px</dimen>
<dimen name="layout_x_131">374.0px</dimen>
<dimen name="layout_x_132">377.0px</dimen>
<dimen name="layout_x_133">380.0px</dimen>
<dimen name="layout_x_134">383.0px</dimen>
<dimen name="layout_x_135">386.0px</dimen>
<dimen name="layout_x_136">388.0px</dimen>
<dimen name="layout_x_137">391.0px</dimen>
<dimen name="layout_x_138">394.0px</dimen>
<dimen name="layout_x_139">397.0px</dimen>
<dimen name="layout_x_140">400.0px</dimen>
<dimen name="layout_x_141">403.0px</dimen>
<dimen name="layout_x_142">406.0px</dimen>
<dimen name="layout_x_143">408.0px</dimen>
<dimen name="layout_x_144">411.0px</dimen>
<dimen name="layout_x_145">414.0px</dimen>
<dimen name="layout_x_146">417.0px</dimen>
<dimen name="layout_x_147">420.0px</dimen>
<dimen name="layout_x_148">423.0px</dimen>
<dimen name="layout_x_149">426.0px</dimen>
<dimen name="layout_x_150">429.0px</dimen>
<dimen name="layout_x_151">431.0px</dimen>
<dimen name="layout_x_152">434.0px</dimen>
<dimen name="layout_x_153">437.0px</dimen>
<dimen name="layout_x_154">440.0px</dimen>
<dimen name="layout_x_155">443.0px</dimen>
<dimen name="layout_x_156">446.0px</dimen>
<dimen name="layout_x_157">449.0px</dimen>
<dimen name="layout_x_158">451.0px</dimen>
<dimen name="layout_x_159">454.0px</dimen>
<dimen name="layout_x_160">457.0px</dimen>
<dimen name="layout_x_161">460.0px</dimen>
<dimen name="layout_x_162">463.0px</dimen>
<dimen name="layout_x_163">466.0px</dimen>
<dimen name="layout_x_164">469.0px</dimen>
<dimen name="layout_x_165">471.0px</dimen>
<dimen name="layout_x_166">474.0px</dimen>
<dimen name="layout_x_167">477.0px</dimen>
<dimen name="layout_x_168">480.0px</dimen>
<dimen name="layout_x_169">483.0px</dimen>
<dimen name="layout_x_170">486.0px</dimen>
<dimen name="layout_x_171">489.0px</dimen>
<dimen name="layout_x_172">491.0px</dimen>
<dimen name="layout_x_173">494.0px</dimen>
<dimen name="layout_x_174">497.0px</dimen>
<dimen name="layout_x_175">500.0px</dimen>
<dimen name="layout_x_176">503.0px</dimen>
<dimen name="layout_x_177">506.0px</dimen>
<dimen name="layout_x_178">509.0px</dimen>
<dimen name="layout_x_179">511.0px</dimen>
<dimen name="layout_x_180">514.0px</dimen>
<dimen name="layout_x_181">517.0px</dimen>
<dimen name="layout_x_182">520.0px</dimen>
<dimen name="layout_x_183">523.0px</dimen>
<dimen name="layout_x_184">526.0px</dimen>
<dimen name="layout_x_185">529.0px</dimen>
<dimen name="layout_x_186">531.0px</dimen>
<dimen name="layout_x_187">534.0px</dimen>
<dimen name="layout_x_188">537.0px</dimen>
<dimen name="layout_x_189">540.0px</dimen>
<dimen name="layout_x_190">543.0px</dimen>
<dimen name="layout_x_191">546.0px</dimen>
<dimen name="layout_x_192">549.0px</dimen>
<dimen name="layout_x_193">551.0px</dimen>
<dimen name="layout_x_194">554.0px</dimen>
<dimen name="layout_x_195">557.0px</dimen>
<dimen name="layout_x_196">560.0px</dimen>
<dimen name="layout_x_197">563.0px</dimen>
<dimen name="layout_x_198">566.0px</dimen>
<dimen name="layout_x_199">569.0px</dimen>
<dimen name="layout_x_200">572.0px</dimen>
<dimen name="layout_x_201">574.0px</dimen>
<dimen name="layout_x_202">577.0px</dimen>
<dimen name="layout_x_203">580.0px</dimen>
<dimen name="layout_x_204">583.0px</dimen>
<dimen name="layout_x_205">586.0px</dimen>
<dimen name="layout_x_206">589.0px</dimen>
<dimen name="layout_x_207">592.0px</dimen>
<dimen name="layout_x_208">594.0px</dimen>
<dimen name="layout_x_209">597.0px</dimen>
<dimen name="layout_x_210">600.0px</dimen>
<dimen name="layout_x_211">603.0px</dimen>
<dimen name="layout_x_212">606.0px</dimen>
<dimen name="layout_x_213">609.0px</dimen>
<dimen name="layout_x_214">612.0px</dimen>
<dimen name="layout_x_215">614.0px</dimen>
<dimen name="layout_x_216">617.0px</dimen>
<dimen name="layout_x_217">620.0px</dimen>
<dimen name="layout_x_218">623.0px</dimen>
<dimen name="layout_x_219">626.0px</dimen>
<dimen name="layout_x_220">629.0px</dimen>
<dimen name="layout_x_221">632.0px</dimen>
<dimen name="layout_x_222">634.0px</dimen>
<dimen name="layout_x_223">637.0px</dimen>
<dimen name="layout_x_224">640.0px</dimen>
<dimen name="layout_x_225">643.0px</dimen>
<dimen name="layout_x_226">646.0px</dimen>
<dimen name="layout_x_227">649.0px</dimen>
<dimen name="layout_x_228">652.0px</dimen>
<dimen name="layout_x_229">654.0px</dimen>
<dimen name="layout_x_230">657.0px</dimen>
<dimen name="layout_x_231">660.0px</dimen>
<dimen name="layout_x_232">663.0px</dimen>
<dimen name="layout_x_233">666.0px</dimen>
<dimen name="layout_x_234">669.0px</dimen>
<dimen name="layout_x_235">672.0px</dimen>
<dimen name="layout_x_236">674.0px</dimen>
<dimen name="layout_x_237">677.0px</dimen>
<dimen name="layout_x_238">680.0px</dimen>
<dimen name="layout_x_239">683.0px</dimen>
<dimen name="layout_x_240">686.0px</dimen>
<dimen name="layout_x_241">689.0px</dimen>
<dimen name="layout_x_242">692.0px</dimen>
<dimen name="layout_x_243">694.0px</dimen>
<dimen name="layout_x_244">697.0px</dimen>
<dimen name="layout_x_245">700.0px</dimen>
<dimen name="layout_x_246">703.0px</dimen>
<dimen name="layout_x_247">706.0px</dimen>
<dimen name="layout_x_248">709.0px</dimen>
<dimen name="layout_x_249">712.0px</dimen>
<dimen name="layout_x_250">715.0px</dimen>
<dimen name="layout_x_251">717.0px</dimen>
<dimen name="layout_x_252">720.0px</dimen>
<dimen name="layout_x_253">723.0px</dimen>
<dimen name="layout_x_254">726.0px</dimen>
<dimen name="layout_x_255">729.0px</dimen>
<dimen name="layout_x_256">732.0px</dimen>
<dimen name="layout_x_257">735.0px</dimen>
<dimen name="layout_x_258">737.0px</dimen>
<dimen name="layout_x_259">740.0px</dimen>
<dimen name="layout_x_260">743.0px</dimen>
<dimen name="layout_x_261">746.0px</dimen>
<dimen name="layout_x_262">749.0px</dimen>
<dimen name="layout_x_263">752.0px</dimen>
<dimen name="layout_x_264">755.0px</dimen>
<dimen name="layout_x_265">757.0px</dimen>
<dimen name="layout_x_266">760.0px</dimen>
<dimen name="layout_x_267">763.0px</dimen>
<dimen name="layout_x_268">766.0px</dimen>
<dimen name="layout_x_269">769.0px</dimen>
<dimen name="layout_x_270">772.0px</dimen>
<dimen name="layout_x_271">775.0px</dimen>
<dimen name="layout_x_272">777.0px</dimen>
<dimen name="layout_x_273">780.0px</dimen>
<dimen name="layout_x_274">783.0px</dimen>
<dimen name="layout_x_275">786.0px</dimen>
<dimen name="layout_x_276">789.0px</dimen>
<dimen name="layout_x_277">792.0px</dimen>
<dimen name="layout_x_278">795.0px</dimen>
<dimen name="layout_x_279">797.0px</dimen>
<dimen name="layout_x_280">800.0px</dimen>
<dimen name="layout_x_281">803.0px</dimen>
<dimen name="layout_x_282">806.0px</dimen>
<dimen name="layout_x_283">809.0px</dimen>
<dimen name="layout_x_284">812.0px</dimen>
<dimen name="layout_x_285">815.0px</dimen>
<dimen name="layout_x_286">817.0px</dimen>
<dimen name="layout_x_287">820.0px</dimen>
<dimen name="layout_x_288">823.0px</dimen>
<dimen name="layout_x_289">826.0px</dimen>
<dimen name="layout_x_290">829.0px</dimen>
<dimen name="layout_x_291">832.0px</dimen>
<dimen name="layout_x_292">835.0px</dimen>
<dimen name="layout_x_293">837.0px</dimen>
<dimen name="layout_x_294">840.0px</dimen>
<dimen name="layout_x_295">843.0px</dimen>
<dimen name="layout_x_296">846.0px</dimen>
<dimen name="layout_x_297">849.0px</dimen>
<dimen name="layout_x_298">852.0px</dimen>
<dimen name="layout_x_299">855.0px</dimen>
<dimen name="layout_x_300">858.0px</dimen>
<dimen name="layout_x_301">860.0px</dimen>
<dimen name="layout_x_302">863.0px</dimen>
<dimen name="layout_x_303">866.0px</dimen>
<dimen name="layout_x_304">869.0px</dimen>
<dimen name="layout_x_305">872.0px</dimen>
<dimen name="layout_x_306">875.0px</dimen>
<dimen name="layout_x_307">878.0px</dimen>
<dimen name="layout_x_308">880.0px</dimen>
<dimen name="layout_x_309">883.0px</dimen>
<dimen name="layout_x_310">886.0px</dimen>
<dimen name="layout_x_311">889.0px</dimen>
<dimen name="layout_x_312">892.0px</dimen>
<dimen name="layout_x_313">895.0px</dimen>
<dimen name="layout_x_314">898.0px</dimen>
<dimen name="layout_x_315">900.0px</dimen>
<dimen name="layout_x_316">903.0px</dimen>
<dimen name="layout_x_317">906.0px</dimen>
<dimen name="layout_x_318">909.0px</dimen>
<dimen name="layout_x_319">912.0px</dimen>
<dimen name="layout_x_320">915.0px</dimen>
<dimen name="layout_x_321">918.0px</dimen>
<dimen name="layout_x_322">920.0px</dimen>
<dimen name="layout_x_323">923.0px</dimen>
<dimen name="layout_x_324">926.0px</dimen>
<dimen name="layout_x_325">929.0px</dimen>
<dimen name="layout_x_326">932.0px</dimen>
<dimen name="layout_x_327">935.0px</dimen>
<dimen name="layout_x_328">938.0px</dimen>
<dimen name="layout_x_329">940.0px</dimen>
<dimen name="layout_x_330">943.0px</dimen>
<dimen name="layout_x_331">946.0px</dimen>
<dimen name="layout_x_332">949.0px</dimen>
<dimen name="layout_x_333">952.0px</dimen>
<dimen name="layout_x_334">955.0px</dimen>
<dimen name="layout_x_335">958.0px</dimen>
<dimen name="layout_x_336">960.0px</dimen>
<dimen name="layout_x_337">963.0px</dimen>
<dimen name="layout_x_338">966.0px</dimen>
<dimen name="layout_x_339">969.0px</dimen>
<dimen name="layout_x_340">972.0px</dimen>
<dimen name="layout_x_341">975.0px</dimen>
<dimen name="layout_x_342">978.0px</dimen>
<dimen name="layout_x_343">981.0px</dimen>
<dimen name="layout_x_344">983.0px</dimen>
<dimen name="layout_x_345">986.0px</dimen>
<dimen name="layout_x_346">989.0px</dimen>
<dimen name="layout_x_347">992.0px</dimen>
<dimen name="layout_x_348">995.0px</dimen>
<dimen name="layout_x_349">998.0px</dimen>
<dimen name="layout_x_350">1001.0px</dimen>
<dimen name="layout_x_351">1003.0px</dimen>
<dimen name="layout_x_352">1006.0px</dimen>
<dimen name="layout_x_353">1009.0px</dimen>
<dimen name="layout_x_354">1012.0px</dimen>
<dimen name="layout_x_355">1015.0px</dimen>
<dimen name="layout_x_356">1018.0px</dimen>
<dimen name="layout_x_357">1021.0px</dimen>
<dimen name="layout_x_358">1023.0px</dimen>
<dimen name="layout_x_359">1026.0px</dimen>
<dimen name="layout_x_360">1029.0px</dimen>
<dimen name="layout_x_361">1032.0px</dimen>
<dimen name="layout_x_362">1035.0px</dimen>
<dimen name="layout_x_363">1038.0px</dimen>
<dimen name="layout_x_364">1041.0px</dimen>
<dimen name="layout_x_365">1043.0px</dimen>
<dimen name="layout_x_366">1046.0px</dimen>
<dimen name="layout_x_367">1049.0px</dimen>
<dimen name="layout_x_368">1052.0px</dimen>
<dimen name="layout_x_369">1055.0px</dimen>
<dimen name="layout_x_370">1058.0px</dimen>
<dimen name="layout_x_371">1061.0px</dimen>
<dimen name="layout_x_372">1063.0px</dimen>
<dimen name="layout_x_373">1066.0px</dimen>
<dimen name="layout_x_374">1069.0px</dimen>
<dimen name="layout_x_375">1072.0px</dimen>
<dimen name="layout_x_376">1075.0px</dimen>
<dimen name="layout_x_377">1078.0px</dimen>
<dimen name="layout_x_378">1081.0px</dimen>
<dimen name="layout_x_379">1083.0px</dimen>
<dimen name="layout_x_380">1086.0px</dimen>
<dimen name="layout_x_381">1089.0px</dimen>
<dimen name="layout_x_382">1092.0px</dimen>
<dimen name="layout_x_383">1095.0px</dimen>
<dimen name="layout_x_384">1098.0px</dimen>
<dimen name="layout_x_385">1101.0px</dimen>
<dimen name="layout_x_386">1103.0px</dimen>
<dimen name="layout_x_387">1106.0px</dimen>
<dimen name="layout_x_388">1109.0px</dimen>
<dimen name="layout_x_389">1112.0px</dimen>
<dimen name="layout_x_390">1115.0px</dimen>
<dimen name="layout_x_391">1118.0px</dimen>
<dimen name="layout_x_392">1121.0px</dimen>
<dimen name="layout_x_393">1124.0px</dimen>
<dimen name="layout_x_394">1126.0px</dimen>
<dimen name="layout_x_395">1129.0px</dimen>
<dimen name="layout_x_396">1132.0px</dimen>
<dimen name="layout_x_397">1135.0px</dimen>
<dimen name="layout_x_398">1138.0px</dimen>
<dimen name="layout_x_399">1141.0px</dimen>
<dimen name="layout_x_400">1144.0px</dimen>
<dimen name="layout_x_401">1146.0px</dimen>
<dimen name="layout_x_402">1149.0px</dimen>
<dimen name="layout_x_403">1152.0px</dimen>
<dimen name="layout_x_404">1155.0px</dimen>
<dimen name="layout_x_405">1158.0px</dimen>
<dimen name="layout_x_406">1161.0px</dimen>
<dimen name="layout_x_407">1164.0px</dimen>
<dimen name="layout_x_408">1166.0px</dimen>
<dimen name="layout_x_409">1169.0px</dimen>
<dimen name="layout_x_410">1172.0px</dimen>
<dimen name="layout_x_411">1175.0px</dimen>
<dimen name="layout_x_412">1178.0px</dimen>
<dimen name="layout_x_413">1181.0px</dimen>
<dimen name="layout_x_414">1184.0px</dimen>
<dimen name="layout_x_415">1186.0px</dimen>
<dimen name="layout_x_416">1189.0px</dimen>
<dimen name="layout_x_417">1192.0px</dimen>
<dimen name="layout_x_418">1195.0px</dimen>
<dimen name="layout_x_419">1198.0px</dimen>
<dimen name="layout_x_420">1201.0px</dimen>
<dimen name="layout_x_421">1204.0px</dimen>
<dimen name="layout_x_422">1206.0px</dimen>
<dimen name="layout_x_423">1209.0px</dimen>
<dimen name="layout_x_424">1212.0px</dimen>
<dimen name="layout_x_425">1215.0px</dimen>
<dimen name="layout_x_426">1218.0px</dimen>
<dimen name="layout_x_427">1221.0px</dimen>
<dimen name="layout_x_428">1224.0px</dimen>
<dimen name="layout_x_429">1226.0px</dimen>
<dimen name="layout_x_430">1229.0px</dimen>
<dimen name="layout_x_431">1232.0px</dimen>
<dimen name="layout_x_432">1235.0px</dimen>
<dimen name="layout_x_433">1238.0px</dimen>
<dimen name="layout_x_434">1241.0px</dimen>
<dimen name="layout_x_435">1244.0px</dimen>
<dimen name="layout_x_436">1246.0px</dimen>
<dimen name="layout_x_437">1249.0px</dimen>
<dimen name="layout_x_438">1252.0px</dimen>
<dimen name="layout_x_439">1255.0px</dimen>
<dimen name="layout_x_440">1258.0px</dimen>
<dimen name="layout_x_441">1261.0px</dimen>
<dimen name="layout_x_442">1264.0px</dimen>
<dimen name="layout_x_443">1267.0px</dimen>
<dimen name="layout_x_444">1269.0px</dimen>
<dimen name="layout_x_445">1272.0px</dimen>
<dimen name="layout_x_446">1275.0px</dimen>
<dimen name="layout_x_447">1278.0px</dimen>
<dimen name="layout_x_448">1281.0px</dimen>
<dimen name="layout_x_449">1284.0px</dimen>
<dimen name="layout_x_450">1287.0px</dimen>
<dimen name="layout_x_451">1289.0px</dimen>
<dimen name="layout_x_452">1292.0px</dimen>
<dimen name="layout_x_453">1295.0px</dimen>
<dimen name="layout_x_454">1298.0px</dimen>
<dimen name="layout_x_455">1301.0px</dimen>
<dimen name="layout_x_456">1304.0px</dimen>
<dimen name="layout_x_457">1307.0px</dimen>
<dimen name="layout_x_458">1309.0px</dimen>
<dimen name="layout_x_459">1312.0px</dimen>
<dimen name="layout_x_460">1315.0px</dimen>
<dimen name="layout_x_461">1318.0px</dimen>
<dimen name="layout_x_462">1321.0px</dimen>
<dimen name="layout_x_463">1324.0px</dimen>
<dimen name="layout_x_464">1327.0px</dimen>
<dimen name="layout_x_465">1329.0px</dimen>
<dimen name="layout_x_466">1332.0px</dimen>
<dimen name="layout_x_467">1335.0px</dimen>
<dimen name="layout_x_468">1338.0px</dimen>
<dimen name="layout_x_469">1341.0px</dimen>
<dimen name="layout_x_470">1344.0px</dimen>
<dimen name="layout_x_471">1347.0px</dimen>
<dimen name="layout_x_472">1349.0px</dimen>
<dimen name="layout_x_473">1352.0px</dimen>
<dimen name="layout_x_474">1355.0px</dimen>
<dimen name="layout_x_475">1358.0px</dimen>
<dimen name="layout_x_476">1361.0px</dimen>
<dimen name="layout_x_477">1364.0px</dimen>
<dimen name="layout_x_478">1367.0px</dimen>
<dimen name="layout_x_479">1369.0px</dimen>
<dimen name="layout_x_480">1366px</dimen>
</resources>