<?xml version="1.0" encoding="utf-8"?>
<resources><dimen name="layout_x_0">0.0px</dimen>
<dimen name="layout_x_1">1.0px</dimen>
<dimen name="layout_x_2">2.0px</dimen>
<dimen name="layout_x_3">3.0px</dimen>
<dimen name="layout_x_4">4.0px</dimen>
<dimen name="layout_x_5">5.0px</dimen>
<dimen name="layout_x_6">6.0px</dimen>
<dimen name="layout_x_7">7.0px</dimen>
<dimen name="layout_x_8">9.0px</dimen>
<dimen name="layout_x_9">10.0px</dimen>
<dimen name="layout_x_10">11.0px</dimen>
<dimen name="layout_x_11">12.0px</dimen>
<dimen name="layout_x_12">13.0px</dimen>
<dimen name="layout_x_13">14.0px</dimen>
<dimen name="layout_x_14">15.0px</dimen>
<dimen name="layout_x_15">16.0px</dimen>
<dimen name="layout_x_16">18.0px</dimen>
<dimen name="layout_x_17">19.0px</dimen>
<dimen name="layout_x_18">20.0px</dimen>
<dimen name="layout_x_19">21.0px</dimen>
<dimen name="layout_x_20">22.0px</dimen>
<dimen name="layout_x_21">23.0px</dimen>
<dimen name="layout_x_22">24.0px</dimen>
<dimen name="layout_x_23">26.0px</dimen>
<dimen name="layout_x_24">27.0px</dimen>
<dimen name="layout_x_25">28.0px</dimen>
<dimen name="layout_x_26">29.0px</dimen>
<dimen name="layout_x_27">30.0px</dimen>
<dimen name="layout_x_28">31.0px</dimen>
<dimen name="layout_x_29">32.0px</dimen>
<dimen name="layout_x_30">33.0px</dimen>
<dimen name="layout_x_31">35.0px</dimen>
<dimen name="layout_x_32">36.0px</dimen>
<dimen name="layout_x_33">37.0px</dimen>
<dimen name="layout_x_34">38.0px</dimen>
<dimen name="layout_x_35">39.0px</dimen>
<dimen name="layout_x_36">40.0px</dimen>
<dimen name="layout_x_37">41.0px</dimen>
<dimen name="layout_x_38">42.0px</dimen>
<dimen name="layout_x_39">44.0px</dimen>
<dimen name="layout_x_40">45.0px</dimen>
<dimen name="layout_x_41">46.0px</dimen>
<dimen name="layout_x_42">47.0px</dimen>
<dimen name="layout_x_43">48.0px</dimen>
<dimen name="layout_x_44">49.0px</dimen>
<dimen name="layout_x_45">50.0px</dimen>
<dimen name="layout_x_46">52.0px</dimen>
<dimen name="layout_x_47">53.0px</dimen>
<dimen name="layout_x_48">54.0px</dimen>
<dimen name="layout_x_49">55.0px</dimen>
<dimen name="layout_x_50">56.0px</dimen>
<dimen name="layout_x_51">57.0px</dimen>
<dimen name="layout_x_52">58.0px</dimen>
<dimen name="layout_x_53">59.0px</dimen>
<dimen name="layout_x_54">61.0px</dimen>
<dimen name="layout_x_55">62.0px</dimen>
<dimen name="layout_x_56">63.0px</dimen>
<dimen name="layout_x_57">64.0px</dimen>
<dimen name="layout_x_58">65.0px</dimen>
<dimen name="layout_x_59">66.0px</dimen>
<dimen name="layout_x_60">67.0px</dimen>
<dimen name="layout_x_61">68.0px</dimen>
<dimen name="layout_x_62">70.0px</dimen>
<dimen name="layout_x_63">71.0px</dimen>
<dimen name="layout_x_64">72.0px</dimen>
<dimen name="layout_x_65">73.0px</dimen>
<dimen name="layout_x_66">74.0px</dimen>
<dimen name="layout_x_67">75.0px</dimen>
<dimen name="layout_x_68">76.0px</dimen>
<dimen name="layout_x_69">78.0px</dimen>
<dimen name="layout_x_70">79.0px</dimen>
<dimen name="layout_x_71">80.0px</dimen>
<dimen name="layout_x_72">81.0px</dimen>
<dimen name="layout_x_73">82.0px</dimen>
<dimen name="layout_x_74">83.0px</dimen>
<dimen name="layout_x_75">84.0px</dimen>
<dimen name="layout_x_76">85.0px</dimen>
<dimen name="layout_x_77">87.0px</dimen>
<dimen name="layout_x_78">88.0px</dimen>
<dimen name="layout_x_79">89.0px</dimen>
<dimen name="layout_x_80">90.0px</dimen>
<dimen name="layout_x_81">91.0px</dimen>
<dimen name="layout_x_82">92.0px</dimen>
<dimen name="layout_x_83">93.0px</dimen>
<dimen name="layout_x_84">94.0px</dimen>
<dimen name="layout_x_85">96.0px</dimen>
<dimen name="layout_x_86">97.0px</dimen>
<dimen name="layout_x_87">98.0px</dimen>
<dimen name="layout_x_88">99.0px</dimen>
<dimen name="layout_x_89">100.0px</dimen>
<dimen name="layout_x_90">101.0px</dimen>
<dimen name="layout_x_91">102.0px</dimen>
<dimen name="layout_x_92">104.0px</dimen>
<dimen name="layout_x_93">105.0px</dimen>
<dimen name="layout_x_94">106.0px</dimen>
<dimen name="layout_x_95">107.0px</dimen>
<dimen name="layout_x_96">108.0px</dimen>
<dimen name="layout_x_97">109.0px</dimen>
<dimen name="layout_x_98">110.0px</dimen>
<dimen name="layout_x_99">111.0px</dimen>
<dimen name="layout_x_100">113.0px</dimen>
<dimen name="layout_x_101">114.0px</dimen>
<dimen name="layout_x_102">115.0px</dimen>
<dimen name="layout_x_103">116.0px</dimen>
<dimen name="layout_x_104">117.0px</dimen>
<dimen name="layout_x_105">118.0px</dimen>
<dimen name="layout_x_106">119.0px</dimen>
<dimen name="layout_x_107">120.0px</dimen>
<dimen name="layout_x_108">122.0px</dimen>
<dimen name="layout_x_109">123.0px</dimen>
<dimen name="layout_x_110">124.0px</dimen>
<dimen name="layout_x_111">125.0px</dimen>
<dimen name="layout_x_112">126.0px</dimen>
<dimen name="layout_x_113">127.0px</dimen>
<dimen name="layout_x_114">128.0px</dimen>
<dimen name="layout_x_115">130.0px</dimen>
<dimen name="layout_x_116">131.0px</dimen>
<dimen name="layout_x_117">132.0px</dimen>
<dimen name="layout_x_118">133.0px</dimen>
<dimen name="layout_x_119">134.0px</dimen>
<dimen name="layout_x_120">135.0px</dimen>
<dimen name="layout_x_121">136.0px</dimen>
<dimen name="layout_x_122">137.0px</dimen>
<dimen name="layout_x_123">139.0px</dimen>
<dimen name="layout_x_124">140.0px</dimen>
<dimen name="layout_x_125">141.0px</dimen>
<dimen name="layout_x_126">142.0px</dimen>
<dimen name="layout_x_127">143.0px</dimen>
<dimen name="layout_x_128">144.0px</dimen>
<dimen name="layout_x_129">145.0px</dimen>
<dimen name="layout_x_130">146.0px</dimen>
<dimen name="layout_x_131">148.0px</dimen>
<dimen name="layout_x_132">149.0px</dimen>
<dimen name="layout_x_133">150.0px</dimen>
<dimen name="layout_x_134">151.0px</dimen>
<dimen name="layout_x_135">152.0px</dimen>
<dimen name="layout_x_136">153.0px</dimen>
<dimen name="layout_x_137">154.0px</dimen>
<dimen name="layout_x_138">156.0px</dimen>
<dimen name="layout_x_139">157.0px</dimen>
<dimen name="layout_x_140">158.0px</dimen>
<dimen name="layout_x_141">159.0px</dimen>
<dimen name="layout_x_142">160.0px</dimen>
<dimen name="layout_x_143">161.0px</dimen>
<dimen name="layout_x_144">162.0px</dimen>
<dimen name="layout_x_145">163.0px</dimen>
<dimen name="layout_x_146">165.0px</dimen>
<dimen name="layout_x_147">166.0px</dimen>
<dimen name="layout_x_148">167.0px</dimen>
<dimen name="layout_x_149">168.0px</dimen>
<dimen name="layout_x_150">169.0px</dimen>
<dimen name="layout_x_151">170.0px</dimen>
<dimen name="layout_x_152">171.0px</dimen>
<dimen name="layout_x_153">172.0px</dimen>
<dimen name="layout_x_154">174.0px</dimen>
<dimen name="layout_x_155">175.0px</dimen>
<dimen name="layout_x_156">176.0px</dimen>
<dimen name="layout_x_157">177.0px</dimen>
<dimen name="layout_x_158">178.0px</dimen>
<dimen name="layout_x_159">179.0px</dimen>
<dimen name="layout_x_160">180.0px</dimen>
<dimen name="layout_x_161">182.0px</dimen>
<dimen name="layout_x_162">183.0px</dimen>
<dimen name="layout_x_163">184.0px</dimen>
<dimen name="layout_x_164">185.0px</dimen>
<dimen name="layout_x_165">186.0px</dimen>
<dimen name="layout_x_166">187.0px</dimen>
<dimen name="layout_x_167">188.0px</dimen>
<dimen name="layout_x_168">189.0px</dimen>
<dimen name="layout_x_169">191.0px</dimen>
<dimen name="layout_x_170">192.0px</dimen>
<dimen name="layout_x_171">193.0px</dimen>
<dimen name="layout_x_172">194.0px</dimen>
<dimen name="layout_x_173">195.0px</dimen>
<dimen name="layout_x_174">196.0px</dimen>
<dimen name="layout_x_175">197.0px</dimen>
<dimen name="layout_x_176">198.0px</dimen>
<dimen name="layout_x_177">200.0px</dimen>
<dimen name="layout_x_178">201.0px</dimen>
<dimen name="layout_x_179">202.0px</dimen>
<dimen name="layout_x_180">203.0px</dimen>
<dimen name="layout_x_181">204.0px</dimen>
<dimen name="layout_x_182">205.0px</dimen>
<dimen name="layout_x_183">206.0px</dimen>
<dimen name="layout_x_184">208.0px</dimen>
<dimen name="layout_x_185">209.0px</dimen>
<dimen name="layout_x_186">210.0px</dimen>
<dimen name="layout_x_187">211.0px</dimen>
<dimen name="layout_x_188">212.0px</dimen>
<dimen name="layout_x_189">213.0px</dimen>
<dimen name="layout_x_190">214.0px</dimen>
<dimen name="layout_x_191">215.0px</dimen>
<dimen name="layout_x_192">217.0px</dimen>
<dimen name="layout_x_193">218.0px</dimen>
<dimen name="layout_x_194">219.0px</dimen>
<dimen name="layout_x_195">220.0px</dimen>
<dimen name="layout_x_196">221.0px</dimen>
<dimen name="layout_x_197">222.0px</dimen>
<dimen name="layout_x_198">223.0px</dimen>
<dimen name="layout_x_199">224.0px</dimen>
<dimen name="layout_x_200">226.0px</dimen>
<dimen name="layout_x_201">227.0px</dimen>
<dimen name="layout_x_202">228.0px</dimen>
<dimen name="layout_x_203">229.0px</dimen>
<dimen name="layout_x_204">230.0px</dimen>
<dimen name="layout_x_205">231.0px</dimen>
<dimen name="layout_x_206">232.0px</dimen>
<dimen name="layout_x_207">234.0px</dimen>
<dimen name="layout_x_208">235.0px</dimen>
<dimen name="layout_x_209">236.0px</dimen>
<dimen name="layout_x_210">237.0px</dimen>
<dimen name="layout_x_211">238.0px</dimen>
<dimen name="layout_x_212">239.0px</dimen>
<dimen name="layout_x_213">240.0px</dimen>
<dimen name="layout_x_214">241.0px</dimen>
<dimen name="layout_x_215">243.0px</dimen>
<dimen name="layout_x_216">244.0px</dimen>
<dimen name="layout_x_217">245.0px</dimen>
<dimen name="layout_x_218">246.0px</dimen>
<dimen name="layout_x_219">247.0px</dimen>
<dimen name="layout_x_220">248.0px</dimen>
<dimen name="layout_x_221">249.0px</dimen>
<dimen name="layout_x_222">250.0px</dimen>
<dimen name="layout_x_223">252.0px</dimen>
<dimen name="layout_x_224">253.0px</dimen>
<dimen name="layout_x_225">254.0px</dimen>
<dimen name="layout_x_226">255.0px</dimen>
<dimen name="layout_x_227">256.0px</dimen>
<dimen name="layout_x_228">257.0px</dimen>
<dimen name="layout_x_229">258.0px</dimen>
<dimen name="layout_x_230">260.0px</dimen>
<dimen name="layout_x_231">261.0px</dimen>
<dimen name="layout_x_232">262.0px</dimen>
<dimen name="layout_x_233">263.0px</dimen>
<dimen name="layout_x_234">264.0px</dimen>
<dimen name="layout_x_235">265.0px</dimen>
<dimen name="layout_x_236">266.0px</dimen>
<dimen name="layout_x_237">267.0px</dimen>
<dimen name="layout_x_238">269.0px</dimen>
<dimen name="layout_x_239">270.0px</dimen>
<dimen name="layout_x_240">271.0px</dimen>
<dimen name="layout_x_241">272.0px</dimen>
<dimen name="layout_x_242">273.0px</dimen>
<dimen name="layout_x_243">274.0px</dimen>
<dimen name="layout_x_244">275.0px</dimen>
<dimen name="layout_x_245">277.0px</dimen>
<dimen name="layout_x_246">278.0px</dimen>
<dimen name="layout_x_247">279.0px</dimen>
<dimen name="layout_x_248">280.0px</dimen>
<dimen name="layout_x_249">281.0px</dimen>
<dimen name="layout_x_250">282.0px</dimen>
<dimen name="layout_x_251">283.0px</dimen>
<dimen name="layout_x_252">284.0px</dimen>
<dimen name="layout_x_253">286.0px</dimen>
<dimen name="layout_x_254">287.0px</dimen>
<dimen name="layout_x_255">288.0px</dimen>
<dimen name="layout_x_256">289.0px</dimen>
<dimen name="layout_x_257">290.0px</dimen>
<dimen name="layout_x_258">291.0px</dimen>
<dimen name="layout_x_259">292.0px</dimen>
<dimen name="layout_x_260">293.0px</dimen>
<dimen name="layout_x_261">295.0px</dimen>
<dimen name="layout_x_262">296.0px</dimen>
<dimen name="layout_x_263">297.0px</dimen>
<dimen name="layout_x_264">298.0px</dimen>
<dimen name="layout_x_265">299.0px</dimen>
<dimen name="layout_x_266">300.0px</dimen>
<dimen name="layout_x_267">301.0px</dimen>
<dimen name="layout_x_268">303.0px</dimen>
<dimen name="layout_x_269">304.0px</dimen>
<dimen name="layout_x_270">305.0px</dimen>
<dimen name="layout_x_271">306.0px</dimen>
<dimen name="layout_x_272">307.0px</dimen>
<dimen name="layout_x_273">308.0px</dimen>
<dimen name="layout_x_274">309.0px</dimen>
<dimen name="layout_x_275">310.0px</dimen>
<dimen name="layout_x_276">312.0px</dimen>
<dimen name="layout_x_277">313.0px</dimen>
<dimen name="layout_x_278">314.0px</dimen>
<dimen name="layout_x_279">315.0px</dimen>
<dimen name="layout_x_280">316.0px</dimen>
<dimen name="layout_x_281">317.0px</dimen>
<dimen name="layout_x_282">318.0px</dimen>
<dimen name="layout_x_283">319.0px</dimen>
<dimen name="layout_x_284">321.0px</dimen>
<dimen name="layout_x_285">322.0px</dimen>
<dimen name="layout_x_286">323.0px</dimen>
<dimen name="layout_x_287">324.0px</dimen>
<dimen name="layout_x_288">325.0px</dimen>
<dimen name="layout_x_289">326.0px</dimen>
<dimen name="layout_x_290">327.0px</dimen>
<dimen name="layout_x_291">329.0px</dimen>
<dimen name="layout_x_292">330.0px</dimen>
<dimen name="layout_x_293">331.0px</dimen>
<dimen name="layout_x_294">332.0px</dimen>
<dimen name="layout_x_295">333.0px</dimen>
<dimen name="layout_x_296">334.0px</dimen>
<dimen name="layout_x_297">335.0px</dimen>
<dimen name="layout_x_298">336.0px</dimen>
<dimen name="layout_x_299">338.0px</dimen>
<dimen name="layout_x_300">339.0px</dimen>
<dimen name="layout_x_301">340.0px</dimen>
<dimen name="layout_x_302">341.0px</dimen>
<dimen name="layout_x_303">342.0px</dimen>
<dimen name="layout_x_304">343.0px</dimen>
<dimen name="layout_x_305">344.0px</dimen>
<dimen name="layout_x_306">345.0px</dimen>
<dimen name="layout_x_307">347.0px</dimen>
<dimen name="layout_x_308">348.0px</dimen>
<dimen name="layout_x_309">349.0px</dimen>
<dimen name="layout_x_310">350.0px</dimen>
<dimen name="layout_x_311">351.0px</dimen>
<dimen name="layout_x_312">352.0px</dimen>
<dimen name="layout_x_313">353.0px</dimen>
<dimen name="layout_x_314">355.0px</dimen>
<dimen name="layout_x_315">356.0px</dimen>
<dimen name="layout_x_316">357.0px</dimen>
<dimen name="layout_x_317">358.0px</dimen>
<dimen name="layout_x_318">359.0px</dimen>
<dimen name="layout_x_319">360.0px</dimen>
<dimen name="layout_x_320">361.0px</dimen>
<dimen name="layout_x_321">362.0px</dimen>
<dimen name="layout_x_322">364.0px</dimen>
<dimen name="layout_x_323">365.0px</dimen>
<dimen name="layout_x_324">366.0px</dimen>
<dimen name="layout_x_325">367.0px</dimen>
<dimen name="layout_x_326">368.0px</dimen>
<dimen name="layout_x_327">369.0px</dimen>
<dimen name="layout_x_328">370.0px</dimen>
<dimen name="layout_x_329">371.0px</dimen>
<dimen name="layout_x_330">373.0px</dimen>
<dimen name="layout_x_331">374.0px</dimen>
<dimen name="layout_x_332">375.0px</dimen>
<dimen name="layout_x_333">376.0px</dimen>
<dimen name="layout_x_334">377.0px</dimen>
<dimen name="layout_x_335">378.0px</dimen>
<dimen name="layout_x_336">379.0px</dimen>
<dimen name="layout_x_337">381.0px</dimen>
<dimen name="layout_x_338">382.0px</dimen>
<dimen name="layout_x_339">383.0px</dimen>
<dimen name="layout_x_340">384.0px</dimen>
<dimen name="layout_x_341">385.0px</dimen>
<dimen name="layout_x_342">386.0px</dimen>
<dimen name="layout_x_343">387.0px</dimen>
<dimen name="layout_x_344">388.0px</dimen>
<dimen name="layout_x_345">390.0px</dimen>
<dimen name="layout_x_346">391.0px</dimen>
<dimen name="layout_x_347">392.0px</dimen>
<dimen name="layout_x_348">393.0px</dimen>
<dimen name="layout_x_349">394.0px</dimen>
<dimen name="layout_x_350">395.0px</dimen>
<dimen name="layout_x_351">396.0px</dimen>
<dimen name="layout_x_352">397.0px</dimen>
<dimen name="layout_x_353">399.0px</dimen>
<dimen name="layout_x_354">400.0px</dimen>
<dimen name="layout_x_355">401.0px</dimen>
<dimen name="layout_x_356">402.0px</dimen>
<dimen name="layout_x_357">403.0px</dimen>
<dimen name="layout_x_358">404.0px</dimen>
<dimen name="layout_x_359">405.0px</dimen>
<dimen name="layout_x_360">407.0px</dimen>
<dimen name="layout_x_361">408.0px</dimen>
<dimen name="layout_x_362">409.0px</dimen>
<dimen name="layout_x_363">410.0px</dimen>
<dimen name="layout_x_364">411.0px</dimen>
<dimen name="layout_x_365">412.0px</dimen>
<dimen name="layout_x_366">413.0px</dimen>
<dimen name="layout_x_367">414.0px</dimen>
<dimen name="layout_x_368">416.0px</dimen>
<dimen name="layout_x_369">417.0px</dimen>
<dimen name="layout_x_370">418.0px</dimen>
<dimen name="layout_x_371">419.0px</dimen>
<dimen name="layout_x_372">420.0px</dimen>
<dimen name="layout_x_373">421.0px</dimen>
<dimen name="layout_x_374">422.0px</dimen>
<dimen name="layout_x_375">423.0px</dimen>
<dimen name="layout_x_376">425.0px</dimen>
<dimen name="layout_x_377">426.0px</dimen>
<dimen name="layout_x_378">427.0px</dimen>
<dimen name="layout_x_379">428.0px</dimen>
<dimen name="layout_x_380">429.0px</dimen>
<dimen name="layout_x_381">430.0px</dimen>
<dimen name="layout_x_382">431.0px</dimen>
<dimen name="layout_x_383">433.0px</dimen>
<dimen name="layout_x_384">434.0px</dimen>
<dimen name="layout_x_385">435.0px</dimen>
<dimen name="layout_x_386">436.0px</dimen>
<dimen name="layout_x_387">437.0px</dimen>
<dimen name="layout_x_388">438.0px</dimen>
<dimen name="layout_x_389">439.0px</dimen>
<dimen name="layout_x_390">440.0px</dimen>
<dimen name="layout_x_391">442.0px</dimen>
<dimen name="layout_x_392">443.0px</dimen>
<dimen name="layout_x_393">444.0px</dimen>
<dimen name="layout_x_394">445.0px</dimen>
<dimen name="layout_x_395">446.0px</dimen>
<dimen name="layout_x_396">447.0px</dimen>
<dimen name="layout_x_397">448.0px</dimen>
<dimen name="layout_x_398">449.0px</dimen>
<dimen name="layout_x_399">451.0px</dimen>
<dimen name="layout_x_400">452.0px</dimen>
<dimen name="layout_x_401">453.0px</dimen>
<dimen name="layout_x_402">454.0px</dimen>
<dimen name="layout_x_403">455.0px</dimen>
<dimen name="layout_x_404">456.0px</dimen>
<dimen name="layout_x_405">457.0px</dimen>
<dimen name="layout_x_406">459.0px</dimen>
<dimen name="layout_x_407">460.0px</dimen>
<dimen name="layout_x_408">461.0px</dimen>
<dimen name="layout_x_409">462.0px</dimen>
<dimen name="layout_x_410">463.0px</dimen>
<dimen name="layout_x_411">464.0px</dimen>
<dimen name="layout_x_412">465.0px</dimen>
<dimen name="layout_x_413">466.0px</dimen>
<dimen name="layout_x_414">468.0px</dimen>
<dimen name="layout_x_415">469.0px</dimen>
<dimen name="layout_x_416">470.0px</dimen>
<dimen name="layout_x_417">471.0px</dimen>
<dimen name="layout_x_418">472.0px</dimen>
<dimen name="layout_x_419">473.0px</dimen>
<dimen name="layout_x_420">474.0px</dimen>
<dimen name="layout_x_421">475.0px</dimen>
<dimen name="layout_x_422">477.0px</dimen>
<dimen name="layout_x_423">478.0px</dimen>
<dimen name="layout_x_424">479.0px</dimen>
<dimen name="layout_x_425">480.0px</dimen>
<dimen name="layout_x_426">481.0px</dimen>
<dimen name="layout_x_427">482.0px</dimen>
<dimen name="layout_x_428">483.0px</dimen>
<dimen name="layout_x_429">485.0px</dimen>
<dimen name="layout_x_430">486.0px</dimen>
<dimen name="layout_x_431">487.0px</dimen>
<dimen name="layout_x_432">488.0px</dimen>
<dimen name="layout_x_433">489.0px</dimen>
<dimen name="layout_x_434">490.0px</dimen>
<dimen name="layout_x_435">491.0px</dimen>
<dimen name="layout_x_436">492.0px</dimen>
<dimen name="layout_x_437">494.0px</dimen>
<dimen name="layout_x_438">495.0px</dimen>
<dimen name="layout_x_439">496.0px</dimen>
<dimen name="layout_x_440">497.0px</dimen>
<dimen name="layout_x_441">498.0px</dimen>
<dimen name="layout_x_442">499.0px</dimen>
<dimen name="layout_x_443">500.0px</dimen>
<dimen name="layout_x_444">501.0px</dimen>
<dimen name="layout_x_445">503.0px</dimen>
<dimen name="layout_x_446">504.0px</dimen>
<dimen name="layout_x_447">505.0px</dimen>
<dimen name="layout_x_448">506.0px</dimen>
<dimen name="layout_x_449">507.0px</dimen>
<dimen name="layout_x_450">508.0px</dimen>
<dimen name="layout_x_451">509.0px</dimen>
<dimen name="layout_x_452">511.0px</dimen>
<dimen name="layout_x_453">512.0px</dimen>
<dimen name="layout_x_454">513.0px</dimen>
<dimen name="layout_x_455">514.0px</dimen>
<dimen name="layout_x_456">515.0px</dimen>
<dimen name="layout_x_457">516.0px</dimen>
<dimen name="layout_x_458">517.0px</dimen>
<dimen name="layout_x_459">518.0px</dimen>
<dimen name="layout_x_460">520.0px</dimen>
<dimen name="layout_x_461">521.0px</dimen>
<dimen name="layout_x_462">522.0px</dimen>
<dimen name="layout_x_463">523.0px</dimen>
<dimen name="layout_x_464">524.0px</dimen>
<dimen name="layout_x_465">525.0px</dimen>
<dimen name="layout_x_466">526.0px</dimen>
<dimen name="layout_x_467">528.0px</dimen>
<dimen name="layout_x_468">529.0px</dimen>
<dimen name="layout_x_469">530.0px</dimen>
<dimen name="layout_x_470">531.0px</dimen>
<dimen name="layout_x_471">532.0px</dimen>
<dimen name="layout_x_472">533.0px</dimen>
<dimen name="layout_x_473">534.0px</dimen>
<dimen name="layout_x_474">535.0px</dimen>
<dimen name="layout_x_475">537.0px</dimen>
<dimen name="layout_x_476">538.0px</dimen>
<dimen name="layout_x_477">539.0px</dimen>
<dimen name="layout_x_478">540.0px</dimen>
<dimen name="layout_x_479">541.0px</dimen>
<dimen name="layout_x_480">540px</dimen>
</resources>