<?xml version="1.0" encoding="utf-8"?>
<resources><dimen name="layout_y_0">0.0px</dimen>
<dimen name="layout_y_1">1.0px</dimen>
<dimen name="layout_y_2">2.0px</dimen>
<dimen name="layout_y_3">4.0px</dimen>
<dimen name="layout_y_4">5.0px</dimen>
<dimen name="layout_y_5">6.0px</dimen>
<dimen name="layout_y_6">8.0px</dimen>
<dimen name="layout_y_7">9.0px</dimen>
<dimen name="layout_y_8">10.0px</dimen>
<dimen name="layout_y_9">12.0px</dimen>
<dimen name="layout_y_10">13.0px</dimen>
<dimen name="layout_y_11">14.0px</dimen>
<dimen name="layout_y_12">16.0px</dimen>
<dimen name="layout_y_13">17.0px</dimen>
<dimen name="layout_y_14">18.0px</dimen>
<dimen name="layout_y_15">20.0px</dimen>
<dimen name="layout_y_16">21.0px</dimen>
<dimen name="layout_y_17">22.0px</dimen>
<dimen name="layout_y_18">24.0px</dimen>
<dimen name="layout_y_19">25.0px</dimen>
<dimen name="layout_y_20">26.0px</dimen>
<dimen name="layout_y_21">28.0px</dimen>
<dimen name="layout_y_22">29.0px</dimen>
<dimen name="layout_y_23">30.0px</dimen>
<dimen name="layout_y_24">32.0px</dimen>
<dimen name="layout_y_25">33.0px</dimen>
<dimen name="layout_y_26">34.0px</dimen>
<dimen name="layout_y_27">36.0px</dimen>
<dimen name="layout_y_28">37.0px</dimen>
<dimen name="layout_y_29">38.0px</dimen>
<dimen name="layout_y_30">40.0px</dimen>
<dimen name="layout_y_31">41.0px</dimen>
<dimen name="layout_y_32">42.0px</dimen>
<dimen name="layout_y_33">44.0px</dimen>
<dimen name="layout_y_34">45.0px</dimen>
<dimen name="layout_y_35">46.0px</dimen>
<dimen name="layout_y_36">48.0px</dimen>
<dimen name="layout_y_37">49.0px</dimen>
<dimen name="layout_y_38">50.0px</dimen>
<dimen name="layout_y_39">52.0px</dimen>
<dimen name="layout_y_40">53.0px</dimen>
<dimen name="layout_y_41">54.0px</dimen>
<dimen name="layout_y_42">56.0px</dimen>
<dimen name="layout_y_43">57.0px</dimen>
<dimen name="layout_y_44">58.0px</dimen>
<dimen name="layout_y_45">60.0px</dimen>
<dimen name="layout_y_46">61.0px</dimen>
<dimen name="layout_y_47">62.0px</dimen>
<dimen name="layout_y_48">64.0px</dimen>
<dimen name="layout_y_49">65.0px</dimen>
<dimen name="layout_y_50">67.0px</dimen>
<dimen name="layout_y_51">68.0px</dimen>
<dimen name="layout_y_52">69.0px</dimen>
<dimen name="layout_y_53">71.0px</dimen>
<dimen name="layout_y_54">72.0px</dimen>
<dimen name="layout_y_55">73.0px</dimen>
<dimen name="layout_y_56">75.0px</dimen>
<dimen name="layout_y_57">76.0px</dimen>
<dimen name="layout_y_58">77.0px</dimen>
<dimen name="layout_y_59">79.0px</dimen>
<dimen name="layout_y_60">80.0px</dimen>
<dimen name="layout_y_61">81.0px</dimen>
<dimen name="layout_y_62">83.0px</dimen>
<dimen name="layout_y_63">84.0px</dimen>
<dimen name="layout_y_64">85.0px</dimen>
<dimen name="layout_y_65">87.0px</dimen>
<dimen name="layout_y_66">88.0px</dimen>
<dimen name="layout_y_67">89.0px</dimen>
<dimen name="layout_y_68">91.0px</dimen>
<dimen name="layout_y_69">92.0px</dimen>
<dimen name="layout_y_70">93.0px</dimen>
<dimen name="layout_y_71">95.0px</dimen>
<dimen name="layout_y_72">96.0px</dimen>
<dimen name="layout_y_73">97.0px</dimen>
<dimen name="layout_y_74">99.0px</dimen>
<dimen name="layout_y_75">100.0px</dimen>
<dimen name="layout_y_76">101.0px</dimen>
<dimen name="layout_y_77">103.0px</dimen>
<dimen name="layout_y_78">104.0px</dimen>
<dimen name="layout_y_79">105.0px</dimen>
<dimen name="layout_y_80">107.0px</dimen>
<dimen name="layout_y_81">108.0px</dimen>
<dimen name="layout_y_82">109.0px</dimen>
<dimen name="layout_y_83">111.0px</dimen>
<dimen name="layout_y_84">112.0px</dimen>
<dimen name="layout_y_85">113.0px</dimen>
<dimen name="layout_y_86">115.0px</dimen>
<dimen name="layout_y_87">116.0px</dimen>
<dimen name="layout_y_88">117.0px</dimen>
<dimen name="layout_y_89">119.0px</dimen>
<dimen name="layout_y_90">120.0px</dimen>
<dimen name="layout_y_91">121.0px</dimen>
<dimen name="layout_y_92">123.0px</dimen>
<dimen name="layout_y_93">124.0px</dimen>
<dimen name="layout_y_94">125.0px</dimen>
<dimen name="layout_y_95">127.0px</dimen>
<dimen name="layout_y_96">128.0px</dimen>
<dimen name="layout_y_97">129.0px</dimen>
<dimen name="layout_y_98">131.0px</dimen>
<dimen name="layout_y_99">132.0px</dimen>
<dimen name="layout_y_100">134.0px</dimen>
<dimen name="layout_y_101">135.0px</dimen>
<dimen name="layout_y_102">136.0px</dimen>
<dimen name="layout_y_103">138.0px</dimen>
<dimen name="layout_y_104">139.0px</dimen>
<dimen name="layout_y_105">140.0px</dimen>
<dimen name="layout_y_106">142.0px</dimen>
<dimen name="layout_y_107">143.0px</dimen>
<dimen name="layout_y_108">144.0px</dimen>
<dimen name="layout_y_109">146.0px</dimen>
<dimen name="layout_y_110">147.0px</dimen>
<dimen name="layout_y_111">148.0px</dimen>
<dimen name="layout_y_112">150.0px</dimen>
<dimen name="layout_y_113">151.0px</dimen>
<dimen name="layout_y_114">152.0px</dimen>
<dimen name="layout_y_115">154.0px</dimen>
<dimen name="layout_y_116">155.0px</dimen>
<dimen name="layout_y_117">156.0px</dimen>
<dimen name="layout_y_118">158.0px</dimen>
<dimen name="layout_y_119">159.0px</dimen>
<dimen name="layout_y_120">160.0px</dimen>
<dimen name="layout_y_121">162.0px</dimen>
<dimen name="layout_y_122">163.0px</dimen>
<dimen name="layout_y_123">164.0px</dimen>
<dimen name="layout_y_124">166.0px</dimen>
<dimen name="layout_y_125">167.0px</dimen>
<dimen name="layout_y_126">168.0px</dimen>
<dimen name="layout_y_127">170.0px</dimen>
<dimen name="layout_y_128">171.0px</dimen>
<dimen name="layout_y_129">172.0px</dimen>
<dimen name="layout_y_130">174.0px</dimen>
<dimen name="layout_y_131">175.0px</dimen>
<dimen name="layout_y_132">176.0px</dimen>
<dimen name="layout_y_133">178.0px</dimen>
<dimen name="layout_y_134">179.0px</dimen>
<dimen name="layout_y_135">180.0px</dimen>
<dimen name="layout_y_136">182.0px</dimen>
<dimen name="layout_y_137">183.0px</dimen>
<dimen name="layout_y_138">184.0px</dimen>
<dimen name="layout_y_139">186.0px</dimen>
<dimen name="layout_y_140">187.0px</dimen>
<dimen name="layout_y_141">188.0px</dimen>
<dimen name="layout_y_142">190.0px</dimen>
<dimen name="layout_y_143">191.0px</dimen>
<dimen name="layout_y_144">192.0px</dimen>
<dimen name="layout_y_145">194.0px</dimen>
<dimen name="layout_y_146">195.0px</dimen>
<dimen name="layout_y_147">196.0px</dimen>
<dimen name="layout_y_148">198.0px</dimen>
<dimen name="layout_y_149">199.0px</dimen>
<dimen name="layout_y_150">201.0px</dimen>
<dimen name="layout_y_151">202.0px</dimen>
<dimen name="layout_y_152">203.0px</dimen>
<dimen name="layout_y_153">205.0px</dimen>
<dimen name="layout_y_154">206.0px</dimen>
<dimen name="layout_y_155">207.0px</dimen>
<dimen name="layout_y_156">209.0px</dimen>
<dimen name="layout_y_157">210.0px</dimen>
<dimen name="layout_y_158">211.0px</dimen>
<dimen name="layout_y_159">213.0px</dimen>
<dimen name="layout_y_160">214.0px</dimen>
<dimen name="layout_y_161">215.0px</dimen>
<dimen name="layout_y_162">217.0px</dimen>
<dimen name="layout_y_163">218.0px</dimen>
<dimen name="layout_y_164">219.0px</dimen>
<dimen name="layout_y_165">221.0px</dimen>
<dimen name="layout_y_166">222.0px</dimen>
<dimen name="layout_y_167">223.0px</dimen>
<dimen name="layout_y_168">225.0px</dimen>
<dimen name="layout_y_169">226.0px</dimen>
<dimen name="layout_y_170">227.0px</dimen>
<dimen name="layout_y_171">229.0px</dimen>
<dimen name="layout_y_172">230.0px</dimen>
<dimen name="layout_y_173">231.0px</dimen>
<dimen name="layout_y_174">233.0px</dimen>
<dimen name="layout_y_175">234.0px</dimen>
<dimen name="layout_y_176">235.0px</dimen>
<dimen name="layout_y_177">237.0px</dimen>
<dimen name="layout_y_178">238.0px</dimen>
<dimen name="layout_y_179">239.0px</dimen>
<dimen name="layout_y_180">241.0px</dimen>
<dimen name="layout_y_181">242.0px</dimen>
<dimen name="layout_y_182">243.0px</dimen>
<dimen name="layout_y_183">245.0px</dimen>
<dimen name="layout_y_184">246.0px</dimen>
<dimen name="layout_y_185">247.0px</dimen>
<dimen name="layout_y_186">249.0px</dimen>
<dimen name="layout_y_187">250.0px</dimen>
<dimen name="layout_y_188">251.0px</dimen>
<dimen name="layout_y_189">253.0px</dimen>
<dimen name="layout_y_190">254.0px</dimen>
<dimen name="layout_y_191">255.0px</dimen>
<dimen name="layout_y_192">257.0px</dimen>
<dimen name="layout_y_193">258.0px</dimen>
<dimen name="layout_y_194">259.0px</dimen>
<dimen name="layout_y_195">261.0px</dimen>
<dimen name="layout_y_196">262.0px</dimen>
<dimen name="layout_y_197">263.0px</dimen>
<dimen name="layout_y_198">265.0px</dimen>
<dimen name="layout_y_199">266.0px</dimen>
<dimen name="layout_y_200">268.0px</dimen>
<dimen name="layout_y_201">269.0px</dimen>
<dimen name="layout_y_202">270.0px</dimen>
<dimen name="layout_y_203">272.0px</dimen>
<dimen name="layout_y_204">273.0px</dimen>
<dimen name="layout_y_205">274.0px</dimen>
<dimen name="layout_y_206">276.0px</dimen>
<dimen name="layout_y_207">277.0px</dimen>
<dimen name="layout_y_208">278.0px</dimen>
<dimen name="layout_y_209">280.0px</dimen>
<dimen name="layout_y_210">281.0px</dimen>
<dimen name="layout_y_211">282.0px</dimen>
<dimen name="layout_y_212">284.0px</dimen>
<dimen name="layout_y_213">285.0px</dimen>
<dimen name="layout_y_214">286.0px</dimen>
<dimen name="layout_y_215">288.0px</dimen>
<dimen name="layout_y_216">289.0px</dimen>
<dimen name="layout_y_217">290.0px</dimen>
<dimen name="layout_y_218">292.0px</dimen>
<dimen name="layout_y_219">293.0px</dimen>
<dimen name="layout_y_220">294.0px</dimen>
<dimen name="layout_y_221">296.0px</dimen>
<dimen name="layout_y_222">297.0px</dimen>
<dimen name="layout_y_223">298.0px</dimen>
<dimen name="layout_y_224">300.0px</dimen>
<dimen name="layout_y_225">301.0px</dimen>
<dimen name="layout_y_226">302.0px</dimen>
<dimen name="layout_y_227">304.0px</dimen>
<dimen name="layout_y_228">305.0px</dimen>
<dimen name="layout_y_229">306.0px</dimen>
<dimen name="layout_y_230">308.0px</dimen>
<dimen name="layout_y_231">309.0px</dimen>
<dimen name="layout_y_232">310.0px</dimen>
<dimen name="layout_y_233">312.0px</dimen>
<dimen name="layout_y_234">313.0px</dimen>
<dimen name="layout_y_235">314.0px</dimen>
<dimen name="layout_y_236">316.0px</dimen>
<dimen name="layout_y_237">317.0px</dimen>
<dimen name="layout_y_238">318.0px</dimen>
<dimen name="layout_y_239">320.0px</dimen>
<dimen name="layout_y_240">321.0px</dimen>
<dimen name="layout_y_241">322.0px</dimen>
<dimen name="layout_y_242">324.0px</dimen>
<dimen name="layout_y_243">325.0px</dimen>
<dimen name="layout_y_244">326.0px</dimen>
<dimen name="layout_y_245">328.0px</dimen>
<dimen name="layout_y_246">329.0px</dimen>
<dimen name="layout_y_247">330.0px</dimen>
<dimen name="layout_y_248">332.0px</dimen>
<dimen name="layout_y_249">333.0px</dimen>
<dimen name="layout_y_250">335.0px</dimen>
<dimen name="layout_y_251">336.0px</dimen>
<dimen name="layout_y_252">337.0px</dimen>
<dimen name="layout_y_253">339.0px</dimen>
<dimen name="layout_y_254">340.0px</dimen>
<dimen name="layout_y_255">341.0px</dimen>
<dimen name="layout_y_256">343.0px</dimen>
<dimen name="layout_y_257">344.0px</dimen>
<dimen name="layout_y_258">345.0px</dimen>
<dimen name="layout_y_259">347.0px</dimen>
<dimen name="layout_y_260">348.0px</dimen>
<dimen name="layout_y_261">349.0px</dimen>
<dimen name="layout_y_262">351.0px</dimen>
<dimen name="layout_y_263">352.0px</dimen>
<dimen name="layout_y_264">353.0px</dimen>
<dimen name="layout_y_265">355.0px</dimen>
<dimen name="layout_y_266">356.0px</dimen>
<dimen name="layout_y_267">357.0px</dimen>
<dimen name="layout_y_268">359.0px</dimen>
<dimen name="layout_y_269">360.0px</dimen>
<dimen name="layout_y_270">361.0px</dimen>
<dimen name="layout_y_271">363.0px</dimen>
<dimen name="layout_y_272">364.0px</dimen>
<dimen name="layout_y_273">365.0px</dimen>
<dimen name="layout_y_274">367.0px</dimen>
<dimen name="layout_y_275">368.0px</dimen>
<dimen name="layout_y_276">369.0px</dimen>
<dimen name="layout_y_277">371.0px</dimen>
<dimen name="layout_y_278">372.0px</dimen>
<dimen name="layout_y_279">373.0px</dimen>
<dimen name="layout_y_280">375.0px</dimen>
<dimen name="layout_y_281">376.0px</dimen>
<dimen name="layout_y_282">377.0px</dimen>
<dimen name="layout_y_283">379.0px</dimen>
<dimen name="layout_y_284">380.0px</dimen>
<dimen name="layout_y_285">381.0px</dimen>
<dimen name="layout_y_286">383.0px</dimen>
<dimen name="layout_y_287">384.0px</dimen>
<dimen name="layout_y_288">385.0px</dimen>
<dimen name="layout_y_289">387.0px</dimen>
<dimen name="layout_y_290">388.0px</dimen>
<dimen name="layout_y_291">389.0px</dimen>
<dimen name="layout_y_292">391.0px</dimen>
<dimen name="layout_y_293">392.0px</dimen>
<dimen name="layout_y_294">393.0px</dimen>
<dimen name="layout_y_295">395.0px</dimen>
<dimen name="layout_y_296">396.0px</dimen>
<dimen name="layout_y_297">397.0px</dimen>
<dimen name="layout_y_298">399.0px</dimen>
<dimen name="layout_y_299">400.0px</dimen>
<dimen name="layout_y_300">402.0px</dimen>
<dimen name="layout_y_301">403.0px</dimen>
<dimen name="layout_y_302">404.0px</dimen>
<dimen name="layout_y_303">406.0px</dimen>
<dimen name="layout_y_304">407.0px</dimen>
<dimen name="layout_y_305">408.0px</dimen>
<dimen name="layout_y_306">410.0px</dimen>
<dimen name="layout_y_307">411.0px</dimen>
<dimen name="layout_y_308">412.0px</dimen>
<dimen name="layout_y_309">414.0px</dimen>
<dimen name="layout_y_310">415.0px</dimen>
<dimen name="layout_y_311">416.0px</dimen>
<dimen name="layout_y_312">418.0px</dimen>
<dimen name="layout_y_313">419.0px</dimen>
<dimen name="layout_y_314">420.0px</dimen>
<dimen name="layout_y_315">422.0px</dimen>
<dimen name="layout_y_316">423.0px</dimen>
<dimen name="layout_y_317">424.0px</dimen>
<dimen name="layout_y_318">426.0px</dimen>
<dimen name="layout_y_319">427.0px</dimen>
<dimen name="layout_y_320">428.0px</dimen>
<dimen name="layout_y_321">430.0px</dimen>
<dimen name="layout_y_322">431.0px</dimen>
<dimen name="layout_y_323">432.0px</dimen>
<dimen name="layout_y_324">434.0px</dimen>
<dimen name="layout_y_325">435.0px</dimen>
<dimen name="layout_y_326">436.0px</dimen>
<dimen name="layout_y_327">438.0px</dimen>
<dimen name="layout_y_328">439.0px</dimen>
<dimen name="layout_y_329">440.0px</dimen>
<dimen name="layout_y_330">442.0px</dimen>
<dimen name="layout_y_331">443.0px</dimen>
<dimen name="layout_y_332">444.0px</dimen>
<dimen name="layout_y_333">446.0px</dimen>
<dimen name="layout_y_334">447.0px</dimen>
<dimen name="layout_y_335">448.0px</dimen>
<dimen name="layout_y_336">450.0px</dimen>
<dimen name="layout_y_337">451.0px</dimen>
<dimen name="layout_y_338">452.0px</dimen>
<dimen name="layout_y_339">454.0px</dimen>
<dimen name="layout_y_340">455.0px</dimen>
<dimen name="layout_y_341">456.0px</dimen>
<dimen name="layout_y_342">458.0px</dimen>
<dimen name="layout_y_343">459.0px</dimen>
<dimen name="layout_y_344">460.0px</dimen>
<dimen name="layout_y_345">462.0px</dimen>
<dimen name="layout_y_346">463.0px</dimen>
<dimen name="layout_y_347">464.0px</dimen>
<dimen name="layout_y_348">466.0px</dimen>
<dimen name="layout_y_349">467.0px</dimen>
<dimen name="layout_y_350">469.0px</dimen>
<dimen name="layout_y_351">470.0px</dimen>
<dimen name="layout_y_352">471.0px</dimen>
<dimen name="layout_y_353">473.0px</dimen>
<dimen name="layout_y_354">474.0px</dimen>
<dimen name="layout_y_355">475.0px</dimen>
<dimen name="layout_y_356">477.0px</dimen>
<dimen name="layout_y_357">478.0px</dimen>
<dimen name="layout_y_358">479.0px</dimen>
<dimen name="layout_y_359">481.0px</dimen>
<dimen name="layout_y_360">482.0px</dimen>
<dimen name="layout_y_361">483.0px</dimen>
<dimen name="layout_y_362">485.0px</dimen>
<dimen name="layout_y_363">486.0px</dimen>
<dimen name="layout_y_364">487.0px</dimen>
<dimen name="layout_y_365">489.0px</dimen>
<dimen name="layout_y_366">490.0px</dimen>
<dimen name="layout_y_367">491.0px</dimen>
<dimen name="layout_y_368">493.0px</dimen>
<dimen name="layout_y_369">494.0px</dimen>
<dimen name="layout_y_370">495.0px</dimen>
<dimen name="layout_y_371">497.0px</dimen>
<dimen name="layout_y_372">498.0px</dimen>
<dimen name="layout_y_373">499.0px</dimen>
<dimen name="layout_y_374">501.0px</dimen>
<dimen name="layout_y_375">502.0px</dimen>
<dimen name="layout_y_376">503.0px</dimen>
<dimen name="layout_y_377">505.0px</dimen>
<dimen name="layout_y_378">506.0px</dimen>
<dimen name="layout_y_379">507.0px</dimen>
<dimen name="layout_y_380">509.0px</dimen>
<dimen name="layout_y_381">510.0px</dimen>
<dimen name="layout_y_382">511.0px</dimen>
<dimen name="layout_y_383">513.0px</dimen>
<dimen name="layout_y_384">514.0px</dimen>
<dimen name="layout_y_385">515.0px</dimen>
<dimen name="layout_y_386">517.0px</dimen>
<dimen name="layout_y_387">518.0px</dimen>
<dimen name="layout_y_388">519.0px</dimen>
<dimen name="layout_y_389">521.0px</dimen>
<dimen name="layout_y_390">522.0px</dimen>
<dimen name="layout_y_391">523.0px</dimen>
<dimen name="layout_y_392">525.0px</dimen>
<dimen name="layout_y_393">526.0px</dimen>
<dimen name="layout_y_394">527.0px</dimen>
<dimen name="layout_y_395">529.0px</dimen>
<dimen name="layout_y_396">530.0px</dimen>
<dimen name="layout_y_397">531.0px</dimen>
<dimen name="layout_y_398">533.0px</dimen>
<dimen name="layout_y_399">534.0px</dimen>
<dimen name="layout_y_400">536.0px</dimen>
<dimen name="layout_y_401">537.0px</dimen>
<dimen name="layout_y_402">538.0px</dimen>
<dimen name="layout_y_403">540.0px</dimen>
<dimen name="layout_y_404">541.0px</dimen>
<dimen name="layout_y_405">542.0px</dimen>
<dimen name="layout_y_406">544.0px</dimen>
<dimen name="layout_y_407">545.0px</dimen>
<dimen name="layout_y_408">546.0px</dimen>
<dimen name="layout_y_409">548.0px</dimen>
<dimen name="layout_y_410">549.0px</dimen>
<dimen name="layout_y_411">550.0px</dimen>
<dimen name="layout_y_412">552.0px</dimen>
<dimen name="layout_y_413">553.0px</dimen>
<dimen name="layout_y_414">554.0px</dimen>
<dimen name="layout_y_415">556.0px</dimen>
<dimen name="layout_y_416">557.0px</dimen>
<dimen name="layout_y_417">558.0px</dimen>
<dimen name="layout_y_418">560.0px</dimen>
<dimen name="layout_y_419">561.0px</dimen>
<dimen name="layout_y_420">562.0px</dimen>
<dimen name="layout_y_421">564.0px</dimen>
<dimen name="layout_y_422">565.0px</dimen>
<dimen name="layout_y_423">566.0px</dimen>
<dimen name="layout_y_424">568.0px</dimen>
<dimen name="layout_y_425">569.0px</dimen>
<dimen name="layout_y_426">570.0px</dimen>
<dimen name="layout_y_427">572.0px</dimen>
<dimen name="layout_y_428">573.0px</dimen>
<dimen name="layout_y_429">574.0px</dimen>
<dimen name="layout_y_430">576.0px</dimen>
<dimen name="layout_y_431">577.0px</dimen>
<dimen name="layout_y_432">578.0px</dimen>
<dimen name="layout_y_433">580.0px</dimen>
<dimen name="layout_y_434">581.0px</dimen>
<dimen name="layout_y_435">582.0px</dimen>
<dimen name="layout_y_436">584.0px</dimen>
<dimen name="layout_y_437">585.0px</dimen>
<dimen name="layout_y_438">586.0px</dimen>
<dimen name="layout_y_439">588.0px</dimen>
<dimen name="layout_y_440">589.0px</dimen>
<dimen name="layout_y_441">590.0px</dimen>
<dimen name="layout_y_442">592.0px</dimen>
<dimen name="layout_y_443">593.0px</dimen>
<dimen name="layout_y_444">594.0px</dimen>
<dimen name="layout_y_445">596.0px</dimen>
<dimen name="layout_y_446">597.0px</dimen>
<dimen name="layout_y_447">598.0px</dimen>
<dimen name="layout_y_448">600.0px</dimen>
<dimen name="layout_y_449">601.0px</dimen>
<dimen name="layout_y_450">603.0px</dimen>
<dimen name="layout_y_451">604.0px</dimen>
<dimen name="layout_y_452">605.0px</dimen>
<dimen name="layout_y_453">607.0px</dimen>
<dimen name="layout_y_454">608.0px</dimen>
<dimen name="layout_y_455">609.0px</dimen>
<dimen name="layout_y_456">611.0px</dimen>
<dimen name="layout_y_457">612.0px</dimen>
<dimen name="layout_y_458">613.0px</dimen>
<dimen name="layout_y_459">615.0px</dimen>
<dimen name="layout_y_460">616.0px</dimen>
<dimen name="layout_y_461">617.0px</dimen>
<dimen name="layout_y_462">619.0px</dimen>
<dimen name="layout_y_463">620.0px</dimen>
<dimen name="layout_y_464">621.0px</dimen>
<dimen name="layout_y_465">623.0px</dimen>
<dimen name="layout_y_466">624.0px</dimen>
<dimen name="layout_y_467">625.0px</dimen>
<dimen name="layout_y_468">627.0px</dimen>
<dimen name="layout_y_469">628.0px</dimen>
<dimen name="layout_y_470">629.0px</dimen>
<dimen name="layout_y_471">631.0px</dimen>
<dimen name="layout_y_472">632.0px</dimen>
<dimen name="layout_y_473">633.0px</dimen>
<dimen name="layout_y_474">635.0px</dimen>
<dimen name="layout_y_475">636.0px</dimen>
<dimen name="layout_y_476">637.0px</dimen>
<dimen name="layout_y_477">639.0px</dimen>
<dimen name="layout_y_478">640.0px</dimen>
<dimen name="layout_y_479">641.0px</dimen>
<dimen name="layout_y_480">643.0px</dimen>
<dimen name="layout_y_481">644.0px</dimen>
<dimen name="layout_y_482">645.0px</dimen>
<dimen name="layout_y_483">647.0px</dimen>
<dimen name="layout_y_484">648.0px</dimen>
<dimen name="layout_y_485">649.0px</dimen>
<dimen name="layout_y_486">651.0px</dimen>
<dimen name="layout_y_487">652.0px</dimen>
<dimen name="layout_y_488">653.0px</dimen>
<dimen name="layout_y_489">655.0px</dimen>
<dimen name="layout_y_490">656.0px</dimen>
<dimen name="layout_y_491">657.0px</dimen>
<dimen name="layout_y_492">659.0px</dimen>
<dimen name="layout_y_493">660.0px</dimen>
<dimen name="layout_y_494">661.0px</dimen>
<dimen name="layout_y_495">663.0px</dimen>
<dimen name="layout_y_496">664.0px</dimen>
<dimen name="layout_y_497">665.0px</dimen>
<dimen name="layout_y_498">667.0px</dimen>
<dimen name="layout_y_499">668.0px</dimen>
<dimen name="layout_y_500">670.0px</dimen>
<dimen name="layout_y_501">671.0px</dimen>
<dimen name="layout_y_502">672.0px</dimen>
<dimen name="layout_y_503">674.0px</dimen>
<dimen name="layout_y_504">675.0px</dimen>
<dimen name="layout_y_505">676.0px</dimen>
<dimen name="layout_y_506">678.0px</dimen>
<dimen name="layout_y_507">679.0px</dimen>
<dimen name="layout_y_508">680.0px</dimen>
<dimen name="layout_y_509">682.0px</dimen>
<dimen name="layout_y_510">683.0px</dimen>
<dimen name="layout_y_511">684.0px</dimen>
<dimen name="layout_y_512">686.0px</dimen>
<dimen name="layout_y_513">687.0px</dimen>
<dimen name="layout_y_514">688.0px</dimen>
<dimen name="layout_y_515">690.0px</dimen>
<dimen name="layout_y_516">691.0px</dimen>
<dimen name="layout_y_517">692.0px</dimen>
<dimen name="layout_y_518">694.0px</dimen>
<dimen name="layout_y_519">695.0px</dimen>
<dimen name="layout_y_520">696.0px</dimen>
<dimen name="layout_y_521">698.0px</dimen>
<dimen name="layout_y_522">699.0px</dimen>
<dimen name="layout_y_523">700.0px</dimen>
<dimen name="layout_y_524">702.0px</dimen>
<dimen name="layout_y_525">703.0px</dimen>
<dimen name="layout_y_526">704.0px</dimen>
<dimen name="layout_y_527">706.0px</dimen>
<dimen name="layout_y_528">707.0px</dimen>
<dimen name="layout_y_529">708.0px</dimen>
<dimen name="layout_y_530">710.0px</dimen>
<dimen name="layout_y_531">711.0px</dimen>
<dimen name="layout_y_532">712.0px</dimen>
<dimen name="layout_y_533">714.0px</dimen>
<dimen name="layout_y_534">715.0px</dimen>
<dimen name="layout_y_535">716.0px</dimen>
<dimen name="layout_y_536">718.0px</dimen>
<dimen name="layout_y_537">719.0px</dimen>
<dimen name="layout_y_538">720.0px</dimen>
<dimen name="layout_y_539">722.0px</dimen>
<dimen name="layout_y_540">723.0px</dimen>
<dimen name="layout_y_541">724.0px</dimen>
<dimen name="layout_y_542">726.0px</dimen>
<dimen name="layout_y_543">727.0px</dimen>
<dimen name="layout_y_544">728.0px</dimen>
<dimen name="layout_y_545">730.0px</dimen>
<dimen name="layout_y_546">731.0px</dimen>
<dimen name="layout_y_547">732.0px</dimen>
<dimen name="layout_y_548">734.0px</dimen>
<dimen name="layout_y_549">735.0px</dimen>
<dimen name="layout_y_550">737.0px</dimen>
<dimen name="layout_y_551">738.0px</dimen>
<dimen name="layout_y_552">739.0px</dimen>
<dimen name="layout_y_553">741.0px</dimen>
<dimen name="layout_y_554">742.0px</dimen>
<dimen name="layout_y_555">743.0px</dimen>
<dimen name="layout_y_556">745.0px</dimen>
<dimen name="layout_y_557">746.0px</dimen>
<dimen name="layout_y_558">747.0px</dimen>
<dimen name="layout_y_559">749.0px</dimen>
<dimen name="layout_y_560">750.0px</dimen>
<dimen name="layout_y_561">751.0px</dimen>
<dimen name="layout_y_562">753.0px</dimen>
<dimen name="layout_y_563">754.0px</dimen>
<dimen name="layout_y_564">755.0px</dimen>
<dimen name="layout_y_565">757.0px</dimen>
<dimen name="layout_y_566">758.0px</dimen>
<dimen name="layout_y_567">759.0px</dimen>
<dimen name="layout_y_568">761.0px</dimen>
<dimen name="layout_y_569">762.0px</dimen>
<dimen name="layout_y_570">763.0px</dimen>
<dimen name="layout_y_571">765.0px</dimen>
<dimen name="layout_y_572">766.0px</dimen>
<dimen name="layout_y_573">767.0px</dimen>
<dimen name="layout_y_574">769.0px</dimen>
<dimen name="layout_y_575">770.0px</dimen>
<dimen name="layout_y_576">771.0px</dimen>
<dimen name="layout_y_577">773.0px</dimen>
<dimen name="layout_y_578">774.0px</dimen>
<dimen name="layout_y_579">775.0px</dimen>
<dimen name="layout_y_580">777.0px</dimen>
<dimen name="layout_y_581">778.0px</dimen>
<dimen name="layout_y_582">779.0px</dimen>
<dimen name="layout_y_583">781.0px</dimen>
<dimen name="layout_y_584">782.0px</dimen>
<dimen name="layout_y_585">783.0px</dimen>
<dimen name="layout_y_586">785.0px</dimen>
<dimen name="layout_y_587">786.0px</dimen>
<dimen name="layout_y_588">787.0px</dimen>
<dimen name="layout_y_589">789.0px</dimen>
<dimen name="layout_y_590">790.0px</dimen>
<dimen name="layout_y_591">791.0px</dimen>
<dimen name="layout_y_592">793.0px</dimen>
<dimen name="layout_y_593">794.0px</dimen>
<dimen name="layout_y_594">795.0px</dimen>
<dimen name="layout_y_595">797.0px</dimen>
<dimen name="layout_y_596">798.0px</dimen>
<dimen name="layout_y_597">799.0px</dimen>
<dimen name="layout_y_598">801.0px</dimen>
<dimen name="layout_y_599">802.0px</dimen>
<dimen name="layout_y_600">804.0px</dimen>
<dimen name="layout_y_601">805.0px</dimen>
<dimen name="layout_y_602">806.0px</dimen>
<dimen name="layout_y_603">808.0px</dimen>
<dimen name="layout_y_604">809.0px</dimen>
<dimen name="layout_y_605">810.0px</dimen>
<dimen name="layout_y_606">812.0px</dimen>
<dimen name="layout_y_607">813.0px</dimen>
<dimen name="layout_y_608">814.0px</dimen>
<dimen name="layout_y_609">816.0px</dimen>
<dimen name="layout_y_610">817.0px</dimen>
<dimen name="layout_y_611">818.0px</dimen>
<dimen name="layout_y_612">820.0px</dimen>
<dimen name="layout_y_613">821.0px</dimen>
<dimen name="layout_y_614">822.0px</dimen>
<dimen name="layout_y_615">824.0px</dimen>
<dimen name="layout_y_616">825.0px</dimen>
<dimen name="layout_y_617">826.0px</dimen>
<dimen name="layout_y_618">828.0px</dimen>
<dimen name="layout_y_619">829.0px</dimen>
<dimen name="layout_y_620">830.0px</dimen>
<dimen name="layout_y_621">832.0px</dimen>
<dimen name="layout_y_622">833.0px</dimen>
<dimen name="layout_y_623">834.0px</dimen>
<dimen name="layout_y_624">836.0px</dimen>
<dimen name="layout_y_625">837.0px</dimen>
<dimen name="layout_y_626">838.0px</dimen>
<dimen name="layout_y_627">840.0px</dimen>
<dimen name="layout_y_628">841.0px</dimen>
<dimen name="layout_y_629">842.0px</dimen>
<dimen name="layout_y_630">844.0px</dimen>
<dimen name="layout_y_631">845.0px</dimen>
<dimen name="layout_y_632">846.0px</dimen>
<dimen name="layout_y_633">848.0px</dimen>
<dimen name="layout_y_634">849.0px</dimen>
<dimen name="layout_y_635">850.0px</dimen>
<dimen name="layout_y_636">852.0px</dimen>
<dimen name="layout_y_637">853.0px</dimen>
<dimen name="layout_y_638">854.0px</dimen>
<dimen name="layout_y_639">856.0px</dimen>
<dimen name="layout_y_640">857.0px</dimen>
<dimen name="layout_y_641">858.0px</dimen>
<dimen name="layout_y_642">860.0px</dimen>
<dimen name="layout_y_643">861.0px</dimen>
<dimen name="layout_y_644">862.0px</dimen>
<dimen name="layout_y_645">864.0px</dimen>
<dimen name="layout_y_646">865.0px</dimen>
<dimen name="layout_y_647">866.0px</dimen>
<dimen name="layout_y_648">868.0px</dimen>
<dimen name="layout_y_649">869.0px</dimen>
<dimen name="layout_y_650">871.0px</dimen>
<dimen name="layout_y_651">872.0px</dimen>
<dimen name="layout_y_652">873.0px</dimen>
<dimen name="layout_y_653">875.0px</dimen>
<dimen name="layout_y_654">876.0px</dimen>
<dimen name="layout_y_655">877.0px</dimen>
<dimen name="layout_y_656">879.0px</dimen>
<dimen name="layout_y_657">880.0px</dimen>
<dimen name="layout_y_658">881.0px</dimen>
<dimen name="layout_y_659">883.0px</dimen>
<dimen name="layout_y_660">884.0px</dimen>
<dimen name="layout_y_661">885.0px</dimen>
<dimen name="layout_y_662">887.0px</dimen>
<dimen name="layout_y_663">888.0px</dimen>
<dimen name="layout_y_664">889.0px</dimen>
<dimen name="layout_y_665">891.0px</dimen>
<dimen name="layout_y_666">892.0px</dimen>
<dimen name="layout_y_667">893.0px</dimen>
<dimen name="layout_y_668">895.0px</dimen>
<dimen name="layout_y_669">896.0px</dimen>
<dimen name="layout_y_670">897.0px</dimen>
<dimen name="layout_y_671">899.0px</dimen>
<dimen name="layout_y_672">900.0px</dimen>
<dimen name="layout_y_673">901.0px</dimen>
<dimen name="layout_y_674">903.0px</dimen>
<dimen name="layout_y_675">904.0px</dimen>
<dimen name="layout_y_676">905.0px</dimen>
<dimen name="layout_y_677">907.0px</dimen>
<dimen name="layout_y_678">908.0px</dimen>
<dimen name="layout_y_679">909.0px</dimen>
<dimen name="layout_y_680">911.0px</dimen>
<dimen name="layout_y_681">912.0px</dimen>
<dimen name="layout_y_682">913.0px</dimen>
<dimen name="layout_y_683">915.0px</dimen>
<dimen name="layout_y_684">916.0px</dimen>
<dimen name="layout_y_685">917.0px</dimen>
<dimen name="layout_y_686">919.0px</dimen>
<dimen name="layout_y_687">920.0px</dimen>
<dimen name="layout_y_688">921.0px</dimen>
<dimen name="layout_y_689">923.0px</dimen>
<dimen name="layout_y_690">924.0px</dimen>
<dimen name="layout_y_691">925.0px</dimen>
<dimen name="layout_y_692">927.0px</dimen>
<dimen name="layout_y_693">928.0px</dimen>
<dimen name="layout_y_694">929.0px</dimen>
<dimen name="layout_y_695">931.0px</dimen>
<dimen name="layout_y_696">932.0px</dimen>
<dimen name="layout_y_697">933.0px</dimen>
<dimen name="layout_y_698">935.0px</dimen>
<dimen name="layout_y_699">936.0px</dimen>
<dimen name="layout_y_700">938.0px</dimen>
<dimen name="layout_y_701">939.0px</dimen>
<dimen name="layout_y_702">940.0px</dimen>
<dimen name="layout_y_703">942.0px</dimen>
<dimen name="layout_y_704">943.0px</dimen>
<dimen name="layout_y_705">944.0px</dimen>
<dimen name="layout_y_706">946.0px</dimen>
<dimen name="layout_y_707">947.0px</dimen>
<dimen name="layout_y_708">948.0px</dimen>
<dimen name="layout_y_709">950.0px</dimen>
<dimen name="layout_y_710">951.0px</dimen>
<dimen name="layout_y_711">952.0px</dimen>
<dimen name="layout_y_712">954.0px</dimen>
<dimen name="layout_y_713">955.0px</dimen>
<dimen name="layout_y_714">956.0px</dimen>
<dimen name="layout_y_715">958.0px</dimen>
<dimen name="layout_y_716">959.0px</dimen>
<dimen name="layout_y_717">960.0px</dimen>
<dimen name="layout_y_718">962.0px</dimen>
<dimen name="layout_y_719">963.0px</dimen>
<dimen name="layout_y_720">964.0px</dimen>
<dimen name="layout_y_721">966.0px</dimen>
<dimen name="layout_y_722">967.0px</dimen>
<dimen name="layout_y_723">968.0px</dimen>
<dimen name="layout_y_724">970.0px</dimen>
<dimen name="layout_y_725">971.0px</dimen>
<dimen name="layout_y_726">972.0px</dimen>
<dimen name="layout_y_727">974.0px</dimen>
<dimen name="layout_y_728">975.0px</dimen>
<dimen name="layout_y_729">976.0px</dimen>
<dimen name="layout_y_730">978.0px</dimen>
<dimen name="layout_y_731">979.0px</dimen>
<dimen name="layout_y_732">980.0px</dimen>
<dimen name="layout_y_733">982.0px</dimen>
<dimen name="layout_y_734">983.0px</dimen>
<dimen name="layout_y_735">984.0px</dimen>
<dimen name="layout_y_736">986.0px</dimen>
<dimen name="layout_y_737">987.0px</dimen>
<dimen name="layout_y_738">988.0px</dimen>
<dimen name="layout_y_739">990.0px</dimen>
<dimen name="layout_y_740">991.0px</dimen>
<dimen name="layout_y_741">992.0px</dimen>
<dimen name="layout_y_742">994.0px</dimen>
<dimen name="layout_y_743">995.0px</dimen>
<dimen name="layout_y_744">996.0px</dimen>
<dimen name="layout_y_745">998.0px</dimen>
<dimen name="layout_y_746">999.0px</dimen>
<dimen name="layout_y_747">1000.0px</dimen>
<dimen name="layout_y_748">1002.0px</dimen>
<dimen name="layout_y_749">1003.0px</dimen>
<dimen name="layout_y_750">1005.0px</dimen>
<dimen name="layout_y_751">1006.0px</dimen>
<dimen name="layout_y_752">1007.0px</dimen>
<dimen name="layout_y_753">1009.0px</dimen>
<dimen name="layout_y_754">1010.0px</dimen>
<dimen name="layout_y_755">1011.0px</dimen>
<dimen name="layout_y_756">1013.0px</dimen>
<dimen name="layout_y_757">1014.0px</dimen>
<dimen name="layout_y_758">1015.0px</dimen>
<dimen name="layout_y_759">1017.0px</dimen>
<dimen name="layout_y_760">1018.0px</dimen>
<dimen name="layout_y_761">1019.0px</dimen>
<dimen name="layout_y_762">1021.0px</dimen>
<dimen name="layout_y_763">1022.0px</dimen>
<dimen name="layout_y_764">1023.0px</dimen>
<dimen name="layout_y_765">1025.0px</dimen>
<dimen name="layout_y_766">1026.0px</dimen>
<dimen name="layout_y_767">1027.0px</dimen>
<dimen name="layout_y_768">1029.0px</dimen>
<dimen name="layout_y_769">1030.0px</dimen>
<dimen name="layout_y_770">1031.0px</dimen>
<dimen name="layout_y_771">1033.0px</dimen>
<dimen name="layout_y_772">1034.0px</dimen>
<dimen name="layout_y_773">1035.0px</dimen>
<dimen name="layout_y_774">1037.0px</dimen>
<dimen name="layout_y_775">1038.0px</dimen>
<dimen name="layout_y_776">1039.0px</dimen>
<dimen name="layout_y_777">1041.0px</dimen>
<dimen name="layout_y_778">1042.0px</dimen>
<dimen name="layout_y_779">1043.0px</dimen>
<dimen name="layout_y_780">1045.0px</dimen>
<dimen name="layout_y_781">1046.0px</dimen>
<dimen name="layout_y_782">1047.0px</dimen>
<dimen name="layout_y_783">1049.0px</dimen>
<dimen name="layout_y_784">1050.0px</dimen>
<dimen name="layout_y_785">1051.0px</dimen>
<dimen name="layout_y_786">1053.0px</dimen>
<dimen name="layout_y_787">1054.0px</dimen>
<dimen name="layout_y_788">1055.0px</dimen>
<dimen name="layout_y_789">1057.0px</dimen>
<dimen name="layout_y_790">1058.0px</dimen>
<dimen name="layout_y_791">1059.0px</dimen>
<dimen name="layout_y_792">1061.0px</dimen>
<dimen name="layout_y_793">1062.0px</dimen>
<dimen name="layout_y_794">1063.0px</dimen>
<dimen name="layout_y_795">1065.0px</dimen>
<dimen name="layout_y_796">1066.0px</dimen>
<dimen name="layout_y_797">1067.0px</dimen>
<dimen name="layout_y_798">1069.0px</dimen>
<dimen name="layout_y_799">1070.0px</dimen>
<dimen name="layout_y_800">960px</dimen>
</resources>