<?xml version="1.0" encoding="utf-8"?>
<resources><dimen name="layout_y_0">0.0px</dimen>
<dimen name="layout_y_1">1.0px</dimen>
<dimen name="layout_y_2">3.0px</dimen>
<dimen name="layout_y_3">4.0px</dimen>
<dimen name="layout_y_4">6.0px</dimen>
<dimen name="layout_y_5">8.0px</dimen>
<dimen name="layout_y_6">9.0px</dimen>
<dimen name="layout_y_7">11.0px</dimen>
<dimen name="layout_y_8">13.0px</dimen>
<dimen name="layout_y_9">14.0px</dimen>
<dimen name="layout_y_10">16.0px</dimen>
<dimen name="layout_y_11">18.0px</dimen>
<dimen name="layout_y_12">19.0px</dimen>
<dimen name="layout_y_13">21.0px</dimen>
<dimen name="layout_y_14">23.0px</dimen>
<dimen name="layout_y_15">24.0px</dimen>
<dimen name="layout_y_16">26.0px</dimen>
<dimen name="layout_y_17">28.0px</dimen>
<dimen name="layout_y_18">29.0px</dimen>
<dimen name="layout_y_19">31.0px</dimen>
<dimen name="layout_y_20">33.0px</dimen>
<dimen name="layout_y_21">34.0px</dimen>
<dimen name="layout_y_22">36.0px</dimen>
<dimen name="layout_y_23">38.0px</dimen>
<dimen name="layout_y_24">39.0px</dimen>
<dimen name="layout_y_25">41.0px</dimen>
<dimen name="layout_y_26">42.0px</dimen>
<dimen name="layout_y_27">44.0px</dimen>
<dimen name="layout_y_28">46.0px</dimen>
<dimen name="layout_y_29">47.0px</dimen>
<dimen name="layout_y_30">49.0px</dimen>
<dimen name="layout_y_31">51.0px</dimen>
<dimen name="layout_y_32">52.0px</dimen>
<dimen name="layout_y_33">54.0px</dimen>
<dimen name="layout_y_34">56.0px</dimen>
<dimen name="layout_y_35">57.0px</dimen>
<dimen name="layout_y_36">59.0px</dimen>
<dimen name="layout_y_37">61.0px</dimen>
<dimen name="layout_y_38">62.0px</dimen>
<dimen name="layout_y_39">64.0px</dimen>
<dimen name="layout_y_40">66.0px</dimen>
<dimen name="layout_y_41">67.0px</dimen>
<dimen name="layout_y_42">69.0px</dimen>
<dimen name="layout_y_43">71.0px</dimen>
<dimen name="layout_y_44">72.0px</dimen>
<dimen name="layout_y_45">74.0px</dimen>
<dimen name="layout_y_46">76.0px</dimen>
<dimen name="layout_y_47">77.0px</dimen>
<dimen name="layout_y_48">79.0px</dimen>
<dimen name="layout_y_49">80.0px</dimen>
<dimen name="layout_y_50">82.0px</dimen>
<dimen name="layout_y_51">84.0px</dimen>
<dimen name="layout_y_52">85.0px</dimen>
<dimen name="layout_y_53">87.0px</dimen>
<dimen name="layout_y_54">89.0px</dimen>
<dimen name="layout_y_55">90.0px</dimen>
<dimen name="layout_y_56">92.0px</dimen>
<dimen name="layout_y_57">94.0px</dimen>
<dimen name="layout_y_58">95.0px</dimen>
<dimen name="layout_y_59">97.0px</dimen>
<dimen name="layout_y_60">99.0px</dimen>
<dimen name="layout_y_61">100.0px</dimen>
<dimen name="layout_y_62">102.0px</dimen>
<dimen name="layout_y_63">104.0px</dimen>
<dimen name="layout_y_64">105.0px</dimen>
<dimen name="layout_y_65">107.0px</dimen>
<dimen name="layout_y_66">109.0px</dimen>
<dimen name="layout_y_67">110.0px</dimen>
<dimen name="layout_y_68">112.0px</dimen>
<dimen name="layout_y_69">114.0px</dimen>
<dimen name="layout_y_70">115.0px</dimen>
<dimen name="layout_y_71">117.0px</dimen>
<dimen name="layout_y_72">118.0px</dimen>
<dimen name="layout_y_73">120.0px</dimen>
<dimen name="layout_y_74">122.0px</dimen>
<dimen name="layout_y_75">123.0px</dimen>
<dimen name="layout_y_76">125.0px</dimen>
<dimen name="layout_y_77">127.0px</dimen>
<dimen name="layout_y_78">128.0px</dimen>
<dimen name="layout_y_79">130.0px</dimen>
<dimen name="layout_y_80">132.0px</dimen>
<dimen name="layout_y_81">133.0px</dimen>
<dimen name="layout_y_82">135.0px</dimen>
<dimen name="layout_y_83">137.0px</dimen>
<dimen name="layout_y_84">138.0px</dimen>
<dimen name="layout_y_85">140.0px</dimen>
<dimen name="layout_y_86">142.0px</dimen>
<dimen name="layout_y_87">143.0px</dimen>
<dimen name="layout_y_88">145.0px</dimen>
<dimen name="layout_y_89">147.0px</dimen>
<dimen name="layout_y_90">148.0px</dimen>
<dimen name="layout_y_91">150.0px</dimen>
<dimen name="layout_y_92">152.0px</dimen>
<dimen name="layout_y_93">153.0px</dimen>
<dimen name="layout_y_94">155.0px</dimen>
<dimen name="layout_y_95">157.0px</dimen>
<dimen name="layout_y_96">158.0px</dimen>
<dimen name="layout_y_97">160.0px</dimen>
<dimen name="layout_y_98">161.0px</dimen>
<dimen name="layout_y_99">163.0px</dimen>
<dimen name="layout_y_100">165.0px</dimen>
<dimen name="layout_y_101">166.0px</dimen>
<dimen name="layout_y_102">168.0px</dimen>
<dimen name="layout_y_103">170.0px</dimen>
<dimen name="layout_y_104">171.0px</dimen>
<dimen name="layout_y_105">173.0px</dimen>
<dimen name="layout_y_106">175.0px</dimen>
<dimen name="layout_y_107">176.0px</dimen>
<dimen name="layout_y_108">178.0px</dimen>
<dimen name="layout_y_109">180.0px</dimen>
<dimen name="layout_y_110">181.0px</dimen>
<dimen name="layout_y_111">183.0px</dimen>
<dimen name="layout_y_112">185.0px</dimen>
<dimen name="layout_y_113">186.0px</dimen>
<dimen name="layout_y_114">188.0px</dimen>
<dimen name="layout_y_115">190.0px</dimen>
<dimen name="layout_y_116">191.0px</dimen>
<dimen name="layout_y_117">193.0px</dimen>
<dimen name="layout_y_118">195.0px</dimen>
<dimen name="layout_y_119">196.0px</dimen>
<dimen name="layout_y_120">198.0px</dimen>
<dimen name="layout_y_121">199.0px</dimen>
<dimen name="layout_y_122">201.0px</dimen>
<dimen name="layout_y_123">203.0px</dimen>
<dimen name="layout_y_124">204.0px</dimen>
<dimen name="layout_y_125">206.0px</dimen>
<dimen name="layout_y_126">208.0px</dimen>
<dimen name="layout_y_127">209.0px</dimen>
<dimen name="layout_y_128">211.0px</dimen>
<dimen name="layout_y_129">213.0px</dimen>
<dimen name="layout_y_130">214.0px</dimen>
<dimen name="layout_y_131">216.0px</dimen>
<dimen name="layout_y_132">218.0px</dimen>
<dimen name="layout_y_133">219.0px</dimen>
<dimen name="layout_y_134">221.0px</dimen>
<dimen name="layout_y_135">223.0px</dimen>
<dimen name="layout_y_136">224.0px</dimen>
<dimen name="layout_y_137">226.0px</dimen>
<dimen name="layout_y_138">228.0px</dimen>
<dimen name="layout_y_139">229.0px</dimen>
<dimen name="layout_y_140">231.0px</dimen>
<dimen name="layout_y_141">233.0px</dimen>
<dimen name="layout_y_142">234.0px</dimen>
<dimen name="layout_y_143">236.0px</dimen>
<dimen name="layout_y_144">237.0px</dimen>
<dimen name="layout_y_145">239.0px</dimen>
<dimen name="layout_y_146">241.0px</dimen>
<dimen name="layout_y_147">242.0px</dimen>
<dimen name="layout_y_148">244.0px</dimen>
<dimen name="layout_y_149">246.0px</dimen>
<dimen name="layout_y_150">247.0px</dimen>
<dimen name="layout_y_151">249.0px</dimen>
<dimen name="layout_y_152">251.0px</dimen>
<dimen name="layout_y_153">252.0px</dimen>
<dimen name="layout_y_154">254.0px</dimen>
<dimen name="layout_y_155">256.0px</dimen>
<dimen name="layout_y_156">257.0px</dimen>
<dimen name="layout_y_157">259.0px</dimen>
<dimen name="layout_y_158">261.0px</dimen>
<dimen name="layout_y_159">262.0px</dimen>
<dimen name="layout_y_160">264.0px</dimen>
<dimen name="layout_y_161">266.0px</dimen>
<dimen name="layout_y_162">267.0px</dimen>
<dimen name="layout_y_163">269.0px</dimen>
<dimen name="layout_y_164">271.0px</dimen>
<dimen name="layout_y_165">272.0px</dimen>
<dimen name="layout_y_166">274.0px</dimen>
<dimen name="layout_y_167">275.0px</dimen>
<dimen name="layout_y_168">277.0px</dimen>
<dimen name="layout_y_169">279.0px</dimen>
<dimen name="layout_y_170">280.0px</dimen>
<dimen name="layout_y_171">282.0px</dimen>
<dimen name="layout_y_172">284.0px</dimen>
<dimen name="layout_y_173">285.0px</dimen>
<dimen name="layout_y_174">287.0px</dimen>
<dimen name="layout_y_175">289.0px</dimen>
<dimen name="layout_y_176">290.0px</dimen>
<dimen name="layout_y_177">292.0px</dimen>
<dimen name="layout_y_178">294.0px</dimen>
<dimen name="layout_y_179">295.0px</dimen>
<dimen name="layout_y_180">297.0px</dimen>
<dimen name="layout_y_181">299.0px</dimen>
<dimen name="layout_y_182">300.0px</dimen>
<dimen name="layout_y_183">302.0px</dimen>
<dimen name="layout_y_184">304.0px</dimen>
<dimen name="layout_y_185">305.0px</dimen>
<dimen name="layout_y_186">307.0px</dimen>
<dimen name="layout_y_187">309.0px</dimen>
<dimen name="layout_y_188">310.0px</dimen>
<dimen name="layout_y_189">312.0px</dimen>
<dimen name="layout_y_190">314.0px</dimen>
<dimen name="layout_y_191">315.0px</dimen>
<dimen name="layout_y_192">317.0px</dimen>
<dimen name="layout_y_193">318.0px</dimen>
<dimen name="layout_y_194">320.0px</dimen>
<dimen name="layout_y_195">322.0px</dimen>
<dimen name="layout_y_196">323.0px</dimen>
<dimen name="layout_y_197">325.0px</dimen>
<dimen name="layout_y_198">327.0px</dimen>
<dimen name="layout_y_199">328.0px</dimen>
<dimen name="layout_y_200">330.0px</dimen>
<dimen name="layout_y_201">332.0px</dimen>
<dimen name="layout_y_202">333.0px</dimen>
<dimen name="layout_y_203">335.0px</dimen>
<dimen name="layout_y_204">337.0px</dimen>
<dimen name="layout_y_205">338.0px</dimen>
<dimen name="layout_y_206">340.0px</dimen>
<dimen name="layout_y_207">342.0px</dimen>
<dimen name="layout_y_208">343.0px</dimen>
<dimen name="layout_y_209">345.0px</dimen>
<dimen name="layout_y_210">347.0px</dimen>
<dimen name="layout_y_211">348.0px</dimen>
<dimen name="layout_y_212">350.0px</dimen>
<dimen name="layout_y_213">352.0px</dimen>
<dimen name="layout_y_214">353.0px</dimen>
<dimen name="layout_y_215">355.0px</dimen>
<dimen name="layout_y_216">356.0px</dimen>
<dimen name="layout_y_217">358.0px</dimen>
<dimen name="layout_y_218">360.0px</dimen>
<dimen name="layout_y_219">361.0px</dimen>
<dimen name="layout_y_220">363.0px</dimen>
<dimen name="layout_y_221">365.0px</dimen>
<dimen name="layout_y_222">366.0px</dimen>
<dimen name="layout_y_223">368.0px</dimen>
<dimen name="layout_y_224">370.0px</dimen>
<dimen name="layout_y_225">371.0px</dimen>
<dimen name="layout_y_226">373.0px</dimen>
<dimen name="layout_y_227">375.0px</dimen>
<dimen name="layout_y_228">376.0px</dimen>
<dimen name="layout_y_229">378.0px</dimen>
<dimen name="layout_y_230">380.0px</dimen>
<dimen name="layout_y_231">381.0px</dimen>
<dimen name="layout_y_232">383.0px</dimen>
<dimen name="layout_y_233">385.0px</dimen>
<dimen name="layout_y_234">386.0px</dimen>
<dimen name="layout_y_235">388.0px</dimen>
<dimen name="layout_y_236">390.0px</dimen>
<dimen name="layout_y_237">391.0px</dimen>
<dimen name="layout_y_238">393.0px</dimen>
<dimen name="layout_y_239">394.0px</dimen>
<dimen name="layout_y_240">396.0px</dimen>
<dimen name="layout_y_241">398.0px</dimen>
<dimen name="layout_y_242">399.0px</dimen>
<dimen name="layout_y_243">401.0px</dimen>
<dimen name="layout_y_244">403.0px</dimen>
<dimen name="layout_y_245">404.0px</dimen>
<dimen name="layout_y_246">406.0px</dimen>
<dimen name="layout_y_247">408.0px</dimen>
<dimen name="layout_y_248">409.0px</dimen>
<dimen name="layout_y_249">411.0px</dimen>
<dimen name="layout_y_250">413.0px</dimen>
<dimen name="layout_y_251">414.0px</dimen>
<dimen name="layout_y_252">416.0px</dimen>
<dimen name="layout_y_253">418.0px</dimen>
<dimen name="layout_y_254">419.0px</dimen>
<dimen name="layout_y_255">421.0px</dimen>
<dimen name="layout_y_256">423.0px</dimen>
<dimen name="layout_y_257">424.0px</dimen>
<dimen name="layout_y_258">426.0px</dimen>
<dimen name="layout_y_259">428.0px</dimen>
<dimen name="layout_y_260">429.0px</dimen>
<dimen name="layout_y_261">431.0px</dimen>
<dimen name="layout_y_262">432.0px</dimen>
<dimen name="layout_y_263">434.0px</dimen>
<dimen name="layout_y_264">436.0px</dimen>
<dimen name="layout_y_265">437.0px</dimen>
<dimen name="layout_y_266">439.0px</dimen>
<dimen name="layout_y_267">441.0px</dimen>
<dimen name="layout_y_268">442.0px</dimen>
<dimen name="layout_y_269">444.0px</dimen>
<dimen name="layout_y_270">446.0px</dimen>
<dimen name="layout_y_271">447.0px</dimen>
<dimen name="layout_y_272">449.0px</dimen>
<dimen name="layout_y_273">451.0px</dimen>
<dimen name="layout_y_274">452.0px</dimen>
<dimen name="layout_y_275">454.0px</dimen>
<dimen name="layout_y_276">456.0px</dimen>
<dimen name="layout_y_277">457.0px</dimen>
<dimen name="layout_y_278">459.0px</dimen>
<dimen name="layout_y_279">461.0px</dimen>
<dimen name="layout_y_280">462.0px</dimen>
<dimen name="layout_y_281">464.0px</dimen>
<dimen name="layout_y_282">466.0px</dimen>
<dimen name="layout_y_283">467.0px</dimen>
<dimen name="layout_y_284">469.0px</dimen>
<dimen name="layout_y_285">471.0px</dimen>
<dimen name="layout_y_286">472.0px</dimen>
<dimen name="layout_y_287">474.0px</dimen>
<dimen name="layout_y_288">475.0px</dimen>
<dimen name="layout_y_289">477.0px</dimen>
<dimen name="layout_y_290">479.0px</dimen>
<dimen name="layout_y_291">480.0px</dimen>
<dimen name="layout_y_292">482.0px</dimen>
<dimen name="layout_y_293">484.0px</dimen>
<dimen name="layout_y_294">485.0px</dimen>
<dimen name="layout_y_295">487.0px</dimen>
<dimen name="layout_y_296">489.0px</dimen>
<dimen name="layout_y_297">490.0px</dimen>
<dimen name="layout_y_298">492.0px</dimen>
<dimen name="layout_y_299">494.0px</dimen>
<dimen name="layout_y_300">495.0px</dimen>
<dimen name="layout_y_301">497.0px</dimen>
<dimen name="layout_y_302">499.0px</dimen>
<dimen name="layout_y_303">500.0px</dimen>
<dimen name="layout_y_304">502.0px</dimen>
<dimen name="layout_y_305">504.0px</dimen>
<dimen name="layout_y_306">505.0px</dimen>
<dimen name="layout_y_307">507.0px</dimen>
<dimen name="layout_y_308">509.0px</dimen>
<dimen name="layout_y_309">510.0px</dimen>
<dimen name="layout_y_310">512.0px</dimen>
<dimen name="layout_y_311">513.0px</dimen>
<dimen name="layout_y_312">515.0px</dimen>
<dimen name="layout_y_313">517.0px</dimen>
<dimen name="layout_y_314">518.0px</dimen>
<dimen name="layout_y_315">520.0px</dimen>
<dimen name="layout_y_316">522.0px</dimen>
<dimen name="layout_y_317">523.0px</dimen>
<dimen name="layout_y_318">525.0px</dimen>
<dimen name="layout_y_319">527.0px</dimen>
<dimen name="layout_y_320">528.0px</dimen>
<dimen name="layout_y_321">530.0px</dimen>
<dimen name="layout_y_322">532.0px</dimen>
<dimen name="layout_y_323">533.0px</dimen>
<dimen name="layout_y_324">535.0px</dimen>
<dimen name="layout_y_325">537.0px</dimen>
<dimen name="layout_y_326">538.0px</dimen>
<dimen name="layout_y_327">540.0px</dimen>
<dimen name="layout_y_328">542.0px</dimen>
<dimen name="layout_y_329">543.0px</dimen>
<dimen name="layout_y_330">545.0px</dimen>
<dimen name="layout_y_331">547.0px</dimen>
<dimen name="layout_y_332">548.0px</dimen>
<dimen name="layout_y_333">550.0px</dimen>
<dimen name="layout_y_334">551.0px</dimen>
<dimen name="layout_y_335">553.0px</dimen>
<dimen name="layout_y_336">555.0px</dimen>
<dimen name="layout_y_337">556.0px</dimen>
<dimen name="layout_y_338">558.0px</dimen>
<dimen name="layout_y_339">560.0px</dimen>
<dimen name="layout_y_340">561.0px</dimen>
<dimen name="layout_y_341">563.0px</dimen>
<dimen name="layout_y_342">565.0px</dimen>
<dimen name="layout_y_343">566.0px</dimen>
<dimen name="layout_y_344">568.0px</dimen>
<dimen name="layout_y_345">570.0px</dimen>
<dimen name="layout_y_346">571.0px</dimen>
<dimen name="layout_y_347">573.0px</dimen>
<dimen name="layout_y_348">575.0px</dimen>
<dimen name="layout_y_349">576.0px</dimen>
<dimen name="layout_y_350">578.0px</dimen>
<dimen name="layout_y_351">580.0px</dimen>
<dimen name="layout_y_352">581.0px</dimen>
<dimen name="layout_y_353">583.0px</dimen>
<dimen name="layout_y_354">585.0px</dimen>
<dimen name="layout_y_355">586.0px</dimen>
<dimen name="layout_y_356">588.0px</dimen>
<dimen name="layout_y_357">590.0px</dimen>
<dimen name="layout_y_358">591.0px</dimen>
<dimen name="layout_y_359">593.0px</dimen>
<dimen name="layout_y_360">594.0px</dimen>
<dimen name="layout_y_361">596.0px</dimen>
<dimen name="layout_y_362">598.0px</dimen>
<dimen name="layout_y_363">599.0px</dimen>
<dimen name="layout_y_364">601.0px</dimen>
<dimen name="layout_y_365">603.0px</dimen>
<dimen name="layout_y_366">604.0px</dimen>
<dimen name="layout_y_367">606.0px</dimen>
<dimen name="layout_y_368">608.0px</dimen>
<dimen name="layout_y_369">609.0px</dimen>
<dimen name="layout_y_370">611.0px</dimen>
<dimen name="layout_y_371">613.0px</dimen>
<dimen name="layout_y_372">614.0px</dimen>
<dimen name="layout_y_373">616.0px</dimen>
<dimen name="layout_y_374">618.0px</dimen>
<dimen name="layout_y_375">619.0px</dimen>
<dimen name="layout_y_376">621.0px</dimen>
<dimen name="layout_y_377">623.0px</dimen>
<dimen name="layout_y_378">624.0px</dimen>
<dimen name="layout_y_379">626.0px</dimen>
<dimen name="layout_y_380">628.0px</dimen>
<dimen name="layout_y_381">629.0px</dimen>
<dimen name="layout_y_382">631.0px</dimen>
<dimen name="layout_y_383">632.0px</dimen>
<dimen name="layout_y_384">634.0px</dimen>
<dimen name="layout_y_385">636.0px</dimen>
<dimen name="layout_y_386">637.0px</dimen>
<dimen name="layout_y_387">639.0px</dimen>
<dimen name="layout_y_388">641.0px</dimen>
<dimen name="layout_y_389">642.0px</dimen>
<dimen name="layout_y_390">644.0px</dimen>
<dimen name="layout_y_391">646.0px</dimen>
<dimen name="layout_y_392">647.0px</dimen>
<dimen name="layout_y_393">649.0px</dimen>
<dimen name="layout_y_394">651.0px</dimen>
<dimen name="layout_y_395">652.0px</dimen>
<dimen name="layout_y_396">654.0px</dimen>
<dimen name="layout_y_397">656.0px</dimen>
<dimen name="layout_y_398">657.0px</dimen>
<dimen name="layout_y_399">659.0px</dimen>
<dimen name="layout_y_400">661.0px</dimen>
<dimen name="layout_y_401">662.0px</dimen>
<dimen name="layout_y_402">664.0px</dimen>
<dimen name="layout_y_403">666.0px</dimen>
<dimen name="layout_y_404">667.0px</dimen>
<dimen name="layout_y_405">669.0px</dimen>
<dimen name="layout_y_406">670.0px</dimen>
<dimen name="layout_y_407">672.0px</dimen>
<dimen name="layout_y_408">674.0px</dimen>
<dimen name="layout_y_409">675.0px</dimen>
<dimen name="layout_y_410">677.0px</dimen>
<dimen name="layout_y_411">679.0px</dimen>
<dimen name="layout_y_412">680.0px</dimen>
<dimen name="layout_y_413">682.0px</dimen>
<dimen name="layout_y_414">684.0px</dimen>
<dimen name="layout_y_415">685.0px</dimen>
<dimen name="layout_y_416">687.0px</dimen>
<dimen name="layout_y_417">689.0px</dimen>
<dimen name="layout_y_418">690.0px</dimen>
<dimen name="layout_y_419">692.0px</dimen>
<dimen name="layout_y_420">694.0px</dimen>
<dimen name="layout_y_421">695.0px</dimen>
<dimen name="layout_y_422">697.0px</dimen>
<dimen name="layout_y_423">699.0px</dimen>
<dimen name="layout_y_424">700.0px</dimen>
<dimen name="layout_y_425">702.0px</dimen>
<dimen name="layout_y_426">704.0px</dimen>
<dimen name="layout_y_427">705.0px</dimen>
<dimen name="layout_y_428">707.0px</dimen>
<dimen name="layout_y_429">708.0px</dimen>
<dimen name="layout_y_430">710.0px</dimen>
<dimen name="layout_y_431">712.0px</dimen>
<dimen name="layout_y_432">713.0px</dimen>
<dimen name="layout_y_433">715.0px</dimen>
<dimen name="layout_y_434">717.0px</dimen>
<dimen name="layout_y_435">718.0px</dimen>
<dimen name="layout_y_436">720.0px</dimen>
<dimen name="layout_y_437">722.0px</dimen>
<dimen name="layout_y_438">723.0px</dimen>
<dimen name="layout_y_439">725.0px</dimen>
<dimen name="layout_y_440">727.0px</dimen>
<dimen name="layout_y_441">728.0px</dimen>
<dimen name="layout_y_442">730.0px</dimen>
<dimen name="layout_y_443">732.0px</dimen>
<dimen name="layout_y_444">733.0px</dimen>
<dimen name="layout_y_445">735.0px</dimen>
<dimen name="layout_y_446">737.0px</dimen>
<dimen name="layout_y_447">738.0px</dimen>
<dimen name="layout_y_448">740.0px</dimen>
<dimen name="layout_y_449">742.0px</dimen>
<dimen name="layout_y_450">743.0px</dimen>
<dimen name="layout_y_451">745.0px</dimen>
<dimen name="layout_y_452">747.0px</dimen>
<dimen name="layout_y_453">748.0px</dimen>
<dimen name="layout_y_454">750.0px</dimen>
<dimen name="layout_y_455">751.0px</dimen>
<dimen name="layout_y_456">753.0px</dimen>
<dimen name="layout_y_457">755.0px</dimen>
<dimen name="layout_y_458">756.0px</dimen>
<dimen name="layout_y_459">758.0px</dimen>
<dimen name="layout_y_460">760.0px</dimen>
<dimen name="layout_y_461">761.0px</dimen>
<dimen name="layout_y_462">763.0px</dimen>
<dimen name="layout_y_463">765.0px</dimen>
<dimen name="layout_y_464">766.0px</dimen>
<dimen name="layout_y_465">768.0px</dimen>
<dimen name="layout_y_466">770.0px</dimen>
<dimen name="layout_y_467">771.0px</dimen>
<dimen name="layout_y_468">773.0px</dimen>
<dimen name="layout_y_469">775.0px</dimen>
<dimen name="layout_y_470">776.0px</dimen>
<dimen name="layout_y_471">778.0px</dimen>
<dimen name="layout_y_472">780.0px</dimen>
<dimen name="layout_y_473">781.0px</dimen>
<dimen name="layout_y_474">783.0px</dimen>
<dimen name="layout_y_475">785.0px</dimen>
<dimen name="layout_y_476">786.0px</dimen>
<dimen name="layout_y_477">788.0px</dimen>
<dimen name="layout_y_478">789.0px</dimen>
<dimen name="layout_y_479">791.0px</dimen>
<dimen name="layout_y_480">793.0px</dimen>
<dimen name="layout_y_481">794.0px</dimen>
<dimen name="layout_y_482">796.0px</dimen>
<dimen name="layout_y_483">798.0px</dimen>
<dimen name="layout_y_484">799.0px</dimen>
<dimen name="layout_y_485">801.0px</dimen>
<dimen name="layout_y_486">803.0px</dimen>
<dimen name="layout_y_487">804.0px</dimen>
<dimen name="layout_y_488">806.0px</dimen>
<dimen name="layout_y_489">808.0px</dimen>
<dimen name="layout_y_490">809.0px</dimen>
<dimen name="layout_y_491">811.0px</dimen>
<dimen name="layout_y_492">813.0px</dimen>
<dimen name="layout_y_493">814.0px</dimen>
<dimen name="layout_y_494">816.0px</dimen>
<dimen name="layout_y_495">818.0px</dimen>
<dimen name="layout_y_496">819.0px</dimen>
<dimen name="layout_y_497">821.0px</dimen>
<dimen name="layout_y_498">823.0px</dimen>
<dimen name="layout_y_499">824.0px</dimen>
<dimen name="layout_y_500">826.0px</dimen>
<dimen name="layout_y_501">827.0px</dimen>
<dimen name="layout_y_502">829.0px</dimen>
<dimen name="layout_y_503">831.0px</dimen>
<dimen name="layout_y_504">832.0px</dimen>
<dimen name="layout_y_505">834.0px</dimen>
<dimen name="layout_y_506">836.0px</dimen>
<dimen name="layout_y_507">837.0px</dimen>
<dimen name="layout_y_508">839.0px</dimen>
<dimen name="layout_y_509">841.0px</dimen>
<dimen name="layout_y_510">842.0px</dimen>
<dimen name="layout_y_511">844.0px</dimen>
<dimen name="layout_y_512">846.0px</dimen>
<dimen name="layout_y_513">847.0px</dimen>
<dimen name="layout_y_514">849.0px</dimen>
<dimen name="layout_y_515">851.0px</dimen>
<dimen name="layout_y_516">852.0px</dimen>
<dimen name="layout_y_517">854.0px</dimen>
<dimen name="layout_y_518">856.0px</dimen>
<dimen name="layout_y_519">857.0px</dimen>
<dimen name="layout_y_520">859.0px</dimen>
<dimen name="layout_y_521">861.0px</dimen>
<dimen name="layout_y_522">862.0px</dimen>
<dimen name="layout_y_523">864.0px</dimen>
<dimen name="layout_y_524">865.0px</dimen>
<dimen name="layout_y_525">867.0px</dimen>
<dimen name="layout_y_526">869.0px</dimen>
<dimen name="layout_y_527">870.0px</dimen>
<dimen name="layout_y_528">872.0px</dimen>
<dimen name="layout_y_529">874.0px</dimen>
<dimen name="layout_y_530">875.0px</dimen>
<dimen name="layout_y_531">877.0px</dimen>
<dimen name="layout_y_532">879.0px</dimen>
<dimen name="layout_y_533">880.0px</dimen>
<dimen name="layout_y_534">882.0px</dimen>
<dimen name="layout_y_535">884.0px</dimen>
<dimen name="layout_y_536">885.0px</dimen>
<dimen name="layout_y_537">887.0px</dimen>
<dimen name="layout_y_538">889.0px</dimen>
<dimen name="layout_y_539">890.0px</dimen>
<dimen name="layout_y_540">892.0px</dimen>
<dimen name="layout_y_541">894.0px</dimen>
<dimen name="layout_y_542">895.0px</dimen>
<dimen name="layout_y_543">897.0px</dimen>
<dimen name="layout_y_544">899.0px</dimen>
<dimen name="layout_y_545">900.0px</dimen>
<dimen name="layout_y_546">902.0px</dimen>
<dimen name="layout_y_547">904.0px</dimen>
<dimen name="layout_y_548">905.0px</dimen>
<dimen name="layout_y_549">907.0px</dimen>
<dimen name="layout_y_550">908.0px</dimen>
<dimen name="layout_y_551">910.0px</dimen>
<dimen name="layout_y_552">912.0px</dimen>
<dimen name="layout_y_553">913.0px</dimen>
<dimen name="layout_y_554">915.0px</dimen>
<dimen name="layout_y_555">917.0px</dimen>
<dimen name="layout_y_556">918.0px</dimen>
<dimen name="layout_y_557">920.0px</dimen>
<dimen name="layout_y_558">922.0px</dimen>
<dimen name="layout_y_559">923.0px</dimen>
<dimen name="layout_y_560">925.0px</dimen>
<dimen name="layout_y_561">927.0px</dimen>
<dimen name="layout_y_562">928.0px</dimen>
<dimen name="layout_y_563">930.0px</dimen>
<dimen name="layout_y_564">932.0px</dimen>
<dimen name="layout_y_565">933.0px</dimen>
<dimen name="layout_y_566">935.0px</dimen>
<dimen name="layout_y_567">937.0px</dimen>
<dimen name="layout_y_568">938.0px</dimen>
<dimen name="layout_y_569">940.0px</dimen>
<dimen name="layout_y_570">942.0px</dimen>
<dimen name="layout_y_571">943.0px</dimen>
<dimen name="layout_y_572">945.0px</dimen>
<dimen name="layout_y_573">946.0px</dimen>
<dimen name="layout_y_574">948.0px</dimen>
<dimen name="layout_y_575">950.0px</dimen>
<dimen name="layout_y_576">951.0px</dimen>
<dimen name="layout_y_577">953.0px</dimen>
<dimen name="layout_y_578">955.0px</dimen>
<dimen name="layout_y_579">956.0px</dimen>
<dimen name="layout_y_580">958.0px</dimen>
<dimen name="layout_y_581">960.0px</dimen>
<dimen name="layout_y_582">961.0px</dimen>
<dimen name="layout_y_583">963.0px</dimen>
<dimen name="layout_y_584">965.0px</dimen>
<dimen name="layout_y_585">966.0px</dimen>
<dimen name="layout_y_586">968.0px</dimen>
<dimen name="layout_y_587">970.0px</dimen>
<dimen name="layout_y_588">971.0px</dimen>
<dimen name="layout_y_589">973.0px</dimen>
<dimen name="layout_y_590">975.0px</dimen>
<dimen name="layout_y_591">976.0px</dimen>
<dimen name="layout_y_592">978.0px</dimen>
<dimen name="layout_y_593">980.0px</dimen>
<dimen name="layout_y_594">981.0px</dimen>
<dimen name="layout_y_595">983.0px</dimen>
<dimen name="layout_y_596">984.0px</dimen>
<dimen name="layout_y_597">986.0px</dimen>
<dimen name="layout_y_598">988.0px</dimen>
<dimen name="layout_y_599">989.0px</dimen>
<dimen name="layout_y_600">991.0px</dimen>
<dimen name="layout_y_601">993.0px</dimen>
<dimen name="layout_y_602">994.0px</dimen>
<dimen name="layout_y_603">996.0px</dimen>
<dimen name="layout_y_604">998.0px</dimen>
<dimen name="layout_y_605">999.0px</dimen>
<dimen name="layout_y_606">1001.0px</dimen>
<dimen name="layout_y_607">1003.0px</dimen>
<dimen name="layout_y_608">1004.0px</dimen>
<dimen name="layout_y_609">1006.0px</dimen>
<dimen name="layout_y_610">1008.0px</dimen>
<dimen name="layout_y_611">1009.0px</dimen>
<dimen name="layout_y_612">1011.0px</dimen>
<dimen name="layout_y_613">1013.0px</dimen>
<dimen name="layout_y_614">1014.0px</dimen>
<dimen name="layout_y_615">1016.0px</dimen>
<dimen name="layout_y_616">1018.0px</dimen>
<dimen name="layout_y_617">1019.0px</dimen>
<dimen name="layout_y_618">1021.0px</dimen>
<dimen name="layout_y_619">1023.0px</dimen>
<dimen name="layout_y_620">1024.0px</dimen>
<dimen name="layout_y_621">1026.0px</dimen>
<dimen name="layout_y_622">1027.0px</dimen>
<dimen name="layout_y_623">1029.0px</dimen>
<dimen name="layout_y_624">1031.0px</dimen>
<dimen name="layout_y_625">1032.0px</dimen>
<dimen name="layout_y_626">1034.0px</dimen>
<dimen name="layout_y_627">1036.0px</dimen>
<dimen name="layout_y_628">1037.0px</dimen>
<dimen name="layout_y_629">1039.0px</dimen>
<dimen name="layout_y_630">1041.0px</dimen>
<dimen name="layout_y_631">1042.0px</dimen>
<dimen name="layout_y_632">1044.0px</dimen>
<dimen name="layout_y_633">1046.0px</dimen>
<dimen name="layout_y_634">1047.0px</dimen>
<dimen name="layout_y_635">1049.0px</dimen>
<dimen name="layout_y_636">1051.0px</dimen>
<dimen name="layout_y_637">1052.0px</dimen>
<dimen name="layout_y_638">1054.0px</dimen>
<dimen name="layout_y_639">1056.0px</dimen>
<dimen name="layout_y_640">1057.0px</dimen>
<dimen name="layout_y_641">1059.0px</dimen>
<dimen name="layout_y_642">1061.0px</dimen>
<dimen name="layout_y_643">1062.0px</dimen>
<dimen name="layout_y_644">1064.0px</dimen>
<dimen name="layout_y_645">1065.0px</dimen>
<dimen name="layout_y_646">1067.0px</dimen>
<dimen name="layout_y_647">1069.0px</dimen>
<dimen name="layout_y_648">1070.0px</dimen>
<dimen name="layout_y_649">1072.0px</dimen>
<dimen name="layout_y_650">1074.0px</dimen>
<dimen name="layout_y_651">1075.0px</dimen>
<dimen name="layout_y_652">1077.0px</dimen>
<dimen name="layout_y_653">1079.0px</dimen>
<dimen name="layout_y_654">1080.0px</dimen>
<dimen name="layout_y_655">1082.0px</dimen>
<dimen name="layout_y_656">1084.0px</dimen>
<dimen name="layout_y_657">1085.0px</dimen>
<dimen name="layout_y_658">1087.0px</dimen>
<dimen name="layout_y_659">1089.0px</dimen>
<dimen name="layout_y_660">1090.0px</dimen>
<dimen name="layout_y_661">1092.0px</dimen>
<dimen name="layout_y_662">1094.0px</dimen>
<dimen name="layout_y_663">1095.0px</dimen>
<dimen name="layout_y_664">1097.0px</dimen>
<dimen name="layout_y_665">1099.0px</dimen>
<dimen name="layout_y_666">1100.0px</dimen>
<dimen name="layout_y_667">1102.0px</dimen>
<dimen name="layout_y_668">1103.0px</dimen>
<dimen name="layout_y_669">1105.0px</dimen>
<dimen name="layout_y_670">1107.0px</dimen>
<dimen name="layout_y_671">1108.0px</dimen>
<dimen name="layout_y_672">1110.0px</dimen>
<dimen name="layout_y_673">1112.0px</dimen>
<dimen name="layout_y_674">1113.0px</dimen>
<dimen name="layout_y_675">1115.0px</dimen>
<dimen name="layout_y_676">1117.0px</dimen>
<dimen name="layout_y_677">1118.0px</dimen>
<dimen name="layout_y_678">1120.0px</dimen>
<dimen name="layout_y_679">1122.0px</dimen>
<dimen name="layout_y_680">1123.0px</dimen>
<dimen name="layout_y_681">1125.0px</dimen>
<dimen name="layout_y_682">1127.0px</dimen>
<dimen name="layout_y_683">1128.0px</dimen>
<dimen name="layout_y_684">1130.0px</dimen>
<dimen name="layout_y_685">1132.0px</dimen>
<dimen name="layout_y_686">1133.0px</dimen>
<dimen name="layout_y_687">1135.0px</dimen>
<dimen name="layout_y_688">1137.0px</dimen>
<dimen name="layout_y_689">1138.0px</dimen>
<dimen name="layout_y_690">1140.0px</dimen>
<dimen name="layout_y_691">1141.0px</dimen>
<dimen name="layout_y_692">1143.0px</dimen>
<dimen name="layout_y_693">1145.0px</dimen>
<dimen name="layout_y_694">1146.0px</dimen>
<dimen name="layout_y_695">1148.0px</dimen>
<dimen name="layout_y_696">1150.0px</dimen>
<dimen name="layout_y_697">1151.0px</dimen>
<dimen name="layout_y_698">1153.0px</dimen>
<dimen name="layout_y_699">1155.0px</dimen>
<dimen name="layout_y_700">1156.0px</dimen>
<dimen name="layout_y_701">1158.0px</dimen>
<dimen name="layout_y_702">1160.0px</dimen>
<dimen name="layout_y_703">1161.0px</dimen>
<dimen name="layout_y_704">1163.0px</dimen>
<dimen name="layout_y_705">1165.0px</dimen>
<dimen name="layout_y_706">1166.0px</dimen>
<dimen name="layout_y_707">1168.0px</dimen>
<dimen name="layout_y_708">1170.0px</dimen>
<dimen name="layout_y_709">1171.0px</dimen>
<dimen name="layout_y_710">1173.0px</dimen>
<dimen name="layout_y_711">1175.0px</dimen>
<dimen name="layout_y_712">1176.0px</dimen>
<dimen name="layout_y_713">1178.0px</dimen>
<dimen name="layout_y_714">1180.0px</dimen>
<dimen name="layout_y_715">1181.0px</dimen>
<dimen name="layout_y_716">1183.0px</dimen>
<dimen name="layout_y_717">1184.0px</dimen>
<dimen name="layout_y_718">1186.0px</dimen>
<dimen name="layout_y_719">1188.0px</dimen>
<dimen name="layout_y_720">1189.0px</dimen>
<dimen name="layout_y_721">1191.0px</dimen>
<dimen name="layout_y_722">1193.0px</dimen>
<dimen name="layout_y_723">1194.0px</dimen>
<dimen name="layout_y_724">1196.0px</dimen>
<dimen name="layout_y_725">1198.0px</dimen>
<dimen name="layout_y_726">1199.0px</dimen>
<dimen name="layout_y_727">1201.0px</dimen>
<dimen name="layout_y_728">1203.0px</dimen>
<dimen name="layout_y_729">1204.0px</dimen>
<dimen name="layout_y_730">1206.0px</dimen>
<dimen name="layout_y_731">1208.0px</dimen>
<dimen name="layout_y_732">1209.0px</dimen>
<dimen name="layout_y_733">1211.0px</dimen>
<dimen name="layout_y_734">1213.0px</dimen>
<dimen name="layout_y_735">1214.0px</dimen>
<dimen name="layout_y_736">1216.0px</dimen>
<dimen name="layout_y_737">1218.0px</dimen>
<dimen name="layout_y_738">1219.0px</dimen>
<dimen name="layout_y_739">1221.0px</dimen>
<dimen name="layout_y_740">1222.0px</dimen>
<dimen name="layout_y_741">1224.0px</dimen>
<dimen name="layout_y_742">1226.0px</dimen>
<dimen name="layout_y_743">1227.0px</dimen>
<dimen name="layout_y_744">1229.0px</dimen>
<dimen name="layout_y_745">1231.0px</dimen>
<dimen name="layout_y_746">1232.0px</dimen>
<dimen name="layout_y_747">1234.0px</dimen>
<dimen name="layout_y_748">1236.0px</dimen>
<dimen name="layout_y_749">1237.0px</dimen>
<dimen name="layout_y_750">1239.0px</dimen>
<dimen name="layout_y_751">1241.0px</dimen>
<dimen name="layout_y_752">1242.0px</dimen>
<dimen name="layout_y_753">1244.0px</dimen>
<dimen name="layout_y_754">1246.0px</dimen>
<dimen name="layout_y_755">1247.0px</dimen>
<dimen name="layout_y_756">1249.0px</dimen>
<dimen name="layout_y_757">1251.0px</dimen>
<dimen name="layout_y_758">1252.0px</dimen>
<dimen name="layout_y_759">1254.0px</dimen>
<dimen name="layout_y_760">1256.0px</dimen>
<dimen name="layout_y_761">1257.0px</dimen>
<dimen name="layout_y_762">1259.0px</dimen>
<dimen name="layout_y_763">1260.0px</dimen>
<dimen name="layout_y_764">1262.0px</dimen>
<dimen name="layout_y_765">1264.0px</dimen>
<dimen name="layout_y_766">1265.0px</dimen>
<dimen name="layout_y_767">1267.0px</dimen>
<dimen name="layout_y_768">1269.0px</dimen>
<dimen name="layout_y_769">1270.0px</dimen>
<dimen name="layout_y_770">1272.0px</dimen>
<dimen name="layout_y_771">1274.0px</dimen>
<dimen name="layout_y_772">1275.0px</dimen>
<dimen name="layout_y_773">1277.0px</dimen>
<dimen name="layout_y_774">1279.0px</dimen>
<dimen name="layout_y_775">1280.0px</dimen>
<dimen name="layout_y_776">1282.0px</dimen>
<dimen name="layout_y_777">1284.0px</dimen>
<dimen name="layout_y_778">1285.0px</dimen>
<dimen name="layout_y_779">1287.0px</dimen>
<dimen name="layout_y_780">1289.0px</dimen>
<dimen name="layout_y_781">1290.0px</dimen>
<dimen name="layout_y_782">1292.0px</dimen>
<dimen name="layout_y_783">1294.0px</dimen>
<dimen name="layout_y_784">1295.0px</dimen>
<dimen name="layout_y_785">1297.0px</dimen>
<dimen name="layout_y_786">1298.0px</dimen>
<dimen name="layout_y_787">1300.0px</dimen>
<dimen name="layout_y_788">1302.0px</dimen>
<dimen name="layout_y_789">1303.0px</dimen>
<dimen name="layout_y_790">1305.0px</dimen>
<dimen name="layout_y_791">1307.0px</dimen>
<dimen name="layout_y_792">1308.0px</dimen>
<dimen name="layout_y_793">1310.0px</dimen>
<dimen name="layout_y_794">1312.0px</dimen>
<dimen name="layout_y_795">1313.0px</dimen>
<dimen name="layout_y_796">1315.0px</dimen>
<dimen name="layout_y_797">1317.0px</dimen>
<dimen name="layout_y_798">1318.0px</dimen>
<dimen name="layout_y_799">1320.0px</dimen>
<dimen name="layout_y_800">1184px</dimen>
</resources>