<?xml version="1.0" encoding="utf-8"?>
<resources><dimen name="layout_x_0">0.0px</dimen>
<dimen name="layout_x_1">1.0px</dimen>
<dimen name="layout_x_2">3.0px</dimen>
<dimen name="layout_x_3">4.0px</dimen>
<dimen name="layout_x_4">6.0px</dimen>
<dimen name="layout_x_5">7.0px</dimen>
<dimen name="layout_x_6">9.0px</dimen>
<dimen name="layout_x_7">10.0px</dimen>
<dimen name="layout_x_8">12.0px</dimen>
<dimen name="layout_x_9">13.0px</dimen>
<dimen name="layout_x_10">15.0px</dimen>
<dimen name="layout_x_11">16.0px</dimen>
<dimen name="layout_x_12">18.0px</dimen>
<dimen name="layout_x_13">19.0px</dimen>
<dimen name="layout_x_14">21.0px</dimen>
<dimen name="layout_x_15">22.0px</dimen>
<dimen name="layout_x_16">24.0px</dimen>
<dimen name="layout_x_17">25.0px</dimen>
<dimen name="layout_x_18">27.0px</dimen>
<dimen name="layout_x_19">28.0px</dimen>
<dimen name="layout_x_20">30.0px</dimen>
<dimen name="layout_x_21">31.0px</dimen>
<dimen name="layout_x_22">33.0px</dimen>
<dimen name="layout_x_23">34.0px</dimen>
<dimen name="layout_x_24">36.0px</dimen>
<dimen name="layout_x_25">37.0px</dimen>
<dimen name="layout_x_26">39.0px</dimen>
<dimen name="layout_x_27">40.0px</dimen>
<dimen name="layout_x_28">42.0px</dimen>
<dimen name="layout_x_29">43.0px</dimen>
<dimen name="layout_x_30">45.0px</dimen>
<dimen name="layout_x_31">46.0px</dimen>
<dimen name="layout_x_32">48.0px</dimen>
<dimen name="layout_x_33">49.0px</dimen>
<dimen name="layout_x_34">51.0px</dimen>
<dimen name="layout_x_35">52.0px</dimen>
<dimen name="layout_x_36">54.0px</dimen>
<dimen name="layout_x_37">55.0px</dimen>
<dimen name="layout_x_38">57.0px</dimen>
<dimen name="layout_x_39">58.0px</dimen>
<dimen name="layout_x_40">60.0px</dimen>
<dimen name="layout_x_41">61.0px</dimen>
<dimen name="layout_x_42">63.0px</dimen>
<dimen name="layout_x_43">64.0px</dimen>
<dimen name="layout_x_44">66.0px</dimen>
<dimen name="layout_x_45">67.0px</dimen>
<dimen name="layout_x_46">69.0px</dimen>
<dimen name="layout_x_47">70.0px</dimen>
<dimen name="layout_x_48">72.0px</dimen>
<dimen name="layout_x_49">73.0px</dimen>
<dimen name="layout_x_50">75.0px</dimen>
<dimen name="layout_x_51">76.0px</dimen>
<dimen name="layout_x_52">78.0px</dimen>
<dimen name="layout_x_53">79.0px</dimen>
<dimen name="layout_x_54">81.0px</dimen>
<dimen name="layout_x_55">82.0px</dimen>
<dimen name="layout_x_56">84.0px</dimen>
<dimen name="layout_x_57">85.0px</dimen>
<dimen name="layout_x_58">87.0px</dimen>
<dimen name="layout_x_59">88.0px</dimen>
<dimen name="layout_x_60">90.0px</dimen>
<dimen name="layout_x_61">91.0px</dimen>
<dimen name="layout_x_62">93.0px</dimen>
<dimen name="layout_x_63">94.0px</dimen>
<dimen name="layout_x_64">96.0px</dimen>
<dimen name="layout_x_65">97.0px</dimen>
<dimen name="layout_x_66">99.0px</dimen>
<dimen name="layout_x_67">101.0px</dimen>
<dimen name="layout_x_68">102.0px</dimen>
<dimen name="layout_x_69">104.0px</dimen>
<dimen name="layout_x_70">105.0px</dimen>
<dimen name="layout_x_71">107.0px</dimen>
<dimen name="layout_x_72">108.0px</dimen>
<dimen name="layout_x_73">110.0px</dimen>
<dimen name="layout_x_74">111.0px</dimen>
<dimen name="layout_x_75">113.0px</dimen>
<dimen name="layout_x_76">114.0px</dimen>
<dimen name="layout_x_77">116.0px</dimen>
<dimen name="layout_x_78">117.0px</dimen>
<dimen name="layout_x_79">119.0px</dimen>
<dimen name="layout_x_80">120.0px</dimen>
<dimen name="layout_x_81">122.0px</dimen>
<dimen name="layout_x_82">123.0px</dimen>
<dimen name="layout_x_83">125.0px</dimen>
<dimen name="layout_x_84">126.0px</dimen>
<dimen name="layout_x_85">128.0px</dimen>
<dimen name="layout_x_86">129.0px</dimen>
<dimen name="layout_x_87">131.0px</dimen>
<dimen name="layout_x_88">132.0px</dimen>
<dimen name="layout_x_89">134.0px</dimen>
<dimen name="layout_x_90">135.0px</dimen>
<dimen name="layout_x_91">137.0px</dimen>
<dimen name="layout_x_92">138.0px</dimen>
<dimen name="layout_x_93">140.0px</dimen>
<dimen name="layout_x_94">141.0px</dimen>
<dimen name="layout_x_95">143.0px</dimen>
<dimen name="layout_x_96">144.0px</dimen>
<dimen name="layout_x_97">146.0px</dimen>
<dimen name="layout_x_98">147.0px</dimen>
<dimen name="layout_x_99">149.0px</dimen>
<dimen name="layout_x_100">150.0px</dimen>
<dimen name="layout_x_101">152.0px</dimen>
<dimen name="layout_x_102">153.0px</dimen>
<dimen name="layout_x_103">155.0px</dimen>
<dimen name="layout_x_104">156.0px</dimen>
<dimen name="layout_x_105">158.0px</dimen>
<dimen name="layout_x_106">159.0px</dimen>
<dimen name="layout_x_107">161.0px</dimen>
<dimen name="layout_x_108">162.0px</dimen>
<dimen name="layout_x_109">164.0px</dimen>
<dimen name="layout_x_110">165.0px</dimen>
<dimen name="layout_x_111">167.0px</dimen>
<dimen name="layout_x_112">168.0px</dimen>
<dimen name="layout_x_113">170.0px</dimen>
<dimen name="layout_x_114">171.0px</dimen>
<dimen name="layout_x_115">173.0px</dimen>
<dimen name="layout_x_116">174.0px</dimen>
<dimen name="layout_x_117">176.0px</dimen>
<dimen name="layout_x_118">177.0px</dimen>
<dimen name="layout_x_119">179.0px</dimen>
<dimen name="layout_x_120">180.0px</dimen>
<dimen name="layout_x_121">182.0px</dimen>
<dimen name="layout_x_122">183.0px</dimen>
<dimen name="layout_x_123">185.0px</dimen>
<dimen name="layout_x_124">186.0px</dimen>
<dimen name="layout_x_125">188.0px</dimen>
<dimen name="layout_x_126">189.0px</dimen>
<dimen name="layout_x_127">191.0px</dimen>
<dimen name="layout_x_128">192.0px</dimen>
<dimen name="layout_x_129">194.0px</dimen>
<dimen name="layout_x_130">195.0px</dimen>
<dimen name="layout_x_131">197.0px</dimen>
<dimen name="layout_x_132">198.0px</dimen>
<dimen name="layout_x_133">200.0px</dimen>
<dimen name="layout_x_134">202.0px</dimen>
<dimen name="layout_x_135">203.0px</dimen>
<dimen name="layout_x_136">205.0px</dimen>
<dimen name="layout_x_137">206.0px</dimen>
<dimen name="layout_x_138">208.0px</dimen>
<dimen name="layout_x_139">209.0px</dimen>
<dimen name="layout_x_140">211.0px</dimen>
<dimen name="layout_x_141">212.0px</dimen>
<dimen name="layout_x_142">214.0px</dimen>
<dimen name="layout_x_143">215.0px</dimen>
<dimen name="layout_x_144">217.0px</dimen>
<dimen name="layout_x_145">218.0px</dimen>
<dimen name="layout_x_146">220.0px</dimen>
<dimen name="layout_x_147">221.0px</dimen>
<dimen name="layout_x_148">223.0px</dimen>
<dimen name="layout_x_149">224.0px</dimen>
<dimen name="layout_x_150">226.0px</dimen>
<dimen name="layout_x_151">227.0px</dimen>
<dimen name="layout_x_152">229.0px</dimen>
<dimen name="layout_x_153">230.0px</dimen>
<dimen name="layout_x_154">232.0px</dimen>
<dimen name="layout_x_155">233.0px</dimen>
<dimen name="layout_x_156">235.0px</dimen>
<dimen name="layout_x_157">236.0px</dimen>
<dimen name="layout_x_158">238.0px</dimen>
<dimen name="layout_x_159">239.0px</dimen>
<dimen name="layout_x_160">241.0px</dimen>
<dimen name="layout_x_161">242.0px</dimen>
<dimen name="layout_x_162">244.0px</dimen>
<dimen name="layout_x_163">245.0px</dimen>
<dimen name="layout_x_164">247.0px</dimen>
<dimen name="layout_x_165">248.0px</dimen>
<dimen name="layout_x_166">250.0px</dimen>
<dimen name="layout_x_167">251.0px</dimen>
<dimen name="layout_x_168">253.0px</dimen>
<dimen name="layout_x_169">254.0px</dimen>
<dimen name="layout_x_170">256.0px</dimen>
<dimen name="layout_x_171">257.0px</dimen>
<dimen name="layout_x_172">259.0px</dimen>
<dimen name="layout_x_173">260.0px</dimen>
<dimen name="layout_x_174">262.0px</dimen>
<dimen name="layout_x_175">263.0px</dimen>
<dimen name="layout_x_176">265.0px</dimen>
<dimen name="layout_x_177">266.0px</dimen>
<dimen name="layout_x_178">268.0px</dimen>
<dimen name="layout_x_179">269.0px</dimen>
<dimen name="layout_x_180">271.0px</dimen>
<dimen name="layout_x_181">272.0px</dimen>
<dimen name="layout_x_182">274.0px</dimen>
<dimen name="layout_x_183">275.0px</dimen>
<dimen name="layout_x_184">277.0px</dimen>
<dimen name="layout_x_185">278.0px</dimen>
<dimen name="layout_x_186">280.0px</dimen>
<dimen name="layout_x_187">281.0px</dimen>
<dimen name="layout_x_188">283.0px</dimen>
<dimen name="layout_x_189">284.0px</dimen>
<dimen name="layout_x_190">286.0px</dimen>
<dimen name="layout_x_191">287.0px</dimen>
<dimen name="layout_x_192">289.0px</dimen>
<dimen name="layout_x_193">290.0px</dimen>
<dimen name="layout_x_194">292.0px</dimen>
<dimen name="layout_x_195">293.0px</dimen>
<dimen name="layout_x_196">295.0px</dimen>
<dimen name="layout_x_197">296.0px</dimen>
<dimen name="layout_x_198">298.0px</dimen>
<dimen name="layout_x_199">299.0px</dimen>
<dimen name="layout_x_200">301.0px</dimen>
<dimen name="layout_x_201">303.0px</dimen>
<dimen name="layout_x_202">304.0px</dimen>
<dimen name="layout_x_203">306.0px</dimen>
<dimen name="layout_x_204">307.0px</dimen>
<dimen name="layout_x_205">309.0px</dimen>
<dimen name="layout_x_206">310.0px</dimen>
<dimen name="layout_x_207">312.0px</dimen>
<dimen name="layout_x_208">313.0px</dimen>
<dimen name="layout_x_209">315.0px</dimen>
<dimen name="layout_x_210">316.0px</dimen>
<dimen name="layout_x_211">318.0px</dimen>
<dimen name="layout_x_212">319.0px</dimen>
<dimen name="layout_x_213">321.0px</dimen>
<dimen name="layout_x_214">322.0px</dimen>
<dimen name="layout_x_215">324.0px</dimen>
<dimen name="layout_x_216">325.0px</dimen>
<dimen name="layout_x_217">327.0px</dimen>
<dimen name="layout_x_218">328.0px</dimen>
<dimen name="layout_x_219">330.0px</dimen>
<dimen name="layout_x_220">331.0px</dimen>
<dimen name="layout_x_221">333.0px</dimen>
<dimen name="layout_x_222">334.0px</dimen>
<dimen name="layout_x_223">336.0px</dimen>
<dimen name="layout_x_224">337.0px</dimen>
<dimen name="layout_x_225">339.0px</dimen>
<dimen name="layout_x_226">340.0px</dimen>
<dimen name="layout_x_227">342.0px</dimen>
<dimen name="layout_x_228">343.0px</dimen>
<dimen name="layout_x_229">345.0px</dimen>
<dimen name="layout_x_230">346.0px</dimen>
<dimen name="layout_x_231">348.0px</dimen>
<dimen name="layout_x_232">349.0px</dimen>
<dimen name="layout_x_233">351.0px</dimen>
<dimen name="layout_x_234">352.0px</dimen>
<dimen name="layout_x_235">354.0px</dimen>
<dimen name="layout_x_236">355.0px</dimen>
<dimen name="layout_x_237">357.0px</dimen>
<dimen name="layout_x_238">358.0px</dimen>
<dimen name="layout_x_239">360.0px</dimen>
<dimen name="layout_x_240">361.0px</dimen>
<dimen name="layout_x_241">363.0px</dimen>
<dimen name="layout_x_242">364.0px</dimen>
<dimen name="layout_x_243">366.0px</dimen>
<dimen name="layout_x_244">367.0px</dimen>
<dimen name="layout_x_245">369.0px</dimen>
<dimen name="layout_x_246">370.0px</dimen>
<dimen name="layout_x_247">372.0px</dimen>
<dimen name="layout_x_248">373.0px</dimen>
<dimen name="layout_x_249">375.0px</dimen>
<dimen name="layout_x_250">376.0px</dimen>
<dimen name="layout_x_251">378.0px</dimen>
<dimen name="layout_x_252">379.0px</dimen>
<dimen name="layout_x_253">381.0px</dimen>
<dimen name="layout_x_254">382.0px</dimen>
<dimen name="layout_x_255">384.0px</dimen>
<dimen name="layout_x_256">385.0px</dimen>
<dimen name="layout_x_257">387.0px</dimen>
<dimen name="layout_x_258">388.0px</dimen>
<dimen name="layout_x_259">390.0px</dimen>
<dimen name="layout_x_260">391.0px</dimen>
<dimen name="layout_x_261">393.0px</dimen>
<dimen name="layout_x_262">394.0px</dimen>
<dimen name="layout_x_263">396.0px</dimen>
<dimen name="layout_x_264">397.0px</dimen>
<dimen name="layout_x_265">399.0px</dimen>
<dimen name="layout_x_266">400.0px</dimen>
<dimen name="layout_x_267">402.0px</dimen>
<dimen name="layout_x_268">404.0px</dimen>
<dimen name="layout_x_269">405.0px</dimen>
<dimen name="layout_x_270">407.0px</dimen>
<dimen name="layout_x_271">408.0px</dimen>
<dimen name="layout_x_272">410.0px</dimen>
<dimen name="layout_x_273">411.0px</dimen>
<dimen name="layout_x_274">413.0px</dimen>
<dimen name="layout_x_275">414.0px</dimen>
<dimen name="layout_x_276">416.0px</dimen>
<dimen name="layout_x_277">417.0px</dimen>
<dimen name="layout_x_278">419.0px</dimen>
<dimen name="layout_x_279">420.0px</dimen>
<dimen name="layout_x_280">422.0px</dimen>
<dimen name="layout_x_281">423.0px</dimen>
<dimen name="layout_x_282">425.0px</dimen>
<dimen name="layout_x_283">426.0px</dimen>
<dimen name="layout_x_284">428.0px</dimen>
<dimen name="layout_x_285">429.0px</dimen>
<dimen name="layout_x_286">431.0px</dimen>
<dimen name="layout_x_287">432.0px</dimen>
<dimen name="layout_x_288">434.0px</dimen>
<dimen name="layout_x_289">435.0px</dimen>
<dimen name="layout_x_290">437.0px</dimen>
<dimen name="layout_x_291">438.0px</dimen>
<dimen name="layout_x_292">440.0px</dimen>
<dimen name="layout_x_293">441.0px</dimen>
<dimen name="layout_x_294">443.0px</dimen>
<dimen name="layout_x_295">444.0px</dimen>
<dimen name="layout_x_296">446.0px</dimen>
<dimen name="layout_x_297">447.0px</dimen>
<dimen name="layout_x_298">449.0px</dimen>
<dimen name="layout_x_299">450.0px</dimen>
<dimen name="layout_x_300">452.0px</dimen>
<dimen name="layout_x_301">453.0px</dimen>
<dimen name="layout_x_302">455.0px</dimen>
<dimen name="layout_x_303">456.0px</dimen>
<dimen name="layout_x_304">458.0px</dimen>
<dimen name="layout_x_305">459.0px</dimen>
<dimen name="layout_x_306">461.0px</dimen>
<dimen name="layout_x_307">462.0px</dimen>
<dimen name="layout_x_308">464.0px</dimen>
<dimen name="layout_x_309">465.0px</dimen>
<dimen name="layout_x_310">467.0px</dimen>
<dimen name="layout_x_311">468.0px</dimen>
<dimen name="layout_x_312">470.0px</dimen>
<dimen name="layout_x_313">471.0px</dimen>
<dimen name="layout_x_314">473.0px</dimen>
<dimen name="layout_x_315">474.0px</dimen>
<dimen name="layout_x_316">476.0px</dimen>
<dimen name="layout_x_317">477.0px</dimen>
<dimen name="layout_x_318">479.0px</dimen>
<dimen name="layout_x_319">480.0px</dimen>
<dimen name="layout_x_320">482.0px</dimen>
<dimen name="layout_x_321">483.0px</dimen>
<dimen name="layout_x_322">485.0px</dimen>
<dimen name="layout_x_323">486.0px</dimen>
<dimen name="layout_x_324">488.0px</dimen>
<dimen name="layout_x_325">489.0px</dimen>
<dimen name="layout_x_326">491.0px</dimen>
<dimen name="layout_x_327">492.0px</dimen>
<dimen name="layout_x_328">494.0px</dimen>
<dimen name="layout_x_329">495.0px</dimen>
<dimen name="layout_x_330">497.0px</dimen>
<dimen name="layout_x_331">498.0px</dimen>
<dimen name="layout_x_332">500.0px</dimen>
<dimen name="layout_x_333">501.0px</dimen>
<dimen name="layout_x_334">503.0px</dimen>
<dimen name="layout_x_335">505.0px</dimen>
<dimen name="layout_x_336">506.0px</dimen>
<dimen name="layout_x_337">508.0px</dimen>
<dimen name="layout_x_338">509.0px</dimen>
<dimen name="layout_x_339">511.0px</dimen>
<dimen name="layout_x_340">512.0px</dimen>
<dimen name="layout_x_341">514.0px</dimen>
<dimen name="layout_x_342">515.0px</dimen>
<dimen name="layout_x_343">517.0px</dimen>
<dimen name="layout_x_344">518.0px</dimen>
<dimen name="layout_x_345">520.0px</dimen>
<dimen name="layout_x_346">521.0px</dimen>
<dimen name="layout_x_347">523.0px</dimen>
<dimen name="layout_x_348">524.0px</dimen>
<dimen name="layout_x_349">526.0px</dimen>
<dimen name="layout_x_350">527.0px</dimen>
<dimen name="layout_x_351">529.0px</dimen>
<dimen name="layout_x_352">530.0px</dimen>
<dimen name="layout_x_353">532.0px</dimen>
<dimen name="layout_x_354">533.0px</dimen>
<dimen name="layout_x_355">535.0px</dimen>
<dimen name="layout_x_356">536.0px</dimen>
<dimen name="layout_x_357">538.0px</dimen>
<dimen name="layout_x_358">539.0px</dimen>
<dimen name="layout_x_359">541.0px</dimen>
<dimen name="layout_x_360">542.0px</dimen>
<dimen name="layout_x_361">544.0px</dimen>
<dimen name="layout_x_362">545.0px</dimen>
<dimen name="layout_x_363">547.0px</dimen>
<dimen name="layout_x_364">548.0px</dimen>
<dimen name="layout_x_365">550.0px</dimen>
<dimen name="layout_x_366">551.0px</dimen>
<dimen name="layout_x_367">553.0px</dimen>
<dimen name="layout_x_368">554.0px</dimen>
<dimen name="layout_x_369">556.0px</dimen>
<dimen name="layout_x_370">557.0px</dimen>
<dimen name="layout_x_371">559.0px</dimen>
<dimen name="layout_x_372">560.0px</dimen>
<dimen name="layout_x_373">562.0px</dimen>
<dimen name="layout_x_374">563.0px</dimen>
<dimen name="layout_x_375">565.0px</dimen>
<dimen name="layout_x_376">566.0px</dimen>
<dimen name="layout_x_377">568.0px</dimen>
<dimen name="layout_x_378">569.0px</dimen>
<dimen name="layout_x_379">571.0px</dimen>
<dimen name="layout_x_380">572.0px</dimen>
<dimen name="layout_x_381">574.0px</dimen>
<dimen name="layout_x_382">575.0px</dimen>
<dimen name="layout_x_383">577.0px</dimen>
<dimen name="layout_x_384">578.0px</dimen>
<dimen name="layout_x_385">580.0px</dimen>
<dimen name="layout_x_386">581.0px</dimen>
<dimen name="layout_x_387">583.0px</dimen>
<dimen name="layout_x_388">584.0px</dimen>
<dimen name="layout_x_389">586.0px</dimen>
<dimen name="layout_x_390">587.0px</dimen>
<dimen name="layout_x_391">589.0px</dimen>
<dimen name="layout_x_392">590.0px</dimen>
<dimen name="layout_x_393">592.0px</dimen>
<dimen name="layout_x_394">593.0px</dimen>
<dimen name="layout_x_395">595.0px</dimen>
<dimen name="layout_x_396">596.0px</dimen>
<dimen name="layout_x_397">598.0px</dimen>
<dimen name="layout_x_398">599.0px</dimen>
<dimen name="layout_x_399">601.0px</dimen>
<dimen name="layout_x_400">603.0px</dimen>
<dimen name="layout_x_401">604.0px</dimen>
<dimen name="layout_x_402">606.0px</dimen>
<dimen name="layout_x_403">607.0px</dimen>
<dimen name="layout_x_404">609.0px</dimen>
<dimen name="layout_x_405">610.0px</dimen>
<dimen name="layout_x_406">612.0px</dimen>
<dimen name="layout_x_407">613.0px</dimen>
<dimen name="layout_x_408">615.0px</dimen>
<dimen name="layout_x_409">616.0px</dimen>
<dimen name="layout_x_410">618.0px</dimen>
<dimen name="layout_x_411">619.0px</dimen>
<dimen name="layout_x_412">621.0px</dimen>
<dimen name="layout_x_413">622.0px</dimen>
<dimen name="layout_x_414">624.0px</dimen>
<dimen name="layout_x_415">625.0px</dimen>
<dimen name="layout_x_416">627.0px</dimen>
<dimen name="layout_x_417">628.0px</dimen>
<dimen name="layout_x_418">630.0px</dimen>
<dimen name="layout_x_419">631.0px</dimen>
<dimen name="layout_x_420">633.0px</dimen>
<dimen name="layout_x_421">634.0px</dimen>
<dimen name="layout_x_422">636.0px</dimen>
<dimen name="layout_x_423">637.0px</dimen>
<dimen name="layout_x_424">639.0px</dimen>
<dimen name="layout_x_425">640.0px</dimen>
<dimen name="layout_x_426">642.0px</dimen>
<dimen name="layout_x_427">643.0px</dimen>
<dimen name="layout_x_428">645.0px</dimen>
<dimen name="layout_x_429">646.0px</dimen>
<dimen name="layout_x_430">648.0px</dimen>
<dimen name="layout_x_431">649.0px</dimen>
<dimen name="layout_x_432">651.0px</dimen>
<dimen name="layout_x_433">652.0px</dimen>
<dimen name="layout_x_434">654.0px</dimen>
<dimen name="layout_x_435">655.0px</dimen>
<dimen name="layout_x_436">657.0px</dimen>
<dimen name="layout_x_437">658.0px</dimen>
<dimen name="layout_x_438">660.0px</dimen>
<dimen name="layout_x_439">661.0px</dimen>
<dimen name="layout_x_440">663.0px</dimen>
<dimen name="layout_x_441">664.0px</dimen>
<dimen name="layout_x_442">666.0px</dimen>
<dimen name="layout_x_443">667.0px</dimen>
<dimen name="layout_x_444">669.0px</dimen>
<dimen name="layout_x_445">670.0px</dimen>
<dimen name="layout_x_446">672.0px</dimen>
<dimen name="layout_x_447">673.0px</dimen>
<dimen name="layout_x_448">675.0px</dimen>
<dimen name="layout_x_449">676.0px</dimen>
<dimen name="layout_x_450">678.0px</dimen>
<dimen name="layout_x_451">679.0px</dimen>
<dimen name="layout_x_452">681.0px</dimen>
<dimen name="layout_x_453">682.0px</dimen>
<dimen name="layout_x_454">684.0px</dimen>
<dimen name="layout_x_455">685.0px</dimen>
<dimen name="layout_x_456">687.0px</dimen>
<dimen name="layout_x_457">688.0px</dimen>
<dimen name="layout_x_458">690.0px</dimen>
<dimen name="layout_x_459">691.0px</dimen>
<dimen name="layout_x_460">693.0px</dimen>
<dimen name="layout_x_461">694.0px</dimen>
<dimen name="layout_x_462">696.0px</dimen>
<dimen name="layout_x_463">697.0px</dimen>
<dimen name="layout_x_464">699.0px</dimen>
<dimen name="layout_x_465">700.0px</dimen>
<dimen name="layout_x_466">702.0px</dimen>
<dimen name="layout_x_467">704.0px</dimen>
<dimen name="layout_x_468">705.0px</dimen>
<dimen name="layout_x_469">707.0px</dimen>
<dimen name="layout_x_470">708.0px</dimen>
<dimen name="layout_x_471">710.0px</dimen>
<dimen name="layout_x_472">711.0px</dimen>
<dimen name="layout_x_473">713.0px</dimen>
<dimen name="layout_x_474">714.0px</dimen>
<dimen name="layout_x_475">716.0px</dimen>
<dimen name="layout_x_476">717.0px</dimen>
<dimen name="layout_x_477">719.0px</dimen>
<dimen name="layout_x_478">720.0px</dimen>
<dimen name="layout_x_479">722.0px</dimen>
<dimen name="layout_x_480">720px</dimen>
</resources>