<?xml version="1.0" encoding="utf-8"?>
<resources><dimen name="layout_x_0">0.0px</dimen>
<dimen name="layout_x_1">1.0px</dimen>
<dimen name="layout_x_2">3.0px</dimen>
<dimen name="layout_x_3">4.0px</dimen>
<dimen name="layout_x_4">6.0px</dimen>
<dimen name="layout_x_5">8.0px</dimen>
<dimen name="layout_x_6">9.0px</dimen>
<dimen name="layout_x_7">11.0px</dimen>
<dimen name="layout_x_8">12.0px</dimen>
<dimen name="layout_x_9">14.0px</dimen>
<dimen name="layout_x_10">16.0px</dimen>
<dimen name="layout_x_11">17.0px</dimen>
<dimen name="layout_x_12">19.0px</dimen>
<dimen name="layout_x_13">20.0px</dimen>
<dimen name="layout_x_14">22.0px</dimen>
<dimen name="layout_x_15">24.0px</dimen>
<dimen name="layout_x_16">25.0px</dimen>
<dimen name="layout_x_17">27.0px</dimen>
<dimen name="layout_x_18">28.0px</dimen>
<dimen name="layout_x_19">30.0px</dimen>
<dimen name="layout_x_20">32.0px</dimen>
<dimen name="layout_x_21">33.0px</dimen>
<dimen name="layout_x_22">35.0px</dimen>
<dimen name="layout_x_23">36.0px</dimen>
<dimen name="layout_x_24">38.0px</dimen>
<dimen name="layout_x_25">40.0px</dimen>
<dimen name="layout_x_26">41.0px</dimen>
<dimen name="layout_x_27">43.0px</dimen>
<dimen name="layout_x_28">45.0px</dimen>
<dimen name="layout_x_29">46.0px</dimen>
<dimen name="layout_x_30">48.0px</dimen>
<dimen name="layout_x_31">49.0px</dimen>
<dimen name="layout_x_32">51.0px</dimen>
<dimen name="layout_x_33">53.0px</dimen>
<dimen name="layout_x_34">54.0px</dimen>
<dimen name="layout_x_35">56.0px</dimen>
<dimen name="layout_x_36">57.0px</dimen>
<dimen name="layout_x_37">59.0px</dimen>
<dimen name="layout_x_38">61.0px</dimen>
<dimen name="layout_x_39">62.0px</dimen>
<dimen name="layout_x_40">64.0px</dimen>
<dimen name="layout_x_41">65.0px</dimen>
<dimen name="layout_x_42">67.0px</dimen>
<dimen name="layout_x_43">69.0px</dimen>
<dimen name="layout_x_44">70.0px</dimen>
<dimen name="layout_x_45">72.0px</dimen>
<dimen name="layout_x_46">73.0px</dimen>
<dimen name="layout_x_47">75.0px</dimen>
<dimen name="layout_x_48">77.0px</dimen>
<dimen name="layout_x_49">78.0px</dimen>
<dimen name="layout_x_50">80.0px</dimen>
<dimen name="layout_x_51">82.0px</dimen>
<dimen name="layout_x_52">83.0px</dimen>
<dimen name="layout_x_53">85.0px</dimen>
<dimen name="layout_x_54">86.0px</dimen>
<dimen name="layout_x_55">88.0px</dimen>
<dimen name="layout_x_56">90.0px</dimen>
<dimen name="layout_x_57">91.0px</dimen>
<dimen name="layout_x_58">93.0px</dimen>
<dimen name="layout_x_59">94.0px</dimen>
<dimen name="layout_x_60">96.0px</dimen>
<dimen name="layout_x_61">98.0px</dimen>
<dimen name="layout_x_62">99.0px</dimen>
<dimen name="layout_x_63">101.0px</dimen>
<dimen name="layout_x_64">102.0px</dimen>
<dimen name="layout_x_65">104.0px</dimen>
<dimen name="layout_x_66">106.0px</dimen>
<dimen name="layout_x_67">107.0px</dimen>
<dimen name="layout_x_68">109.0px</dimen>
<dimen name="layout_x_69">110.0px</dimen>
<dimen name="layout_x_70">112.0px</dimen>
<dimen name="layout_x_71">114.0px</dimen>
<dimen name="layout_x_72">115.0px</dimen>
<dimen name="layout_x_73">117.0px</dimen>
<dimen name="layout_x_74">118.0px</dimen>
<dimen name="layout_x_75">120.0px</dimen>
<dimen name="layout_x_76">122.0px</dimen>
<dimen name="layout_x_77">123.0px</dimen>
<dimen name="layout_x_78">125.0px</dimen>
<dimen name="layout_x_79">127.0px</dimen>
<dimen name="layout_x_80">128.0px</dimen>
<dimen name="layout_x_81">130.0px</dimen>
<dimen name="layout_x_82">131.0px</dimen>
<dimen name="layout_x_83">133.0px</dimen>
<dimen name="layout_x_84">135.0px</dimen>
<dimen name="layout_x_85">136.0px</dimen>
<dimen name="layout_x_86">138.0px</dimen>
<dimen name="layout_x_87">139.0px</dimen>
<dimen name="layout_x_88">141.0px</dimen>
<dimen name="layout_x_89">143.0px</dimen>
<dimen name="layout_x_90">144.0px</dimen>
<dimen name="layout_x_91">146.0px</dimen>
<dimen name="layout_x_92">147.0px</dimen>
<dimen name="layout_x_93">149.0px</dimen>
<dimen name="layout_x_94">151.0px</dimen>
<dimen name="layout_x_95">152.0px</dimen>
<dimen name="layout_x_96">154.0px</dimen>
<dimen name="layout_x_97">155.0px</dimen>
<dimen name="layout_x_98">157.0px</dimen>
<dimen name="layout_x_99">159.0px</dimen>
<dimen name="layout_x_100">160.0px</dimen>
<dimen name="layout_x_101">162.0px</dimen>
<dimen name="layout_x_102">164.0px</dimen>
<dimen name="layout_x_103">165.0px</dimen>
<dimen name="layout_x_104">167.0px</dimen>
<dimen name="layout_x_105">168.0px</dimen>
<dimen name="layout_x_106">170.0px</dimen>
<dimen name="layout_x_107">172.0px</dimen>
<dimen name="layout_x_108">173.0px</dimen>
<dimen name="layout_x_109">175.0px</dimen>
<dimen name="layout_x_110">176.0px</dimen>
<dimen name="layout_x_111">178.0px</dimen>
<dimen name="layout_x_112">180.0px</dimen>
<dimen name="layout_x_113">181.0px</dimen>
<dimen name="layout_x_114">183.0px</dimen>
<dimen name="layout_x_115">184.0px</dimen>
<dimen name="layout_x_116">186.0px</dimen>
<dimen name="layout_x_117">188.0px</dimen>
<dimen name="layout_x_118">189.0px</dimen>
<dimen name="layout_x_119">191.0px</dimen>
<dimen name="layout_x_120">192.0px</dimen>
<dimen name="layout_x_121">194.0px</dimen>
<dimen name="layout_x_122">196.0px</dimen>
<dimen name="layout_x_123">197.0px</dimen>
<dimen name="layout_x_124">199.0px</dimen>
<dimen name="layout_x_125">201.0px</dimen>
<dimen name="layout_x_126">202.0px</dimen>
<dimen name="layout_x_127">204.0px</dimen>
<dimen name="layout_x_128">205.0px</dimen>
<dimen name="layout_x_129">207.0px</dimen>
<dimen name="layout_x_130">209.0px</dimen>
<dimen name="layout_x_131">210.0px</dimen>
<dimen name="layout_x_132">212.0px</dimen>
<dimen name="layout_x_133">213.0px</dimen>
<dimen name="layout_x_134">215.0px</dimen>
<dimen name="layout_x_135">217.0px</dimen>
<dimen name="layout_x_136">218.0px</dimen>
<dimen name="layout_x_137">220.0px</dimen>
<dimen name="layout_x_138">221.0px</dimen>
<dimen name="layout_x_139">223.0px</dimen>
<dimen name="layout_x_140">225.0px</dimen>
<dimen name="layout_x_141">226.0px</dimen>
<dimen name="layout_x_142">228.0px</dimen>
<dimen name="layout_x_143">229.0px</dimen>
<dimen name="layout_x_144">231.0px</dimen>
<dimen name="layout_x_145">233.0px</dimen>
<dimen name="layout_x_146">234.0px</dimen>
<dimen name="layout_x_147">236.0px</dimen>
<dimen name="layout_x_148">237.0px</dimen>
<dimen name="layout_x_149">239.0px</dimen>
<dimen name="layout_x_150">241.0px</dimen>
<dimen name="layout_x_151">242.0px</dimen>
<dimen name="layout_x_152">244.0px</dimen>
<dimen name="layout_x_153">246.0px</dimen>
<dimen name="layout_x_154">247.0px</dimen>
<dimen name="layout_x_155">249.0px</dimen>
<dimen name="layout_x_156">250.0px</dimen>
<dimen name="layout_x_157">252.0px</dimen>
<dimen name="layout_x_158">254.0px</dimen>
<dimen name="layout_x_159">255.0px</dimen>
<dimen name="layout_x_160">257.0px</dimen>
<dimen name="layout_x_161">258.0px</dimen>
<dimen name="layout_x_162">260.0px</dimen>
<dimen name="layout_x_163">262.0px</dimen>
<dimen name="layout_x_164">263.0px</dimen>
<dimen name="layout_x_165">265.0px</dimen>
<dimen name="layout_x_166">266.0px</dimen>
<dimen name="layout_x_167">268.0px</dimen>
<dimen name="layout_x_168">270.0px</dimen>
<dimen name="layout_x_169">271.0px</dimen>
<dimen name="layout_x_170">273.0px</dimen>
<dimen name="layout_x_171">274.0px</dimen>
<dimen name="layout_x_172">276.0px</dimen>
<dimen name="layout_x_173">278.0px</dimen>
<dimen name="layout_x_174">279.0px</dimen>
<dimen name="layout_x_175">281.0px</dimen>
<dimen name="layout_x_176">283.0px</dimen>
<dimen name="layout_x_177">284.0px</dimen>
<dimen name="layout_x_178">286.0px</dimen>
<dimen name="layout_x_179">287.0px</dimen>
<dimen name="layout_x_180">289.0px</dimen>
<dimen name="layout_x_181">291.0px</dimen>
<dimen name="layout_x_182">292.0px</dimen>
<dimen name="layout_x_183">294.0px</dimen>
<dimen name="layout_x_184">295.0px</dimen>
<dimen name="layout_x_185">297.0px</dimen>
<dimen name="layout_x_186">299.0px</dimen>
<dimen name="layout_x_187">300.0px</dimen>
<dimen name="layout_x_188">302.0px</dimen>
<dimen name="layout_x_189">303.0px</dimen>
<dimen name="layout_x_190">305.0px</dimen>
<dimen name="layout_x_191">307.0px</dimen>
<dimen name="layout_x_192">308.0px</dimen>
<dimen name="layout_x_193">310.0px</dimen>
<dimen name="layout_x_194">311.0px</dimen>
<dimen name="layout_x_195">313.0px</dimen>
<dimen name="layout_x_196">315.0px</dimen>
<dimen name="layout_x_197">316.0px</dimen>
<dimen name="layout_x_198">318.0px</dimen>
<dimen name="layout_x_199">319.0px</dimen>
<dimen name="layout_x_200">321.0px</dimen>
<dimen name="layout_x_201">323.0px</dimen>
<dimen name="layout_x_202">324.0px</dimen>
<dimen name="layout_x_203">326.0px</dimen>
<dimen name="layout_x_204">328.0px</dimen>
<dimen name="layout_x_205">329.0px</dimen>
<dimen name="layout_x_206">331.0px</dimen>
<dimen name="layout_x_207">332.0px</dimen>
<dimen name="layout_x_208">334.0px</dimen>
<dimen name="layout_x_209">336.0px</dimen>
<dimen name="layout_x_210">337.0px</dimen>
<dimen name="layout_x_211">339.0px</dimen>
<dimen name="layout_x_212">340.0px</dimen>
<dimen name="layout_x_213">342.0px</dimen>
<dimen name="layout_x_214">344.0px</dimen>
<dimen name="layout_x_215">345.0px</dimen>
<dimen name="layout_x_216">347.0px</dimen>
<dimen name="layout_x_217">348.0px</dimen>
<dimen name="layout_x_218">350.0px</dimen>
<dimen name="layout_x_219">352.0px</dimen>
<dimen name="layout_x_220">353.0px</dimen>
<dimen name="layout_x_221">355.0px</dimen>
<dimen name="layout_x_222">356.0px</dimen>
<dimen name="layout_x_223">358.0px</dimen>
<dimen name="layout_x_224">360.0px</dimen>
<dimen name="layout_x_225">361.0px</dimen>
<dimen name="layout_x_226">363.0px</dimen>
<dimen name="layout_x_227">365.0px</dimen>
<dimen name="layout_x_228">366.0px</dimen>
<dimen name="layout_x_229">368.0px</dimen>
<dimen name="layout_x_230">369.0px</dimen>
<dimen name="layout_x_231">371.0px</dimen>
<dimen name="layout_x_232">373.0px</dimen>
<dimen name="layout_x_233">374.0px</dimen>
<dimen name="layout_x_234">376.0px</dimen>
<dimen name="layout_x_235">377.0px</dimen>
<dimen name="layout_x_236">379.0px</dimen>
<dimen name="layout_x_237">381.0px</dimen>
<dimen name="layout_x_238">382.0px</dimen>
<dimen name="layout_x_239">384.0px</dimen>
<dimen name="layout_x_240">385.0px</dimen>
<dimen name="layout_x_241">387.0px</dimen>
<dimen name="layout_x_242">389.0px</dimen>
<dimen name="layout_x_243">390.0px</dimen>
<dimen name="layout_x_244">392.0px</dimen>
<dimen name="layout_x_245">393.0px</dimen>
<dimen name="layout_x_246">395.0px</dimen>
<dimen name="layout_x_247">397.0px</dimen>
<dimen name="layout_x_248">398.0px</dimen>
<dimen name="layout_x_249">400.0px</dimen>
<dimen name="layout_x_250">402.0px</dimen>
<dimen name="layout_x_251">403.0px</dimen>
<dimen name="layout_x_252">405.0px</dimen>
<dimen name="layout_x_253">406.0px</dimen>
<dimen name="layout_x_254">408.0px</dimen>
<dimen name="layout_x_255">410.0px</dimen>
<dimen name="layout_x_256">411.0px</dimen>
<dimen name="layout_x_257">413.0px</dimen>
<dimen name="layout_x_258">414.0px</dimen>
<dimen name="layout_x_259">416.0px</dimen>
<dimen name="layout_x_260">418.0px</dimen>
<dimen name="layout_x_261">419.0px</dimen>
<dimen name="layout_x_262">421.0px</dimen>
<dimen name="layout_x_263">422.0px</dimen>
<dimen name="layout_x_264">424.0px</dimen>
<dimen name="layout_x_265">426.0px</dimen>
<dimen name="layout_x_266">427.0px</dimen>
<dimen name="layout_x_267">429.0px</dimen>
<dimen name="layout_x_268">430.0px</dimen>
<dimen name="layout_x_269">432.0px</dimen>
<dimen name="layout_x_270">434.0px</dimen>
<dimen name="layout_x_271">435.0px</dimen>
<dimen name="layout_x_272">437.0px</dimen>
<dimen name="layout_x_273">438.0px</dimen>
<dimen name="layout_x_274">440.0px</dimen>
<dimen name="layout_x_275">442.0px</dimen>
<dimen name="layout_x_276">443.0px</dimen>
<dimen name="layout_x_277">445.0px</dimen>
<dimen name="layout_x_278">447.0px</dimen>
<dimen name="layout_x_279">448.0px</dimen>
<dimen name="layout_x_280">450.0px</dimen>
<dimen name="layout_x_281">451.0px</dimen>
<dimen name="layout_x_282">453.0px</dimen>
<dimen name="layout_x_283">455.0px</dimen>
<dimen name="layout_x_284">456.0px</dimen>
<dimen name="layout_x_285">458.0px</dimen>
<dimen name="layout_x_286">459.0px</dimen>
<dimen name="layout_x_287">461.0px</dimen>
<dimen name="layout_x_288">463.0px</dimen>
<dimen name="layout_x_289">464.0px</dimen>
<dimen name="layout_x_290">466.0px</dimen>
<dimen name="layout_x_291">467.0px</dimen>
<dimen name="layout_x_292">469.0px</dimen>
<dimen name="layout_x_293">471.0px</dimen>
<dimen name="layout_x_294">472.0px</dimen>
<dimen name="layout_x_295">474.0px</dimen>
<dimen name="layout_x_296">475.0px</dimen>
<dimen name="layout_x_297">477.0px</dimen>
<dimen name="layout_x_298">479.0px</dimen>
<dimen name="layout_x_299">480.0px</dimen>
<dimen name="layout_x_300">482.0px</dimen>
<dimen name="layout_x_301">484.0px</dimen>
<dimen name="layout_x_302">485.0px</dimen>
<dimen name="layout_x_303">487.0px</dimen>
<dimen name="layout_x_304">488.0px</dimen>
<dimen name="layout_x_305">490.0px</dimen>
<dimen name="layout_x_306">492.0px</dimen>
<dimen name="layout_x_307">493.0px</dimen>
<dimen name="layout_x_308">495.0px</dimen>
<dimen name="layout_x_309">496.0px</dimen>
<dimen name="layout_x_310">498.0px</dimen>
<dimen name="layout_x_311">500.0px</dimen>
<dimen name="layout_x_312">501.0px</dimen>
<dimen name="layout_x_313">503.0px</dimen>
<dimen name="layout_x_314">504.0px</dimen>
<dimen name="layout_x_315">506.0px</dimen>
<dimen name="layout_x_316">508.0px</dimen>
<dimen name="layout_x_317">509.0px</dimen>
<dimen name="layout_x_318">511.0px</dimen>
<dimen name="layout_x_319">512.0px</dimen>
<dimen name="layout_x_320">514.0px</dimen>
<dimen name="layout_x_321">516.0px</dimen>
<dimen name="layout_x_322">517.0px</dimen>
<dimen name="layout_x_323">519.0px</dimen>
<dimen name="layout_x_324">520.0px</dimen>
<dimen name="layout_x_325">522.0px</dimen>
<dimen name="layout_x_326">524.0px</dimen>
<dimen name="layout_x_327">525.0px</dimen>
<dimen name="layout_x_328">527.0px</dimen>
<dimen name="layout_x_329">529.0px</dimen>
<dimen name="layout_x_330">530.0px</dimen>
<dimen name="layout_x_331">532.0px</dimen>
<dimen name="layout_x_332">533.0px</dimen>
<dimen name="layout_x_333">535.0px</dimen>
<dimen name="layout_x_334">537.0px</dimen>
<dimen name="layout_x_335">538.0px</dimen>
<dimen name="layout_x_336">540.0px</dimen>
<dimen name="layout_x_337">541.0px</dimen>
<dimen name="layout_x_338">543.0px</dimen>
<dimen name="layout_x_339">545.0px</dimen>
<dimen name="layout_x_340">546.0px</dimen>
<dimen name="layout_x_341">548.0px</dimen>
<dimen name="layout_x_342">549.0px</dimen>
<dimen name="layout_x_343">551.0px</dimen>
<dimen name="layout_x_344">553.0px</dimen>
<dimen name="layout_x_345">554.0px</dimen>
<dimen name="layout_x_346">556.0px</dimen>
<dimen name="layout_x_347">557.0px</dimen>
<dimen name="layout_x_348">559.0px</dimen>
<dimen name="layout_x_349">561.0px</dimen>
<dimen name="layout_x_350">562.0px</dimen>
<dimen name="layout_x_351">564.0px</dimen>
<dimen name="layout_x_352">566.0px</dimen>
<dimen name="layout_x_353">567.0px</dimen>
<dimen name="layout_x_354">569.0px</dimen>
<dimen name="layout_x_355">570.0px</dimen>
<dimen name="layout_x_356">572.0px</dimen>
<dimen name="layout_x_357">574.0px</dimen>
<dimen name="layout_x_358">575.0px</dimen>
<dimen name="layout_x_359">577.0px</dimen>
<dimen name="layout_x_360">578.0px</dimen>
<dimen name="layout_x_361">580.0px</dimen>
<dimen name="layout_x_362">582.0px</dimen>
<dimen name="layout_x_363">583.0px</dimen>
<dimen name="layout_x_364">585.0px</dimen>
<dimen name="layout_x_365">586.0px</dimen>
<dimen name="layout_x_366">588.0px</dimen>
<dimen name="layout_x_367">590.0px</dimen>
<dimen name="layout_x_368">591.0px</dimen>
<dimen name="layout_x_369">593.0px</dimen>
<dimen name="layout_x_370">594.0px</dimen>
<dimen name="layout_x_371">596.0px</dimen>
<dimen name="layout_x_372">598.0px</dimen>
<dimen name="layout_x_373">599.0px</dimen>
<dimen name="layout_x_374">601.0px</dimen>
<dimen name="layout_x_375">603.0px</dimen>
<dimen name="layout_x_376">604.0px</dimen>
<dimen name="layout_x_377">606.0px</dimen>
<dimen name="layout_x_378">607.0px</dimen>
<dimen name="layout_x_379">609.0px</dimen>
<dimen name="layout_x_380">611.0px</dimen>
<dimen name="layout_x_381">612.0px</dimen>
<dimen name="layout_x_382">614.0px</dimen>
<dimen name="layout_x_383">615.0px</dimen>
<dimen name="layout_x_384">617.0px</dimen>
<dimen name="layout_x_385">619.0px</dimen>
<dimen name="layout_x_386">620.0px</dimen>
<dimen name="layout_x_387">622.0px</dimen>
<dimen name="layout_x_388">623.0px</dimen>
<dimen name="layout_x_389">625.0px</dimen>
<dimen name="layout_x_390">627.0px</dimen>
<dimen name="layout_x_391">628.0px</dimen>
<dimen name="layout_x_392">630.0px</dimen>
<dimen name="layout_x_393">631.0px</dimen>
<dimen name="layout_x_394">633.0px</dimen>
<dimen name="layout_x_395">635.0px</dimen>
<dimen name="layout_x_396">636.0px</dimen>
<dimen name="layout_x_397">638.0px</dimen>
<dimen name="layout_x_398">639.0px</dimen>
<dimen name="layout_x_399">641.0px</dimen>
<dimen name="layout_x_400">643.0px</dimen>
<dimen name="layout_x_401">644.0px</dimen>
<dimen name="layout_x_402">646.0px</dimen>
<dimen name="layout_x_403">648.0px</dimen>
<dimen name="layout_x_404">649.0px</dimen>
<dimen name="layout_x_405">651.0px</dimen>
<dimen name="layout_x_406">652.0px</dimen>
<dimen name="layout_x_407">654.0px</dimen>
<dimen name="layout_x_408">656.0px</dimen>
<dimen name="layout_x_409">657.0px</dimen>
<dimen name="layout_x_410">659.0px</dimen>
<dimen name="layout_x_411">660.0px</dimen>
<dimen name="layout_x_412">662.0px</dimen>
<dimen name="layout_x_413">664.0px</dimen>
<dimen name="layout_x_414">665.0px</dimen>
<dimen name="layout_x_415">667.0px</dimen>
<dimen name="layout_x_416">668.0px</dimen>
<dimen name="layout_x_417">670.0px</dimen>
<dimen name="layout_x_418">672.0px</dimen>
<dimen name="layout_x_419">673.0px</dimen>
<dimen name="layout_x_420">675.0px</dimen>
<dimen name="layout_x_421">676.0px</dimen>
<dimen name="layout_x_422">678.0px</dimen>
<dimen name="layout_x_423">680.0px</dimen>
<dimen name="layout_x_424">681.0px</dimen>
<dimen name="layout_x_425">683.0px</dimen>
<dimen name="layout_x_426">685.0px</dimen>
<dimen name="layout_x_427">686.0px</dimen>
<dimen name="layout_x_428">688.0px</dimen>
<dimen name="layout_x_429">689.0px</dimen>
<dimen name="layout_x_430">691.0px</dimen>
<dimen name="layout_x_431">693.0px</dimen>
<dimen name="layout_x_432">694.0px</dimen>
<dimen name="layout_x_433">696.0px</dimen>
<dimen name="layout_x_434">697.0px</dimen>
<dimen name="layout_x_435">699.0px</dimen>
<dimen name="layout_x_436">701.0px</dimen>
<dimen name="layout_x_437">702.0px</dimen>
<dimen name="layout_x_438">704.0px</dimen>
<dimen name="layout_x_439">705.0px</dimen>
<dimen name="layout_x_440">707.0px</dimen>
<dimen name="layout_x_441">709.0px</dimen>
<dimen name="layout_x_442">710.0px</dimen>
<dimen name="layout_x_443">712.0px</dimen>
<dimen name="layout_x_444">713.0px</dimen>
<dimen name="layout_x_445">715.0px</dimen>
<dimen name="layout_x_446">717.0px</dimen>
<dimen name="layout_x_447">718.0px</dimen>
<dimen name="layout_x_448">720.0px</dimen>
<dimen name="layout_x_449">721.0px</dimen>
<dimen name="layout_x_450">723.0px</dimen>
<dimen name="layout_x_451">725.0px</dimen>
<dimen name="layout_x_452">726.0px</dimen>
<dimen name="layout_x_453">728.0px</dimen>
<dimen name="layout_x_454">730.0px</dimen>
<dimen name="layout_x_455">731.0px</dimen>
<dimen name="layout_x_456">733.0px</dimen>
<dimen name="layout_x_457">734.0px</dimen>
<dimen name="layout_x_458">736.0px</dimen>
<dimen name="layout_x_459">738.0px</dimen>
<dimen name="layout_x_460">739.0px</dimen>
<dimen name="layout_x_461">741.0px</dimen>
<dimen name="layout_x_462">742.0px</dimen>
<dimen name="layout_x_463">744.0px</dimen>
<dimen name="layout_x_464">746.0px</dimen>
<dimen name="layout_x_465">747.0px</dimen>
<dimen name="layout_x_466">749.0px</dimen>
<dimen name="layout_x_467">750.0px</dimen>
<dimen name="layout_x_468">752.0px</dimen>
<dimen name="layout_x_469">754.0px</dimen>
<dimen name="layout_x_470">755.0px</dimen>
<dimen name="layout_x_471">757.0px</dimen>
<dimen name="layout_x_472">758.0px</dimen>
<dimen name="layout_x_473">760.0px</dimen>
<dimen name="layout_x_474">762.0px</dimen>
<dimen name="layout_x_475">763.0px</dimen>
<dimen name="layout_x_476">765.0px</dimen>
<dimen name="layout_x_477">767.0px</dimen>
<dimen name="layout_x_478">768.0px</dimen>
<dimen name="layout_x_479">770.0px</dimen>
<dimen name="layout_x_480">768px</dimen>
</resources>